dataset,classifier,vocab_size,seed,cv_strategy,fold,accuracy,balanced_accuracy,macro_f1,kappa,auc_roc
bci_iv_2a,BPE_Hist_LogReg,4096,42,LOSO,0,0.2690972222222222,0.2690972222222222,0.2543590088882864,0.0254629629629629,0.5397497106481481
bci_iv_2a,BPE_Hist_LogReg,4096,42,LOSO,1,0.2604166666666667,0.2604166666666667,0.2374291098429029,0.0138888888888888,0.5183497299382716
bci_iv_2a,BPE_Hist_LogReg,4096,42,LOSO,2,0.2829861111111111,0.2829861111111111,0.2822417116617399,0.0439814814814815,0.5589232896090535
bci_iv_2a,BPE_Hist_LogReg,4096,42,LOSO,3,0.2916666666666667,0.2916666666666667,0.2877949539963754,0.0555555555555555,0.5579527552726338
bci_iv_2a,BPE_Hist_LogReg,4096,42,LOSO,4,0.2447916666666666,0.2447916666666666,0.2268061358161313,-0.0069444444444444,0.4933248135288066
bci_iv_2a,BPE_Hist_LogReg,4096,42,LOSO,5,0.2690972222222222,0.2690972222222222,0.2199113563104389,0.0254629629629629,0.5243497620884774
bci_iv_2a,BPE_Hist_LogReg,4096,42,LOSO,6,0.2708333333333333,0.2708333333333333,0.2575635102023851,0.0277777777777777,0.5431134259259259
bci_iv_2a,BPE_Hist_LogReg,4096,42,LOSO,7,0.2951388888888889,0.2951388888888889,0.2820443238209107,0.0601851851851852,0.5518864133230452
bci_iv_2a,BPE_Hist_LogReg,4096,42,LOSO,8,0.2361111111111111,0.2361111111111111,0.1114823998367194,-0.0185185185185186,0.5164488490226338
bci_iv_2a,BPE_Hist_LogReg,4096,123,LOSO,0,0.2708333333333333,0.2708333333333333,0.255815555558727,0.0277777777777777,0.5397497106481481
bci_iv_2a,BPE_Hist_LogReg,4096,123,LOSO,1,0.2690972222222222,0.2690972222222222,0.2431990008098432,0.0254629629629629,0.5183497299382716
bci_iv_2a,BPE_Hist_LogReg,4096,123,LOSO,2,0.28125,0.28125,0.281941151841825,0.0416666666666666,0.5589674961419753
bci_iv_2a,BPE_Hist_LogReg,4096,123,LOSO,3,0.2951388888888889,0.2951388888888889,0.290853076364379,0.0601851851851852,0.5579226144547326
bci_iv_2a,BPE_Hist_LogReg,4096,123,LOSO,4,0.2447916666666666,0.2447916666666666,0.2274194519769158,-0.0069444444444444,0.4933047196502058
bci_iv_2a,BPE_Hist_LogReg,4096,123,LOSO,5,0.2638888888888889,0.2638888888888889,0.208361113988874,0.0185185185185184,0.5244140625
bci_iv_2a,BPE_Hist_LogReg,4096,123,LOSO,6,0.265625,0.265625,0.2484069466093706,0.0208333333333333,0.5431676793981481
bci_iv_2a,BPE_Hist_LogReg,4096,123,LOSO,7,0.296875,0.296875,0.2818252259972377,0.0625,0.5518984696502057
bci_iv_2a,BPE_Hist_LogReg,4096,123,LOSO,8,0.2378472222222222,0.2378472222222222,0.1148724197777039,-0.0162037037037037,0.5163845486111112
bci_iv_2a,BPE_Hist_LogReg,4096,456,LOSO,0,0.2690972222222222,0.2690972222222222,0.2543366628578489,0.0254629629629629,0.5397416730967078
bci_iv_2a,BPE_Hist_LogReg,4096,456,LOSO,1,0.2708333333333333,0.2708333333333333,0.2462738896967814,0.0277777777777777,0.5184100115740742
bci_iv_2a,BPE_Hist_LogReg,4096,456,LOSO,2,0.2829861111111111,0.2829861111111111,0.2837881019080394,0.0439814814814815,0.5590277777777778
bci_iv_2a,BPE_Hist_LogReg,4096,456,LOSO,3,0.2899305555555556,0.2899305555555556,0.2844953307813035,0.0532407407407407,0.5578743891460907
bci_iv_2a,BPE_Hist_LogReg,4096,456,LOSO,4,0.2447916666666666,0.2447916666666666,0.2287665831074826,-0.0069444444444444,0.493385095164609
bci_iv_2a,BPE_Hist_LogReg,4096,456,LOSO,5,0.2743055555555556,0.2743055555555556,0.2242560538829195,0.0324074074074074,0.5244100437242798
bci_iv_2a,BPE_Hist_LogReg,4096,456,LOSO,6,0.2690972222222222,0.2690972222222222,0.24835070101011,0.0254629629629629,0.5430209940843622
bci_iv_2a,BPE_Hist_LogReg,4096,456,LOSO,7,0.2986111111111111,0.2986111111111111,0.2843285403861449,0.0648148148148147,0.5518743569958848
bci_iv_2a,BPE_Hist_LogReg,4096,456,LOSO,8,0.2361111111111111,0.2361111111111111,0.1115624657774273,-0.0185185185185186,0.5163785204475309
bci_iv_2a,BPE_Hist_LogReg,4096,789,LOSO,0,0.2690972222222222,0.2690972222222222,0.2543872121103185,0.0254629629629629,0.5397577481995885
bci_iv_2a,BPE_Hist_LogReg,4096,789,LOSO,1,0.265625,0.265625,0.2399849056053435,0.0208333333333333,0.5183738425925927
bci_iv_2a,BPE_Hist_LogReg,4096,789,LOSO,2,0.2829861111111111,0.2829861111111111,0.2842793439695399,0.0439814814814815,0.5590117026748971
bci_iv_2a,BPE_Hist_LogReg,4096,789,LOSO,3,0.2951388888888889,0.2951388888888888,0.2893423286966901,0.0601851851851852,0.5578904642489712
bci_iv_2a,BPE_Hist_LogReg,4096,789,LOSO,4,0.2465277777777778,0.2465277777777777,0.2295166346096928,-0.0046296296296295,0.4932926633230452
bci_iv_2a,BPE_Hist_LogReg,4096,789,LOSO,5,0.2690972222222222,0.2690972222222222,0.2168312880330424,0.0254629629629629,0.5244261188271604
bci_iv_2a,BPE_Hist_LogReg,4096,789,LOSO,6,0.2690972222222222,0.2690972222222222,0.2541216533692366,0.0254629629629629,0.5431254822530864
bci_iv_2a,BPE_Hist_LogReg,4096,789,LOSO,7,0.296875,0.296875,0.2835392908977815,0.0625,0.5520109953703703
bci_iv_2a,BPE_Hist_LogReg,4096,789,LOSO,8,0.2413194444444444,0.2413194444444444,0.1201357421698232,-0.0115740740740741,0.5164006237139918
bci_iv_2a,BPE_Hist_LogReg,4096,2024,LOSO,0,0.2725694444444444,0.2725694444444444,0.2572533468136916,0.0300925925925925,0.5397979359567902
bci_iv_2a,BPE_Hist_LogReg,4096,2024,LOSO,1,0.2708333333333333,0.2708333333333333,0.2462738896967814,0.0277777777777777,0.5183838895318931
bci_iv_2a,BPE_Hist_LogReg,4096,2024,LOSO,2,0.28125,0.28125,0.2811063909132122,0.0416666666666666,0.5589916087962963
bci_iv_2a,BPE_Hist_LogReg,4096,2024,LOSO,3,0.2951388888888889,0.2951388888888889,0.2903736649459796,0.0601851851851852,0.5578703703703703
bci_iv_2a,BPE_Hist_LogReg,4096,2024,LOSO,4,0.2447916666666666,0.2447916666666666,0.2268061358161313,-0.0069444444444444,0.4933047196502058
bci_iv_2a,BPE_Hist_LogReg,4096,2024,LOSO,5,0.2690972222222222,0.2690972222222222,0.2157709764737735,0.0254629629629629,0.5243979873971194
bci_iv_2a,BPE_Hist_LogReg,4096,2024,LOSO,6,0.2708333333333333,0.2708333333333333,0.2564470261987715,0.0277777777777777,0.5431174447016461
bci_iv_2a,BPE_Hist_LogReg,4096,2024,LOSO,7,0.2986111111111111,0.2986111111111111,0.2846880090029822,0.0648148148148147,0.5519507137345679
bci_iv_2a,BPE_Hist_LogReg,4096,2024,LOSO,8,0.2361111111111111,0.2361111111111111,0.1115624657774273,-0.0185185185185186,0.5163885673868313
bci_iv_2a,BPE_Hist_RF,4096,42,LOSO,0,0.25,0.25,0.2506608929696473,0.0,0.5075311856995884
bci_iv_2a,BPE_Hist_RF,4096,42,LOSO,1,0.2604166666666667,0.2604166666666667,0.2592339714589583,0.0138888888888888,0.5089056069958847
bci_iv_2a,BPE_Hist_RF,4096,42,LOSO,2,0.234375,0.234375,0.2345499753929845,-0.0208333333333332,0.5006430041152263
bci_iv_2a,BPE_Hist_RF,4096,42,LOSO,3,0.234375,0.234375,0.2335155772265532,-0.0208333333333332,0.5048787937242799
bci_iv_2a,BPE_Hist_RF,4096,42,LOSO,4,0.265625,0.2656249999999999,0.2660929320936013,0.0208333333333333,0.5113570601851852
bci_iv_2a,BPE_Hist_RF,4096,42,LOSO,5,0.2743055555555556,0.2743055555555556,0.273026894449072,0.0324074074074074,0.517578125
bci_iv_2a,BPE_Hist_RF,4096,42,LOSO,6,0.2152777777777778,0.2152777777777778,0.2147521421154696,-0.0462962962962962,0.522850758744856
bci_iv_2a,BPE_Hist_RF,4096,42,LOSO,7,0.2604166666666667,0.2604166666666667,0.2598096277142444,0.0138888888888888,0.5064340599279835
bci_iv_2a,BPE_Hist_RF,4096,42,LOSO,8,0.2309027777777778,0.2309027777777777,0.2254736518391719,-0.025462962962963,0.4996021412037036
bci_iv_2a,BPE_Hist_RF,4096,123,LOSO,0,0.25,0.25,0.2506608929696473,0.0,0.5075311856995884
bci_iv_2a,BPE_Hist_RF,4096,123,LOSO,1,0.2604166666666667,0.2604166666666667,0.2592339714589583,0.0138888888888888,0.5089056069958847
bci_iv_2a,BPE_Hist_RF,4096,123,LOSO,2,0.234375,0.234375,0.2345499753929845,-0.0208333333333332,0.5006430041152263
bci_iv_2a,BPE_Hist_RF,4096,123,LOSO,3,0.234375,0.234375,0.2335155772265532,-0.0208333333333332,0.5048787937242799
bci_iv_2a,BPE_Hist_RF,4096,123,LOSO,4,0.265625,0.2656249999999999,0.2660929320936013,0.0208333333333333,0.5113570601851852
bci_iv_2a,BPE_Hist_RF,4096,123,LOSO,5,0.2743055555555556,0.2743055555555556,0.273026894449072,0.0324074074074074,0.517578125
bci_iv_2a,BPE_Hist_RF,4096,123,LOSO,6,0.2152777777777778,0.2152777777777778,0.2147521421154696,-0.0462962962962962,0.522850758744856
bci_iv_2a,BPE_Hist_RF,4096,123,LOSO,7,0.2604166666666667,0.2604166666666667,0.2598096277142444,0.0138888888888888,0.5064340599279835
bci_iv_2a,BPE_Hist_RF,4096,123,LOSO,8,0.2309027777777778,0.2309027777777777,0.2254736518391719,-0.025462962962963,0.4996021412037036
bci_iv_2a,BPE_Hist_RF,4096,456,LOSO,0,0.25,0.25,0.2506608929696473,0.0,0.5075311856995884
bci_iv_2a,BPE_Hist_RF,4096,456,LOSO,1,0.2604166666666667,0.2604166666666667,0.2592339714589583,0.0138888888888888,0.5089056069958847
bci_iv_2a,BPE_Hist_RF,4096,456,LOSO,2,0.234375,0.234375,0.2345499753929845,-0.0208333333333332,0.5006430041152263
bci_iv_2a,BPE_Hist_RF,4096,456,LOSO,3,0.234375,0.234375,0.2335155772265532,-0.0208333333333332,0.5048787937242799
bci_iv_2a,BPE_Hist_RF,4096,456,LOSO,4,0.265625,0.2656249999999999,0.2660929320936013,0.0208333333333333,0.5113570601851852
bci_iv_2a,BPE_Hist_RF,4096,456,LOSO,5,0.2743055555555556,0.2743055555555556,0.273026894449072,0.0324074074074074,0.517578125
bci_iv_2a,BPE_Hist_RF,4096,456,LOSO,6,0.2152777777777778,0.2152777777777778,0.2147521421154696,-0.0462962962962962,0.522850758744856
bci_iv_2a,BPE_Hist_RF,4096,456,LOSO,7,0.2604166666666667,0.2604166666666667,0.2598096277142444,0.0138888888888888,0.5064340599279835
bci_iv_2a,BPE_Hist_RF,4096,456,LOSO,8,0.2309027777777778,0.2309027777777777,0.2254736518391719,-0.025462962962963,0.4996021412037036
bci_iv_2a,BPE_Hist_RF,4096,789,LOSO,0,0.25,0.25,0.2506608929696473,0.0,0.5075311856995884
bci_iv_2a,BPE_Hist_RF,4096,789,LOSO,1,0.2604166666666667,0.2604166666666667,0.2592339714589583,0.0138888888888888,0.5089056069958847
bci_iv_2a,BPE_Hist_RF,4096,789,LOSO,2,0.234375,0.234375,0.2345499753929845,-0.0208333333333332,0.5006430041152263
bci_iv_2a,BPE_Hist_RF,4096,789,LOSO,3,0.234375,0.234375,0.2335155772265532,-0.0208333333333332,0.5048787937242799
bci_iv_2a,BPE_Hist_RF,4096,789,LOSO,4,0.265625,0.2656249999999999,0.2660929320936013,0.0208333333333333,0.5113570601851852
bci_iv_2a,BPE_Hist_RF,4096,789,LOSO,5,0.2743055555555556,0.2743055555555556,0.273026894449072,0.0324074074074074,0.517578125
bci_iv_2a,BPE_Hist_RF,4096,789,LOSO,6,0.2152777777777778,0.2152777777777778,0.2147521421154696,-0.0462962962962962,0.522850758744856
bci_iv_2a,BPE_Hist_RF,4096,789,LOSO,7,0.2604166666666667,0.2604166666666667,0.2598096277142444,0.0138888888888888,0.5064340599279835
bci_iv_2a,BPE_Hist_RF,4096,789,LOSO,8,0.2309027777777778,0.2309027777777777,0.2254736518391719,-0.025462962962963,0.4996021412037036
bci_iv_2a,BPE_Hist_RF,4096,2024,LOSO,0,0.25,0.25,0.2506608929696473,0.0,0.5075311856995884
bci_iv_2a,BPE_Hist_RF,4096,2024,LOSO,1,0.2604166666666667,0.2604166666666667,0.2592339714589583,0.0138888888888888,0.5089056069958847
bci_iv_2a,BPE_Hist_RF,4096,2024,LOSO,2,0.234375,0.234375,0.2345499753929845,-0.0208333333333332,0.5006430041152263
bci_iv_2a,BPE_Hist_RF,4096,2024,LOSO,3,0.234375,0.234375,0.2335155772265532,-0.0208333333333332,0.5048787937242799
bci_iv_2a,BPE_Hist_RF,4096,2024,LOSO,4,0.265625,0.2656249999999999,0.2660929320936013,0.0208333333333333,0.5113570601851852
bci_iv_2a,BPE_Hist_RF,4096,2024,LOSO,5,0.2743055555555556,0.2743055555555556,0.273026894449072,0.0324074074074074,0.517578125
bci_iv_2a,BPE_Hist_RF,4096,2024,LOSO,6,0.2152777777777778,0.2152777777777778,0.2147521421154696,-0.0462962962962962,0.522850758744856
bci_iv_2a,BPE_Hist_RF,4096,2024,LOSO,7,0.2604166666666667,0.2604166666666667,0.2598096277142444,0.0138888888888888,0.5064340599279835
bci_iv_2a,BPE_Hist_RF,4096,2024,LOSO,8,0.2309027777777778,0.2309027777777777,0.2254736518391719,-0.025462962962963,0.4996021412037036
bci_iv_2a,BPE_Windowed_LogReg,4096,42,LOSO,0,0.328125,0.328125,0.329319120478676,0.1041666666666666,0.5750506365740741
bci_iv_2a,BPE_Windowed_LogReg,4096,42,LOSO,1,0.25,0.25,0.2446619163438699,0.0,0.5179719650205762
bci_iv_2a,BPE_Windowed_LogReg,4096,42,LOSO,2,0.3211805555555556,0.3211805555555556,0.3204530393462274,0.0949074074074074,0.5788202481995885
bci_iv_2a,BPE_Windowed_LogReg,4096,42,LOSO,3,0.3211805555555556,0.3211805555555555,0.3178507986266607,0.0949074074074074,0.5574805491255144
bci_iv_2a,BPE_Windowed_LogReg,4096,42,LOSO,4,0.2725694444444444,0.2725694444444444,0.2630775361486017,0.0300925925925925,0.526343074845679
bci_iv_2a,BPE_Windowed_LogReg,4096,42,LOSO,5,0.2899305555555556,0.2899305555555556,0.2908333053468963,0.0532407407407407,0.5271588863168725
bci_iv_2a,BPE_Windowed_LogReg,4096,42,LOSO,6,0.3020833333333333,0.3020833333333333,0.3010136589495349,0.0694444444444444,0.5679132908950617
bci_iv_2a,BPE_Windowed_LogReg,4096,42,LOSO,7,0.3142361111111111,0.3142361111111111,0.3090703288562517,0.0856481481481481,0.5840768068415638
bci_iv_2a,BPE_Windowed_LogReg,4096,42,LOSO,8,0.3159722222222222,0.3159722222222222,0.3010426910980092,0.0879629629629629,0.5830359439300411
bci_iv_2a,BPE_Windowed_LogReg,4096,123,LOSO,0,0.3263888888888889,0.3263888888888889,0.3274395534891767,0.1018518518518518,0.5751269933127572
bci_iv_2a,BPE_Windowed_LogReg,4096,123,LOSO,1,0.25,0.25,0.2446619163438699,0.0,0.517992058899177
bci_iv_2a,BPE_Windowed_LogReg,4096,123,LOSO,2,0.3211805555555556,0.3211805555555556,0.3204530393462274,0.0949074074074074,0.5788805298353908
bci_iv_2a,BPE_Windowed_LogReg,4096,123,LOSO,3,0.3211805555555556,0.3211805555555555,0.317811017570804,0.0949074074074074,0.5574966242283951
bci_iv_2a,BPE_Windowed_LogReg,4096,123,LOSO,4,0.2743055555555556,0.2743055555555555,0.2653189202102245,0.0324074074074074,0.5263832626028806
bci_iv_2a,BPE_Windowed_LogReg,4096,123,LOSO,5,0.2899305555555556,0.2899305555555556,0.2907937515101786,0.0532407407407407,0.5271227173353908
bci_iv_2a,BPE_Windowed_LogReg,4096,123,LOSO,6,0.3038194444444444,0.3038194444444445,0.3027421853680686,0.0717592592592593,0.5679695537551439
bci_iv_2a,BPE_Windowed_LogReg,4096,123,LOSO,7,0.3142361111111111,0.3142361111111111,0.3090703288562517,0.0856481481481481,0.5840526941872428
bci_iv_2a,BPE_Windowed_LogReg,4096,123,LOSO,8,0.3194444444444444,0.3194444444444444,0.3052352341938982,0.0925925925925925,0.5829676247427984
bci_iv_2a,BPE_Windowed_LogReg,4096,456,LOSO,0,0.3246527777777778,0.3246527777777778,0.3253578228842766,0.099537037037037,0.5751872749485597
bci_iv_2a,BPE_Windowed_LogReg,4096,456,LOSO,1,0.25,0.25,0.2446619163438699,0.0,0.5179599086934157
bci_iv_2a,BPE_Windowed_LogReg,4096,456,LOSO,2,0.3194444444444444,0.3194444444444445,0.3187790990099628,0.0925925925925925,0.5788323045267489
bci_iv_2a,BPE_Windowed_LogReg,4096,456,LOSO,3,0.3211805555555556,0.3211805555555555,0.317811017570804,0.0949074074074074,0.5575488683127572
bci_iv_2a,BPE_Windowed_LogReg,4096,456,LOSO,4,0.2725694444444444,0.2725694444444444,0.263104800801466,0.0300925925925925,0.5264435442386832
bci_iv_2a,BPE_Windowed_LogReg,4096,456,LOSO,5,0.2899305555555556,0.2899305555555556,0.2908333053468963,0.0532407407407407,0.5271669238683127
bci_iv_2a,BPE_Windowed_LogReg,4096,456,LOSO,6,0.3020833333333333,0.3020833333333333,0.3011245398815049,0.0694444444444444,0.5679253472222222
bci_iv_2a,BPE_Windowed_LogReg,4096,456,LOSO,7,0.3142361111111111,0.3142361111111111,0.3090869307193322,0.0856481481481481,0.5840848443930041
bci_iv_2a,BPE_Windowed_LogReg,4096,456,LOSO,8,0.3142361111111111,0.3142361111111111,0.2989472336592174,0.0856481481481481,0.5830640753600823
bci_iv_2a,BPE_Windowed_LogReg,4096,789,LOSO,0,0.328125,0.328125,0.3290843353543796,0.1041666666666666,0.5751591435185185
bci_iv_2a,BPE_Windowed_LogReg,4096,789,LOSO,1,0.25,0.25,0.2446619163438699,0.0,0.5179719650205761
bci_iv_2a,BPE_Windowed_LogReg,4096,789,LOSO,2,0.3211805555555556,0.3211805555555556,0.3204530393462274,0.0949074074074074,0.5788242669753086
bci_iv_2a,BPE_Windowed_LogReg,4096,789,LOSO,3,0.3211805555555556,0.3211805555555555,0.317811017570804,0.0949074074074074,0.5575287744341564
bci_iv_2a,BPE_Windowed_LogReg,4096,789,LOSO,4,0.2760416666666667,0.2760416666666666,0.2672624944013443,0.0347222222222222,0.5262807838220165
bci_iv_2a,BPE_Windowed_LogReg,4096,789,LOSO,5,0.2899305555555556,0.2899305555555556,0.2907937515101786,0.0532407407407407,0.5271428112139918
bci_iv_2a,BPE_Windowed_LogReg,4096,789,LOSO,6,0.3020833333333333,0.3020833333333333,0.3010136589495349,0.0694444444444444,0.5679213284465021
bci_iv_2a,BPE_Windowed_LogReg,4096,789,LOSO,7,0.3142361111111111,0.3142361111111111,0.3090703288562517,0.0856481481481481,0.5840406378600823
bci_iv_2a,BPE_Windowed_LogReg,4096,789,LOSO,8,0.3159722222222222,0.3159722222222222,0.3010426910980092,0.0879629629629629,0.5830640753600823
bci_iv_2a,BPE_Windowed_LogReg,4096,2024,LOSO,0,0.3263888888888889,0.3263888888888889,0.3272016919710529,0.1018518518518518,0.5751189557613169
bci_iv_2a,BPE_Windowed_LogReg,4096,2024,LOSO,1,0.2517361111111111,0.2517361111111111,0.2464073149833384,0.0023148148148147,0.5179237397119341
bci_iv_2a,BPE_Windowed_LogReg,4096,2024,LOSO,2,0.3211805555555556,0.3211805555555556,0.3204530393462274,0.0949074074074074,0.5787800604423868
bci_iv_2a,BPE_Windowed_LogReg,4096,2024,LOSO,3,0.3229166666666667,0.3229166666666666,0.3196845344428727,0.0972222222222222,0.5574885866769548
bci_iv_2a,BPE_Windowed_LogReg,4096,2024,LOSO,4,0.2725694444444444,0.2725694444444444,0.2636112868365857,0.0300925925925925,0.5264274691358024
bci_iv_2a,BPE_Windowed_LogReg,4096,2024,LOSO,5,0.2899305555555556,0.2899305555555556,0.2907937515101786,0.0532407407407407,0.5271669238683127
bci_iv_2a,BPE_Windowed_LogReg,4096,2024,LOSO,6,0.3020833333333333,0.3020833333333333,0.3010136589495349,0.0694444444444444,0.5680338541666667
bci_iv_2a,BPE_Windowed_LogReg,4096,2024,LOSO,7,0.3142361111111111,0.3142361111111111,0.3090099120237266,0.0856481481481481,0.5840808256172839
bci_iv_2a,BPE_Windowed_LogReg,4096,2024,LOSO,8,0.3142361111111111,0.3142361111111111,0.2989472336592174,0.0856481481481481,0.5830520190329218
bci_iv_2a,BPE_WindowedSeq_CNN,4096,42,LOSO,0,0.3368055555555556,0.3368055555555556,0.2335301167825729,0.1157407407407407,0.5764130015432098
bci_iv_2a,BPE_WindowedSeq_CNN,4096,42,LOSO,1,0.2743055555555556,0.2743055555555556,0.2369514289040218,0.0324074074074074,0.5263109246399177
bci_iv_2a,BPE_WindowedSeq_CNN,4096,42,LOSO,2,0.3333333333333333,0.3333333333333333,0.2792217466636071,0.1111111111111111,0.6258881494341564
bci_iv_2a,BPE_WindowedSeq_CNN,4096,42,LOSO,3,0.3090277777777778,0.3090277777777778,0.260704587797797,0.0787037037037037,0.5676098733281892
bci_iv_2a,BPE_WindowedSeq_CNN,4096,42,LOSO,4,0.2934027777777778,0.2934027777777778,0.2240812682647844,0.0578703703703703,0.5169391396604939
bci_iv_2a,BPE_WindowedSeq_CNN,4096,42,LOSO,5,0.2725694444444444,0.2725694444444444,0.2351490221987793,0.0300925925925925,0.5622247138631686
bci_iv_2a,BPE_WindowedSeq_CNN,4096,42,LOSO,6,0.3107638888888889,0.3107638888888889,0.2669061238241822,0.0810185185185184,0.5588670267489713
bci_iv_2a,BPE_WindowedSeq_CNN,4096,42,LOSO,7,0.3038194444444444,0.3038194444444444,0.2352494784341007,0.0717592592592593,0.5658114711934156
bci_iv_2a,BPE_WindowedSeq_CNN,4096,42,LOSO,8,0.3524305555555556,0.3524305555555556,0.2775694408103221,0.136574074074074,0.5704812885802469
bci_iv_2a,BPE_WindowedSeq_CNN,4096,123,LOSO,0,0.3177083333333333,0.3177083333333333,0.2637224565183693,0.0902777777777777,0.5980500900205761
bci_iv_2a,BPE_WindowedSeq_CNN,4096,123,LOSO,1,0.2534722222222222,0.2534722222222222,0.1680646835005188,0.0046296296296296,0.5199411651234568
bci_iv_2a,BPE_WindowedSeq_CNN,4096,123,LOSO,2,0.3298611111111111,0.3298611111111111,0.2391226589772461,0.1064814814814815,0.6206697691615226
bci_iv_2a,BPE_WindowedSeq_CNN,4096,123,LOSO,3,0.3142361111111111,0.3142361111111111,0.2358526680290467,0.0856481481481481,0.5857204861111112
bci_iv_2a,BPE_WindowedSeq_CNN,4096,123,LOSO,4,0.2795138888888889,0.2795138888888889,0.263556450418711,0.0393518518518518,0.5200335969650205
bci_iv_2a,BPE_WindowedSeq_CNN,4096,123,LOSO,5,0.2447916666666666,0.2447916666666666,0.2044519969278033,-0.0069444444444444,0.5292124807098766
bci_iv_2a,BPE_WindowedSeq_CNN,4096,123,LOSO,6,0.328125,0.328125,0.2736653490890779,0.1041666666666666,0.5576011123971193
bci_iv_2a,BPE_WindowedSeq_CNN,4096,123,LOSO,7,0.296875,0.296875,0.2495458776246189,0.0625,0.5588831018518519
bci_iv_2a,BPE_WindowedSeq_CNN,4096,123,LOSO,8,0.3472222222222222,0.3472222222222222,0.301675157437285,0.1296296296296296,0.5617062917952675
bci_iv_2a,BPE_WindowedSeq_CNN,4096,456,LOSO,0,0.3159722222222222,0.3159722222222222,0.2539706752618485,0.0879629629629629,0.6040380658436213
bci_iv_2a,BPE_WindowedSeq_CNN,4096,456,LOSO,1,0.2708333333333333,0.2708333333333333,0.2272446312342968,0.0277777777777777,0.5281876929012346
bci_iv_2a,BPE_WindowedSeq_CNN,4096,456,LOSO,2,0.3385416666666667,0.3385416666666666,0.2260181287052152,0.1180555555555555,0.6323342656893004
bci_iv_2a,BPE_WindowedSeq_CNN,4096,456,LOSO,3,0.3211805555555556,0.3211805555555556,0.2540989099218725,0.0949074074074074,0.5833936149691358
bci_iv_2a,BPE_WindowedSeq_CNN,4096,456,LOSO,4,0.3090277777777778,0.3090277777777778,0.2620886455268606,0.0787037037037037,0.5184220679012346
bci_iv_2a,BPE_WindowedSeq_CNN,4096,456,LOSO,5,0.2725694444444444,0.2725694444444444,0.1826954706989435,0.0300925925925925,0.5020817258230452
bci_iv_2a,BPE_WindowedSeq_CNN,4096,456,LOSO,6,0.2881944444444444,0.2881944444444444,0.2595536071138437,0.0509259259259259,0.5588911394032922
bci_iv_2a,BPE_WindowedSeq_CNN,4096,456,LOSO,7,0.3159722222222222,0.3159722222222222,0.2223258366891907,0.0879629629629629,0.565381462191358
bci_iv_2a,BPE_WindowedSeq_CNN,4096,456,LOSO,8,0.3524305555555556,0.3524305555555556,0.2982703774090725,0.136574074074074,0.5708228845164609
bci_iv_2a,BPE_WindowedSeq_CNN,4096,789,LOSO,0,0.3159722222222222,0.3159722222222222,0.2647978955165378,0.0879629629629629,0.6089891975308641
bci_iv_2a,BPE_WindowedSeq_CNN,4096,789,LOSO,1,0.265625,0.265625,0.2178279756049871,0.0208333333333333,0.5263531217849795
bci_iv_2a,BPE_WindowedSeq_CNN,4096,789,LOSO,2,0.328125,0.328125,0.2534118891681274,0.1041666666666666,0.6254420653292181
bci_iv_2a,BPE_WindowedSeq_CNN,4096,789,LOSO,3,0.3072916666666667,0.3072916666666666,0.2328806535267026,0.0763888888888888,0.5921023019547325
bci_iv_2a,BPE_WindowedSeq_CNN,4096,789,LOSO,4,0.3020833333333333,0.3020833333333333,0.2816463762659512,0.0694444444444444,0.5178956082818931
bci_iv_2a,BPE_WindowedSeq_CNN,4096,789,LOSO,5,0.2690972222222222,0.2690972222222222,0.1952345337834384,0.0254629629629629,0.5451107574588477
bci_iv_2a,BPE_WindowedSeq_CNN,4096,789,LOSO,6,0.3055555555555556,0.3055555555555556,0.2586368635486948,0.074074074074074,0.5602374292695473
bci_iv_2a,BPE_WindowedSeq_CNN,4096,789,LOSO,7,0.3020833333333333,0.3020833333333333,0.2256562881562882,0.0694444444444444,0.562451774691358
bci_iv_2a,BPE_WindowedSeq_CNN,4096,789,LOSO,8,0.3663194444444444,0.3663194444444445,0.299291173938194,0.1550925925925925,0.5827666859567902
bci_iv_2a,BPE_WindowedSeq_CNN,4096,2024,LOSO,0,0.3142361111111111,0.3142361111111111,0.2643431731667025,0.0856481481481481,0.592946244855967
bci_iv_2a,BPE_WindowedSeq_CNN,4096,2024,LOSO,1,0.2725694444444444,0.2725694444444444,0.2163867126080128,0.0300925925925925,0.5300323109567902
bci_iv_2a,BPE_WindowedSeq_CNN,4096,2024,LOSO,2,0.3246527777777778,0.3246527777777778,0.2412932687103214,0.099537037037037,0.6224922839506173
bci_iv_2a,BPE_WindowedSeq_CNN,4096,2024,LOSO,3,0.3211805555555556,0.3211805555555556,0.2543005887218411,0.0949074074074074,0.5844947595164609
bci_iv_2a,BPE_WindowedSeq_CNN,4096,2024,LOSO,4,0.28125,0.28125,0.2200074197049097,0.0416666666666666,0.5243778935185186
bci_iv_2a,BPE_WindowedSeq_CNN,4096,2024,LOSO,5,0.25,0.25,0.189337261715754,0.0,0.5396010159465021
bci_iv_2a,BPE_WindowedSeq_CNN,4096,2024,LOSO,6,0.2899305555555556,0.2899305555555556,0.2200184559901702,0.0532407407407407,0.557520736882716
bci_iv_2a,BPE_WindowedSeq_CNN,4096,2024,LOSO,7,0.3072916666666667,0.3072916666666667,0.2695594949328035,0.0763888888888888,0.5685683513374485
bci_iv_2a,BPE_WindowedSeq_CNN,4096,2024,LOSO,8,0.3472222222222222,0.3472222222222222,0.3024108347195967,0.1296296296296296,0.5580592528292181
bci_iv_2a,BPE_Bigram_LogReg,4096,42,LOSO,0,0.2743055555555556,0.2743055555555555,0.1618452026432967,0.0324074074074074,0.5623935024434157
bci_iv_2a,BPE_Bigram_LogReg,4096,42,LOSO,1,0.2604166666666667,0.2604166666666666,0.1724895542212015,0.0138888888888888,0.507860725308642
bci_iv_2a,BPE_Bigram_LogReg,4096,42,LOSO,2,0.28125,0.28125,0.2329599301927788,0.0416666666666666,0.5941860371656379
bci_iv_2a,BPE_Bigram_LogReg,4096,42,LOSO,3,0.2690972222222222,0.2690972222222222,0.1500819000819001,0.0254629629629629,0.5745563271604939
bci_iv_2a,BPE_Bigram_LogReg,4096,42,LOSO,4,0.2309027777777778,0.2309027777777778,0.1139021387905831,-0.025462962962963,0.5055519386574074
bci_iv_2a,BPE_Bigram_LogReg,4096,42,LOSO,5,0.2447916666666666,0.2447916666666666,0.1629488355624225,-0.0069444444444444,0.5441743827160495
bci_iv_2a,BPE_Bigram_LogReg,4096,42,LOSO,6,0.265625,0.265625,0.1805426482845837,0.0208333333333333,0.5229371624228395
bci_iv_2a,BPE_Bigram_LogReg,4096,42,LOSO,7,0.3072916666666667,0.3072916666666667,0.1983068301561452,0.0763888888888888,0.5626386477623457
bci_iv_2a,BPE_Bigram_LogReg,4096,42,LOSO,8,0.2517361111111111,0.2517361111111111,0.10370320906628,0.0023148148148147,0.5159746334876543
bci_iv_2a,BPE_Bigram_LogReg,4096,123,LOSO,0,0.2534722222222222,0.2534722222222222,0.1071278666005265,0.0046296296296296,0.5622267232510287
bci_iv_2a,BPE_Bigram_LogReg,4096,123,LOSO,1,0.28125,0.28125,0.1892117747133205,0.0416666666666666,0.5078788097993827
bci_iv_2a,BPE_Bigram_LogReg,4096,123,LOSO,2,0.2638888888888889,0.2638888888888889,0.1498342225275998,0.0185185185185184,0.5942121592078189
bci_iv_2a,BPE_Bigram_LogReg,4096,123,LOSO,3,0.2934027777777778,0.2934027777777777,0.2054007676733806,0.0578703703703703,0.5744699234825104
bci_iv_2a,BPE_Bigram_LogReg,4096,123,LOSO,4,0.234375,0.234375,0.131265605283647,-0.0208333333333332,0.5054816100823045
bci_iv_2a,BPE_Bigram_LogReg,4096,123,LOSO,5,0.2621527777777778,0.2621527777777778,0.1373967252277003,0.0162037037037037,0.5441281667952675
bci_iv_2a,BPE_Bigram_LogReg,4096,123,LOSO,6,0.2413194444444444,0.2413194444444444,0.1943305404851275,-0.0115740740740741,0.5229793595679013
bci_iv_2a,BPE_Bigram_LogReg,4096,123,LOSO,7,0.3142361111111111,0.3142361111111111,0.242684587689048,0.0856481481481481,0.5626567322530864
bci_iv_2a,BPE_Bigram_LogReg,4096,123,LOSO,8,0.2725694444444444,0.2725694444444444,0.1809020894649048,0.0300925925925925,0.515892248585391
bci_iv_2a,BPE_Bigram_LogReg,4096,456,LOSO,0,0.2777777777777778,0.2777777777777778,0.2030768894584586,0.037037037037037,0.5621965824331276
bci_iv_2a,BPE_Bigram_LogReg,4096,456,LOSO,1,0.2743055555555556,0.2743055555555556,0.2331666373835799,0.0324074074074074,0.5078466595936215
bci_iv_2a,BPE_Bigram_LogReg,4096,456,LOSO,2,0.3072916666666667,0.3072916666666666,0.1953261606815056,0.0763888888888888,0.5941579057355968
bci_iv_2a,BPE_Bigram_LogReg,4096,456,LOSO,3,0.25,0.25,0.1,0.0,0.5744699234825104
bci_iv_2a,BPE_Bigram_LogReg,4096,456,LOSO,4,0.2534722222222222,0.2534722222222222,0.1693209657725786,0.0046296296296296,0.5055238072273662
bci_iv_2a,BPE_Bigram_LogReg,4096,456,LOSO,5,0.28125,0.28125,0.177193443547715,0.0416666666666666,0.5440960165895061
bci_iv_2a,BPE_Bigram_LogReg,4096,456,LOSO,6,0.25,0.25,0.1652182500493778,0.0,0.5229873971193415
bci_iv_2a,BPE_Bigram_LogReg,4096,456,LOSO,7,0.2881944444444444,0.2881944444444444,0.1760819825335954,0.0509259259259259,0.5626346289866254
bci_iv_2a,BPE_Bigram_LogReg,4096,456,LOSO,8,0.2517361111111111,0.2517361111111111,0.10370320906628,0.0023148148148147,0.5159766428755144
bci_iv_2a,BPE_Bigram_LogReg,4096,789,LOSO,0,0.2829861111111111,0.2829861111111111,0.1732561793045663,0.0439814814814815,0.5622468171296295
bci_iv_2a,BPE_Bigram_LogReg,4096,789,LOSO,1,0.25,0.25,0.1809451950881106,0.0,0.5078526877572017
bci_iv_2a,BPE_Bigram_LogReg,4096,789,LOSO,2,0.2777777777777778,0.2777777777777778,0.2103469710669077,0.037037037037037,0.5941779996141976
bci_iv_2a,BPE_Bigram_LogReg,4096,789,LOSO,3,0.3003472222222222,0.3003472222222222,0.2840201338861776,0.0671296296296296,0.5744377732767489
bci_iv_2a,BPE_Bigram_LogReg,4096,789,LOSO,4,0.2309027777777778,0.2309027777777777,0.109786849367209,-0.025462962962963,0.5055519386574074
bci_iv_2a,BPE_Bigram_LogReg,4096,789,LOSO,5,0.2361111111111111,0.2361111111111111,0.1477264749992022,-0.0185185185185186,0.5438548900462964
bci_iv_2a,BPE_Bigram_LogReg,4096,789,LOSO,6,0.2430555555555555,0.2430555555555555,0.1618339675858394,-0.0092592592592593,0.5229934252829218
bci_iv_2a,BPE_Bigram_LogReg,4096,789,LOSO,7,0.2552083333333333,0.2552083333333333,0.1568261440003205,0.0069444444444444,0.562648694701646
bci_iv_2a,BPE_Bigram_LogReg,4096,789,LOSO,8,0.2673611111111111,0.2673611111111111,0.1523365644515852,0.0231481481481481,0.5160067836934157
bci_iv_2a,BPE_Bigram_LogReg,4096,2024,LOSO,0,0.2690972222222222,0.2690972222222222,0.2263860234627831,0.0254629629629629,0.5622026105967078
bci_iv_2a,BPE_Bigram_LogReg,4096,2024,LOSO,1,0.2760416666666667,0.2760416666666666,0.2448128790603682,0.0347222222222222,0.5078506783693416
bci_iv_2a,BPE_Bigram_LogReg,4096,2024,LOSO,2,0.2604166666666667,0.2604166666666667,0.2352571057795013,0.0138888888888888,0.5942081404320987
bci_iv_2a,BPE_Bigram_LogReg,4096,2024,LOSO,3,0.2847222222222222,0.2847222222222222,0.198867421718854,0.0462962962962962,0.5745683834876544
bci_iv_2a,BPE_Bigram_LogReg,4096,2024,LOSO,4,0.2413194444444444,0.2413194444444444,0.1219162216858069,-0.0115740740740741,0.5055278260030864
bci_iv_2a,BPE_Bigram_LogReg,4096,2024,LOSO,5,0.2899305555555556,0.2899305555555556,0.1828643902733635,0.0532407407407407,0.5440719039351852
bci_iv_2a,BPE_Bigram_LogReg,4096,2024,LOSO,6,0.2517361111111111,0.2517361111111111,0.1067096502640238,0.0023148148148147,0.5230155285493827
bci_iv_2a,BPE_Bigram_LogReg,4096,2024,LOSO,7,0.3246527777777778,0.3246527777777778,0.2186027607578906,0.099537037037037,0.5626547228652263
bci_iv_2a,BPE_Bigram_LogReg,4096,2024,LOSO,8,0.2690972222222222,0.2690972222222222,0.149994332565081,0.0254629629629629,0.5159866898148149
bci_iv_2a,BPE_Seq_CNN,4096,42,LOSO,0,0.265625,0.265625,0.2220872188039359,0.0208333333333333,0.5243256494341564
bci_iv_2a,BPE_Seq_CNN,4096,42,LOSO,1,0.2534722222222222,0.2534722222222222,0.2506849714719011,0.0046296296296296,0.5029296875
bci_iv_2a,BPE_Seq_CNN,4096,42,LOSO,2,0.2552083333333333,0.2552083333333333,0.2151607339363256,0.0069444444444444,0.5116986561213992
bci_iv_2a,BPE_Seq_CNN,4096,42,LOSO,3,0.2708333333333333,0.2708333333333333,0.2359666571942786,0.0277777777777777,0.5478515624999999
bci_iv_2a,BPE_Seq_CNN,4096,42,LOSO,4,0.2465277777777778,0.2465277777777777,0.1949331050410129,-0.0046296296296295,0.4970622749485597
bci_iv_2a,BPE_Seq_CNN,4096,42,LOSO,5,0.2482638888888889,0.2482638888888889,0.1728203871600098,-0.0023148148148148,0.5109993891460904
bci_iv_2a,BPE_Seq_CNN,4096,42,LOSO,6,0.2361111111111111,0.2361111111111111,0.1740879457816881,-0.0185185185185186,0.5006188914609053
bci_iv_2a,BPE_Seq_CNN,4096,42,LOSO,7,0.2482638888888889,0.2482638888888889,0.2147956161780084,-0.0023148148148148,0.5245707947530864
bci_iv_2a,BPE_Seq_CNN,4096,42,LOSO,8,0.28125,0.28125,0.221278616239416,0.0416666666666666,0.5182773919753086
bci_iv_2a,BPE_Seq_CNN,4096,123,LOSO,0,0.2864583333333333,0.2864583333333333,0.2788865910733052,0.0486111111111111,0.5489366319444445
bci_iv_2a,BPE_Seq_CNN,4096,123,LOSO,1,0.2552083333333333,0.2552083333333333,0.2039147168911622,0.0069444444444444,0.5047823431069959
bci_iv_2a,BPE_Seq_CNN,4096,123,LOSO,2,0.2829861111111111,0.2829861111111111,0.2665788229743916,0.0439814814814815,0.5365869341563787
bci_iv_2a,BPE_Seq_CNN,4096,123,LOSO,3,0.2447916666666666,0.2447916666666666,0.2024468278712708,-0.0069444444444444,0.4993007330246913
bci_iv_2a,BPE_Seq_CNN,4096,123,LOSO,4,0.265625,0.265625,0.2297241392536938,0.0208333333333333,0.5056262860082306
bci_iv_2a,BPE_Seq_CNN,4096,123,LOSO,5,0.2777777777777778,0.2777777777777778,0.2637285555382374,0.037037037037037,0.5368602109053499
bci_iv_2a,BPE_Seq_CNN,4096,123,LOSO,6,0.2725694444444444,0.2725694444444445,0.2545356153640128,0.0300925925925925,0.5243135931069959
bci_iv_2a,BPE_Seq_CNN,4096,123,LOSO,7,0.2552083333333333,0.2552083333333333,0.221678812873084,0.0069444444444444,0.4931077996399177
bci_iv_2a,BPE_Seq_CNN,4096,123,LOSO,8,0.2673611111111111,0.2673611111111111,0.2289065754118946,0.0231481481481481,0.5307597093621399
bci_iv_2a,BPE_Seq_CNN,4096,456,LOSO,0,0.2690972222222222,0.2690972222222222,0.2342306367950413,0.0254629629629629,0.4894466949588477
bci_iv_2a,BPE_Seq_CNN,4096,456,LOSO,1,0.25,0.25,0.1925025690549592,0.0,0.5038298932613169
bci_iv_2a,BPE_Seq_CNN,4096,456,LOSO,2,0.2621527777777778,0.2621527777777778,0.2272214603346951,0.0162037037037037,0.5443512088477366
bci_iv_2a,BPE_Seq_CNN,4096,456,LOSO,3,0.2517361111111111,0.2517361111111111,0.1963413841632562,0.0023148148148147,0.502101819701646
bci_iv_2a,BPE_Seq_CNN,4096,456,LOSO,4,0.2847222222222222,0.2847222222222222,0.2765441513178275,0.0462962962962962,0.5254227752057613
bci_iv_2a,BPE_Seq_CNN,4096,456,LOSO,5,0.2447916666666666,0.2447916666666666,0.2399348972230118,-0.0069444444444444,0.510914994855967
bci_iv_2a,BPE_Seq_CNN,4096,456,LOSO,6,0.2708333333333333,0.2708333333333333,0.2265963607358175,0.0277777777777777,0.5186953446502057
bci_iv_2a,BPE_Seq_CNN,4096,456,LOSO,7,0.2934027777777778,0.2934027777777778,0.268371223922609,0.0578703703703703,0.5451007105195474
bci_iv_2a,BPE_Seq_CNN,4096,456,LOSO,8,0.265625,0.265625,0.2318727134593139,0.0208333333333333,0.5390504436728396
bci_iv_2a,BPE_Seq_CNN,4096,789,LOSO,0,0.2673611111111111,0.2673611111111111,0.250768386370437,0.0231481481481481,0.5283765753600823
bci_iv_2a,BPE_Seq_CNN,4096,789,LOSO,1,0.2725694444444444,0.2725694444444445,0.242436411107461,0.0300925925925925,0.5059638631687243
bci_iv_2a,BPE_Seq_CNN,4096,789,LOSO,2,0.2534722222222222,0.2534722222222222,0.2247156428388855,0.0046296296296296,0.5065385480967077
bci_iv_2a,BPE_Seq_CNN,4096,789,LOSO,3,0.2760416666666667,0.2760416666666667,0.2732442603082861,0.0347222222222222,0.5267851401748971
bci_iv_2a,BPE_Seq_CNN,4096,789,LOSO,4,0.25,0.25,0.1754977375565611,0.0,0.4840695730452674
bci_iv_2a,BPE_Seq_CNN,4096,789,LOSO,5,0.2552083333333333,0.2552083333333333,0.2507340746586813,0.0069444444444444,0.5140898276748971
bci_iv_2a,BPE_Seq_CNN,4096,789,LOSO,6,0.2413194444444444,0.2413194444444444,0.1956619849928872,-0.0115740740740741,0.5082947530864198
bci_iv_2a,BPE_Seq_CNN,4096,789,LOSO,7,0.2517361111111111,0.2517361111111111,0.1766942151562622,0.0023148148148147,0.5045532728909465
bci_iv_2a,BPE_Seq_CNN,4096,789,LOSO,8,0.2760416666666667,0.2760416666666667,0.2437120208820352,0.0347222222222222,0.5481891396604939
bci_iv_2a,BPE_Seq_CNN,4096,2024,LOSO,0,0.2517361111111111,0.2517361111111111,0.242354824202837,0.0023148148148147,0.5159143518518519
bci_iv_2a,BPE_Seq_CNN,4096,2024,LOSO,1,0.2777777777777778,0.2777777777777778,0.2449235607083666,0.037037037037037,0.5254669817386832
bci_iv_2a,BPE_Seq_CNN,4096,2024,LOSO,2,0.2239583333333333,0.2239583333333333,0.2170578400031254,-0.0347222222222223,0.5203028549382716
bci_iv_2a,BPE_Seq_CNN,4096,2024,LOSO,3,0.2534722222222222,0.2534722222222222,0.1926697373642047,0.0046296296296296,0.4769563400205761
bci_iv_2a,BPE_Seq_CNN,4096,2024,LOSO,4,0.2604166666666667,0.2604166666666667,0.1922999462233835,0.0138888888888888,0.482984503600823
bci_iv_2a,BPE_Seq_CNN,4096,2024,LOSO,5,0.2690972222222222,0.2690972222222222,0.1975639103681521,0.0254629629629629,0.5237710583847737
bci_iv_2a,BPE_Seq_CNN,4096,2024,LOSO,6,0.2534722222222222,0.2534722222222222,0.2341776457516043,0.0046296296296296,0.5210101594650206
bci_iv_2a,BPE_Seq_CNN,4096,2024,LOSO,7,0.2465277777777778,0.2465277777777778,0.2131176026728587,-0.0046296296296295,0.5220590599279835
bci_iv_2a,BPE_Seq_CNN,4096,2024,LOSO,8,0.2690972222222222,0.2690972222222222,0.2392912411906606,0.0254629629629629,0.5370973186728394
bci_iv_2a,BPE_Seq_Transformer,4096,42,LOSO,0,0.2881944444444444,0.2881944444444444,0.2420438457424759,0.0509259259259259,0.542333783436214
bci_iv_2a,BPE_Seq_Transformer,4096,42,LOSO,1,0.2673611111111111,0.2673611111111111,0.2238302202579282,0.0231481481481481,0.5205198688271605
bci_iv_2a,BPE_Seq_Transformer,4096,42,LOSO,2,0.2534722222222222,0.2534722222222222,0.1530831991117848,0.0046296296296296,0.5332955568415638
bci_iv_2a,BPE_Seq_Transformer,4096,42,LOSO,3,0.2395833333333333,0.2395833333333333,0.2090405540222121,-0.0138888888888888,0.4905116705246913
bci_iv_2a,BPE_Seq_Transformer,4096,42,LOSO,4,0.2378472222222222,0.2378472222222222,0.2232736633337367,-0.0162037037037037,0.4857654963991769
bci_iv_2a,BPE_Seq_Transformer,4096,42,LOSO,5,0.2517361111111111,0.2517361111111111,0.1544723294723294,0.0023148148148147,0.5210804880401234
bci_iv_2a,BPE_Seq_Transformer,4096,42,LOSO,6,0.2621527777777778,0.2621527777777778,0.1675084175084175,0.0162037037037037,0.5237610114454733
bci_iv_2a,BPE_Seq_Transformer,4096,42,LOSO,7,0.2777777777777778,0.2777777777777778,0.1857254030016676,0.037037037037037,0.531153549382716
bci_iv_2a,BPE_Seq_Transformer,4096,42,LOSO,8,0.3211805555555556,0.3211805555555556,0.2195382602933002,0.0949074074074074,0.5563633294753085
bci_iv_2a,BPE_Seq_Transformer,4096,123,LOSO,0,0.2847222222222222,0.2847222222222222,0.2018785220356602,0.0462962962962962,0.5456291795267489
bci_iv_2a,BPE_Seq_Transformer,4096,123,LOSO,1,0.2708333333333333,0.2708333333333333,0.2567060379327515,0.0277777777777777,0.5248661747685186
bci_iv_2a,BPE_Seq_Transformer,4096,123,LOSO,2,0.2777777777777778,0.2777777777777778,0.244932942515495,0.037037037037037,0.5479279192386831
bci_iv_2a,BPE_Seq_Transformer,4096,123,LOSO,3,0.2222222222222222,0.2222222222222222,0.1500150745559318,-0.0370370370370369,0.4997227044753086
bci_iv_2a,BPE_Seq_Transformer,4096,123,LOSO,4,0.2413194444444444,0.2413194444444444,0.180842805577975,-0.0115740740740741,0.4748585390946502
bci_iv_2a,BPE_Seq_Transformer,4096,123,LOSO,5,0.2517361111111111,0.2517361111111111,0.1039370375962554,0.0023148148148147,0.5286900398662551
bci_iv_2a,BPE_Seq_Transformer,4096,123,LOSO,6,0.2482638888888889,0.2482638888888889,0.1137682364369918,-0.0023148148148148,0.518261316872428
bci_iv_2a,BPE_Seq_Transformer,4096,123,LOSO,7,0.2621527777777778,0.2621527777777778,0.204321067612527,0.0162037037037037,0.5284006880144033
bci_iv_2a,BPE_Seq_Transformer,4096,123,LOSO,8,0.2725694444444444,0.2725694444444445,0.258254865034526,0.0300925925925925,0.5631068351337448
bci_iv_2a,BPE_Seq_Transformer,4096,456,LOSO,0,0.2795138888888889,0.2795138888888889,0.2267958418318504,0.0393518518518518,0.5464490097736625
bci_iv_2a,BPE_Seq_Transformer,4096,456,LOSO,1,0.2760416666666667,0.2760416666666666,0.2069814424183356,0.0347222222222222,0.5220590599279835
bci_iv_2a,BPE_Seq_Transformer,4096,456,LOSO,2,0.3020833333333333,0.3020833333333333,0.2488327835506712,0.0694444444444444,0.5369305394804527
bci_iv_2a,BPE_Seq_Transformer,4096,456,LOSO,3,0.2465277777777778,0.2465277777777778,0.1953997275386755,-0.0046296296296295,0.5057629243827161
bci_iv_2a,BPE_Seq_Transformer,4096,456,LOSO,4,0.25,0.25,0.1,0.0,0.4755939750514402
bci_iv_2a,BPE_Seq_Transformer,4096,456,LOSO,5,0.2690972222222222,0.2690972222222222,0.2048367750482791,0.0254629629629629,0.5306351273148148
bci_iv_2a,BPE_Seq_Transformer,4096,456,LOSO,6,0.265625,0.265625,0.16071685029031,0.0208333333333333,0.530422132201646
bci_iv_2a,BPE_Seq_Transformer,4096,456,LOSO,7,0.2743055555555556,0.2743055555555556,0.2723879101384673,0.0324074074074074,0.5290577578446503
bci_iv_2a,BPE_Seq_Transformer,4096,456,LOSO,8,0.2638888888888889,0.2638888888888889,0.1406187031297527,0.0185185185185184,0.5630666473765432
bci_iv_2a,BPE_Seq_Transformer,4096,789,LOSO,0,0.2743055555555556,0.2743055555555555,0.2080432293450849,0.0324074074074074,0.5461877893518519
bci_iv_2a,BPE_Seq_Transformer,4096,789,LOSO,1,0.2604166666666667,0.2604166666666667,0.2156792708153551,0.0138888888888888,0.5232566550925926
bci_iv_2a,BPE_Seq_Transformer,4096,789,LOSO,2,0.2708333333333333,0.2708333333333333,0.1874708791411216,0.0277777777777777,0.5494550540123457
bci_iv_2a,BPE_Seq_Transformer,4096,789,LOSO,3,0.2465277777777778,0.2465277777777777,0.1798079888440446,-0.0046296296296295,0.5151467656893004
bci_iv_2a,BPE_Seq_Transformer,4096,789,LOSO,4,0.2447916666666666,0.2447916666666666,0.1654097919523451,-0.0069444444444444,0.4760601530349794
bci_iv_2a,BPE_Seq_Transformer,4096,789,LOSO,5,0.2760416666666667,0.2760416666666666,0.1804795204795204,0.0347222222222222,0.5369566615226338
bci_iv_2a,BPE_Seq_Transformer,4096,789,LOSO,6,0.2621527777777778,0.2621527777777778,0.2008502220289409,0.0162037037037037,0.519314236111111
bci_iv_2a,BPE_Seq_Transformer,4096,789,LOSO,7,0.2552083333333333,0.2552083333333333,0.1455324032106538,0.0069444444444444,0.5514523855452675
bci_iv_2a,BPE_Seq_Transformer,4096,789,LOSO,8,0.3003472222222222,0.3003472222222222,0.2641144337733971,0.0671296296296296,0.55688577031893
bci_iv_2a,BPE_Seq_Transformer,4096,2024,LOSO,0,0.2690972222222222,0.2690972222222222,0.2253110917430447,0.0254629629629629,0.5448133680555556
bci_iv_2a,BPE_Seq_Transformer,4096,2024,LOSO,1,0.2743055555555556,0.2743055555555556,0.1802038788329365,0.0324074074074074,0.5176183127572016
bci_iv_2a,BPE_Seq_Transformer,4096,2024,LOSO,2,0.2621527777777778,0.2621527777777778,0.211506094700548,0.0162037037037037,0.5467423804012346
bci_iv_2a,BPE_Seq_Transformer,4096,2024,LOSO,3,0.2430555555555555,0.2430555555555555,0.1575948418053681,-0.0092592592592593,0.5023750964506173
bci_iv_2a,BPE_Seq_Transformer,4096,2024,LOSO,4,0.2326388888888889,0.2326388888888889,0.2089668577826566,-0.0231481481481481,0.4776114004629629
bci_iv_2a,BPE_Seq_Transformer,4096,2024,LOSO,5,0.2465277777777778,0.2465277777777778,0.1731728832420097,-0.0046296296296295,0.5415501221707819
bci_iv_2a,BPE_Seq_Transformer,4096,2024,LOSO,6,0.2725694444444444,0.2725694444444444,0.2244111007923815,0.0300925925925925,0.5336693029835391
bci_iv_2a,BPE_Seq_Transformer,4096,2024,LOSO,7,0.2760416666666667,0.2760416666666667,0.2145484813066781,0.0347222222222222,0.5330423739711935
bci_iv_2a,BPE_Seq_Transformer,4096,2024,LOSO,8,0.25,0.25,0.1,0.0,0.5371797035751029
bci_iv_2a,BPE_Seq_CW_Transformer,4096,42,LOSO,0,0.25,0.25,0.1,0.0,0.5040569540895061
bci_iv_2a,BPE_Seq_CW_Transformer,4096,42,LOSO,1,0.2326388888888889,0.2326388888888889,0.1547578623979303,-0.0231481481481481,0.4945465213477367
bci_iv_2a,BPE_Seq_CW_Transformer,4096,42,LOSO,2,0.25,0.25,0.1,0.0,0.5253002025462963
bci_iv_2a,BPE_Seq_CW_Transformer,4096,42,LOSO,3,0.2604166666666667,0.2604166666666666,0.1642633228840125,0.0138888888888888,0.4761646412037037
bci_iv_2a,BPE_Seq_CW_Transformer,4096,42,LOSO,4,0.25,0.25,0.1,0.0,0.4682476530349794
bci_iv_2a,BPE_Seq_CW_Transformer,4096,42,LOSO,5,0.25,0.25,0.1,0.0,0.5104367605452675
bci_iv_2a,BPE_Seq_CW_Transformer,4096,42,LOSO,6,0.25,0.25,0.1,0.0,0.5299238040123457
bci_iv_2a,BPE_Seq_CW_Transformer,4096,42,LOSO,7,0.2465277777777778,0.2465277777777778,0.1634392707563439,-0.0046296296296295,0.4394993409207819
bci_iv_2a,BPE_Seq_CW_Transformer,4096,42,LOSO,8,0.25,0.25,0.1,0.0,0.4794499903549382
bci_iv_2a,BPE_Seq_CW_Transformer,4096,123,LOSO,0,0.25,0.25,0.1,0.0,0.529345100308642
bci_iv_2a,BPE_Seq_CW_Transformer,4096,123,LOSO,1,0.265625,0.265625,0.1866637464550787,0.0208333333333333,0.5143510480967078
bci_iv_2a,BPE_Seq_CW_Transformer,4096,123,LOSO,2,0.25,0.25,0.1,0.0,0.4512321566358024
bci_iv_2a,BPE_Seq_CW_Transformer,4096,123,LOSO,3,0.25,0.25,0.1,0.0,0.4739784272119342
bci_iv_2a,BPE_Seq_CW_Transformer,4096,123,LOSO,4,0.2447916666666666,0.2447916666666666,0.0986013986013986,-0.0069444444444444,0.5191695601851852
bci_iv_2a,BPE_Seq_CW_Transformer,4096,123,LOSO,5,0.25,0.25,0.1,0.0,0.473291216563786
bci_iv_2a,BPE_Seq_CW_Transformer,4096,123,LOSO,6,0.25,0.25,0.1,0.0,0.5256598829732511
bci_iv_2a,BPE_Seq_CW_Transformer,4096,123,LOSO,7,0.2517361111111111,0.2517361111111111,0.1035873579204834,0.0023148148148147,0.5308280285493827
bci_iv_2a,BPE_Seq_CW_Transformer,4096,123,LOSO,8,0.25,0.25,0.1,0.0,0.4534103330761316
bci_iv_2a,BPE_Seq_CW_Transformer,4096,456,LOSO,0,0.2482638888888889,0.2482638888888889,0.1002805049088359,-0.0023148148148148,0.4970060120884774
bci_iv_2a,BPE_Seq_CW_Transformer,4096,456,LOSO,1,0.25,0.25,0.1,0.0,0.5061406893004115
bci_iv_2a,BPE_Seq_CW_Transformer,4096,456,LOSO,2,0.25,0.25,0.1,0.0,0.4527813946759259
bci_iv_2a,BPE_Seq_CW_Transformer,4096,456,LOSO,3,0.25,0.25,0.1,0.0,0.4779329025205761
bci_iv_2a,BPE_Seq_CW_Transformer,4096,456,LOSO,4,0.2743055555555556,0.2743055555555556,0.1828703703703703,0.0324074074074074,0.5364945023148148
bci_iv_2a,BPE_Seq_CW_Transformer,4096,456,LOSO,5,0.25,0.25,0.1,0.0,0.4691458494084362
bci_iv_2a,BPE_Seq_CW_Transformer,4096,456,LOSO,6,0.25,0.25,0.1,0.0,0.4763575424382716
bci_iv_2a,BPE_Seq_CW_Transformer,4096,456,LOSO,7,0.25,0.25,0.1,0.0,0.5658516589506173
bci_iv_2a,BPE_Seq_CW_Transformer,4096,456,LOSO,8,0.25,0.25,0.1,0.0,0.5494229038065843
bci_iv_2a,BPE_Seq_CW_Transformer,4096,789,LOSO,0,0.25,0.25,0.1,0.0,0.5503572691615226
bci_iv_2a,BPE_Seq_CW_Transformer,4096,789,LOSO,1,0.2552083333333333,0.2552083333333333,0.1567741935483871,0.0069444444444444,0.4907548064557613
bci_iv_2a,BPE_Seq_CW_Transformer,4096,789,LOSO,2,0.2517361111111111,0.2517361111111111,0.1069430919350339,0.0023148148148147,0.487915541409465
bci_iv_2a,BPE_Seq_CW_Transformer,4096,789,LOSO,3,0.25,0.25,0.1,0.0,0.5270704732510288
bci_iv_2a,BPE_Seq_CW_Transformer,4096,789,LOSO,4,0.2309027777777778,0.2309027777777778,0.1226893012926123,-0.025462962962963,0.4664773823302469
bci_iv_2a,BPE_Seq_CW_Transformer,4096,789,LOSO,5,0.2552083333333333,0.2552083333333333,0.1606131201355429,0.0069444444444444,0.519189654063786
bci_iv_2a,BPE_Seq_CW_Transformer,4096,789,LOSO,6,0.25,0.25,0.1,0.0,0.4932946727109054
bci_iv_2a,BPE_Seq_CW_Transformer,4096,789,LOSO,7,0.2378472222222222,0.2378472222222222,0.1553289604014879,-0.0162037037037037,0.4871379083076131
bci_iv_2a,BPE_Seq_CW_Transformer,4096,789,LOSO,8,0.25,0.25,0.1,0.0,0.4829804848251028
bci_iv_2a,BPE_Seq_CW_Transformer,4096,2024,LOSO,0,0.25,0.25,0.1,0.0,0.4955753279320987
bci_iv_2a,BPE_Seq_CW_Transformer,4096,2024,LOSO,1,0.2482638888888889,0.2482638888888889,0.1085640411174875,-0.0023148148148148,0.4825504758230452
bci_iv_2a,BPE_Seq_CW_Transformer,4096,2024,LOSO,2,0.25,0.25,0.1,0.0,0.4686254179526748
bci_iv_2a,BPE_Seq_CW_Transformer,4096,2024,LOSO,3,0.25,0.25,0.1,0.0,0.5592648855452675
bci_iv_2a,BPE_Seq_CW_Transformer,4096,2024,LOSO,4,0.2534722222222222,0.2534722222222222,0.1156811417506365,0.0046296296296296,0.5103161972736625
bci_iv_2a,BPE_Seq_CW_Transformer,4096,2024,LOSO,5,0.2465277777777778,0.2465277777777778,0.0991620111731843,-0.0046296296296295,0.4998412583590535
bci_iv_2a,BPE_Seq_CW_Transformer,4096,2024,LOSO,6,0.25,0.25,0.1,0.0,0.5231099697788066
bci_iv_2a,BPE_Seq_CW_Transformer,4096,2024,LOSO,7,0.25,0.25,0.1,0.0,0.4943917984825103
bci_iv_2a,BPE_Seq_CW_Transformer,4096,2024,LOSO,8,0.25,0.25,0.1,0.0,0.4721317997685185
bci_iv_2a,CSP_LDA,4096,42,LOSO,0,0.3871527777777778,0.3871527777777778,0.3104172754724332,0.1828703703703703,0.7180145640432098
bci_iv_2a,CSP_LDA,4096,42,LOSO,1,0.2725694444444444,0.2725694444444444,0.2122954944203742,0.0300925925925925,0.5362694508744856
bci_iv_2a,CSP_LDA,4096,42,LOSO,2,0.5243055555555556,0.5243055555555556,0.5029150688041097,0.3657407407407407,0.8395624356995884
bci_iv_2a,CSP_LDA,4096,42,LOSO,3,0.3819444444444444,0.3819444444444444,0.3157267197770413,0.1759259259259259,0.6773003472222222
bci_iv_2a,CSP_LDA,4096,42,LOSO,4,0.2673611111111111,0.2673611111111111,0.1995852265482313,0.0231481481481481,0.5192177854938271
bci_iv_2a,CSP_LDA,4096,42,LOSO,5,0.2430555555555555,0.2430555555555555,0.1807354488501463,-0.0092592592592593,0.5456331983024691
bci_iv_2a,CSP_LDA,4096,42,LOSO,6,0.3489583333333333,0.3489583333333333,0.2577265843429636,0.1319444444444444,0.6721442579732511
bci_iv_2a,CSP_LDA,4096,42,LOSO,7,0.546875,0.546875,0.534965508481328,0.3958333333333333,0.8031402713477367
bci_iv_2a,CSP_LDA,4096,42,LOSO,8,0.5555555555555556,0.5555555555555556,0.5376680333088921,0.4074074074074074,0.8451043274176955
bci_iv_2a,CSP_LDA,4096,123,LOSO,0,0.3871527777777778,0.3871527777777778,0.3104172754724332,0.1828703703703703,0.7180145640432098
bci_iv_2a,CSP_LDA,4096,123,LOSO,1,0.2725694444444444,0.2725694444444444,0.2122954944203742,0.0300925925925925,0.5362694508744856
bci_iv_2a,CSP_LDA,4096,123,LOSO,2,0.5243055555555556,0.5243055555555556,0.5029150688041097,0.3657407407407407,0.8395624356995884
bci_iv_2a,CSP_LDA,4096,123,LOSO,3,0.3819444444444444,0.3819444444444444,0.3157267197770413,0.1759259259259259,0.6773003472222222
bci_iv_2a,CSP_LDA,4096,123,LOSO,4,0.2673611111111111,0.2673611111111111,0.1995852265482313,0.0231481481481481,0.5192177854938271
bci_iv_2a,CSP_LDA,4096,123,LOSO,5,0.2430555555555555,0.2430555555555555,0.1807354488501463,-0.0092592592592593,0.5456331983024691
bci_iv_2a,CSP_LDA,4096,123,LOSO,6,0.3489583333333333,0.3489583333333333,0.2577265843429636,0.1319444444444444,0.6721442579732511
bci_iv_2a,CSP_LDA,4096,123,LOSO,7,0.546875,0.546875,0.534965508481328,0.3958333333333333,0.8031402713477367
bci_iv_2a,CSP_LDA,4096,123,LOSO,8,0.5555555555555556,0.5555555555555556,0.5376680333088921,0.4074074074074074,0.8451043274176955
bci_iv_2a,CSP_LDA,4096,456,LOSO,0,0.3871527777777778,0.3871527777777778,0.3104172754724332,0.1828703703703703,0.7180145640432098
bci_iv_2a,CSP_LDA,4096,456,LOSO,1,0.2725694444444444,0.2725694444444444,0.2122954944203742,0.0300925925925925,0.5362694508744856
bci_iv_2a,CSP_LDA,4096,456,LOSO,2,0.5243055555555556,0.5243055555555556,0.5029150688041097,0.3657407407407407,0.8395624356995884
bci_iv_2a,CSP_LDA,4096,456,LOSO,3,0.3819444444444444,0.3819444444444444,0.3157267197770413,0.1759259259259259,0.6773003472222222
bci_iv_2a,CSP_LDA,4096,456,LOSO,4,0.2673611111111111,0.2673611111111111,0.1995852265482313,0.0231481481481481,0.5192177854938271
bci_iv_2a,CSP_LDA,4096,456,LOSO,5,0.2430555555555555,0.2430555555555555,0.1807354488501463,-0.0092592592592593,0.5456331983024691
bci_iv_2a,CSP_LDA,4096,456,LOSO,6,0.3489583333333333,0.3489583333333333,0.2577265843429636,0.1319444444444444,0.6721442579732511
bci_iv_2a,CSP_LDA,4096,456,LOSO,7,0.546875,0.546875,0.534965508481328,0.3958333333333333,0.8031402713477367
bci_iv_2a,CSP_LDA,4096,456,LOSO,8,0.5555555555555556,0.5555555555555556,0.5376680333088921,0.4074074074074074,0.8451043274176955
bci_iv_2a,CSP_LDA,4096,789,LOSO,0,0.3871527777777778,0.3871527777777778,0.3104172754724332,0.1828703703703703,0.7180145640432098
bci_iv_2a,CSP_LDA,4096,789,LOSO,1,0.2725694444444444,0.2725694444444444,0.2122954944203742,0.0300925925925925,0.5362694508744856
bci_iv_2a,CSP_LDA,4096,789,LOSO,2,0.5243055555555556,0.5243055555555556,0.5029150688041097,0.3657407407407407,0.8395624356995884
bci_iv_2a,CSP_LDA,4096,789,LOSO,3,0.3819444444444444,0.3819444444444444,0.3157267197770413,0.1759259259259259,0.6773003472222222
bci_iv_2a,CSP_LDA,4096,789,LOSO,4,0.2673611111111111,0.2673611111111111,0.1995852265482313,0.0231481481481481,0.5192177854938271
bci_iv_2a,CSP_LDA,4096,789,LOSO,5,0.2430555555555555,0.2430555555555555,0.1807354488501463,-0.0092592592592593,0.5456331983024691
bci_iv_2a,CSP_LDA,4096,789,LOSO,6,0.3489583333333333,0.3489583333333333,0.2577265843429636,0.1319444444444444,0.6721442579732511
bci_iv_2a,CSP_LDA,4096,789,LOSO,7,0.546875,0.546875,0.534965508481328,0.3958333333333333,0.8031402713477367
bci_iv_2a,CSP_LDA,4096,789,LOSO,8,0.5555555555555556,0.5555555555555556,0.5376680333088921,0.4074074074074074,0.8451043274176955
bci_iv_2a,CSP_LDA,4096,2024,LOSO,0,0.3871527777777778,0.3871527777777778,0.3104172754724332,0.1828703703703703,0.7180145640432098
bci_iv_2a,CSP_LDA,4096,2024,LOSO,1,0.2725694444444444,0.2725694444444444,0.2122954944203742,0.0300925925925925,0.5362694508744856
bci_iv_2a,CSP_LDA,4096,2024,LOSO,2,0.5243055555555556,0.5243055555555556,0.5029150688041097,0.3657407407407407,0.8395624356995884
bci_iv_2a,CSP_LDA,4096,2024,LOSO,3,0.3819444444444444,0.3819444444444444,0.3157267197770413,0.1759259259259259,0.6773003472222222
bci_iv_2a,CSP_LDA,4096,2024,LOSO,4,0.2673611111111111,0.2673611111111111,0.1995852265482313,0.0231481481481481,0.5192177854938271
bci_iv_2a,CSP_LDA,4096,2024,LOSO,5,0.2430555555555555,0.2430555555555555,0.1807354488501463,-0.0092592592592593,0.5456331983024691
bci_iv_2a,CSP_LDA,4096,2024,LOSO,6,0.3489583333333333,0.3489583333333333,0.2577265843429636,0.1319444444444444,0.6721442579732511
bci_iv_2a,CSP_LDA,4096,2024,LOSO,7,0.546875,0.546875,0.534965508481328,0.3958333333333333,0.8031402713477367
bci_iv_2a,CSP_LDA,4096,2024,LOSO,8,0.5555555555555556,0.5555555555555556,0.5376680333088921,0.4074074074074074,0.8451043274176955
bci_iv_2a,EEGNet,4096,42,LOSO,0,0.6041666666666666,0.6041666666666666,0.5819385767253962,0.4722222222222222,0.8610990547839508
bci_iv_2a,EEGNet,4096,42,LOSO,1,0.3003472222222222,0.3003472222222222,0.2752412462672545,0.0671296296296296,0.5997902199074074
bci_iv_2a,EEGNet,4096,42,LOSO,2,0.6909722222222222,0.6909722222222222,0.6789722315181468,0.587962962962963,0.9020182291666669
bci_iv_2a,EEGNet,4096,42,LOSO,3,0.3454861111111111,0.3454861111111111,0.2649596264977306,0.1273148148148147,0.6724094971707818
bci_iv_2a,EEGNet,4096,42,LOSO,4,0.2864583333333333,0.2864583333333333,0.1887089518668466,0.0486111111111111,0.5675274884259259
bci_iv_2a,EEGNet,4096,42,LOSO,5,0.3055555555555556,0.3055555555555556,0.2808831691632128,0.074074074074074,0.6536699459876544
bci_iv_2a,EEGNet,4096,42,LOSO,6,0.3489583333333333,0.3489583333333333,0.3210838779526789,0.1319444444444444,0.6324829603909465
bci_iv_2a,EEGNet,4096,42,LOSO,7,0.6319444444444444,0.6319444444444444,0.621971946190096,0.5092592592592593,0.874119888117284
bci_iv_2a,EEGNet,4096,42,LOSO,8,0.6059027777777778,0.6059027777777778,0.6008487208630681,0.4745370370370371,0.8436575681584364
bci_iv_2a,EEGNet,4096,123,LOSO,0,0.6024305555555556,0.6024305555555556,0.5779906054192326,0.4699074074074074,0.8582095550411522
bci_iv_2a,EEGNet,4096,123,LOSO,1,0.3211805555555556,0.3211805555555556,0.3013798127251657,0.0949074074074074,0.6208566422325102
bci_iv_2a,EEGNet,4096,123,LOSO,2,0.7048611111111112,0.7048611111111112,0.7051169187989963,0.6064814814814814,0.921071244855967
bci_iv_2a,EEGNet,4096,123,LOSO,3,0.3802083333333333,0.3802083333333333,0.3148351573831607,0.1736111111111111,0.7008061664094651
bci_iv_2a,EEGNet,4096,123,LOSO,4,0.2621527777777778,0.2621527777777778,0.1468111929042569,0.0162037037037037,0.5494470164609053
bci_iv_2a,EEGNet,4096,123,LOSO,5,0.2829861111111111,0.2829861111111111,0.2527984896786629,0.0439814814814815,0.6381735468106996
bci_iv_2a,EEGNet,4096,123,LOSO,6,0.3489583333333333,0.3489583333333333,0.301930368019876,0.1319444444444444,0.6679727687757202
bci_iv_2a,EEGNet,4096,123,LOSO,7,0.5972222222222222,0.5972222222222222,0.5875210318938054,0.4629629629629629,0.8659617734053499
bci_iv_2a,EEGNet,4096,123,LOSO,8,0.6145833333333334,0.6145833333333333,0.6100008176347462,0.4861111111111111,0.8539818029835391
bci_iv_2a,EEGNet,4096,456,LOSO,0,0.5625,0.5625,0.5034801563066351,0.4166666666666666,0.8169769161522634
bci_iv_2a,EEGNet,4096,456,LOSO,1,0.2881944444444444,0.2881944444444444,0.2655153731545442,0.0509259259259259,0.5833695023148148
bci_iv_2a,EEGNet,4096,456,LOSO,2,0.6510416666666666,0.6510416666666666,0.6532712365333796,0.5347222222222222,0.9009653099279836
bci_iv_2a,EEGNet,4096,456,LOSO,3,0.3802083333333333,0.3802083333333333,0.2988516521816748,0.1736111111111111,0.7055000964506173
bci_iv_2a,EEGNet,4096,456,LOSO,4,0.2465277777777778,0.2465277777777778,0.1473222276202408,-0.0046296296296295,0.5441301761831276
bci_iv_2a,EEGNet,4096,456,LOSO,5,0.2864583333333333,0.2864583333333333,0.2607175043686474,0.0486111111111111,0.6293483153292181
bci_iv_2a,EEGNet,4096,456,LOSO,6,0.3819444444444444,0.3819444444444444,0.3633371221199901,0.1759259259259259,0.693821534207819
bci_iv_2a,EEGNet,4096,456,LOSO,7,0.6475694444444444,0.6475694444444444,0.6156648476665342,0.5300925925925926,0.8839699074074074
bci_iv_2a,EEGNet,4096,456,LOSO,8,0.5885416666666666,0.5885416666666667,0.5849167817771145,0.4513888888888888,0.8433400848765431
bci_iv_2a,EEGNet,4096,789,LOSO,0,0.6145833333333334,0.6145833333333333,0.5781209186293932,0.4861111111111111,0.8565940072016461
bci_iv_2a,EEGNet,4096,789,LOSO,1,0.2881944444444444,0.2881944444444444,0.2709736748351889,0.0509259259259259,0.5811270254629629
bci_iv_2a,EEGNet,4096,789,LOSO,2,0.6475694444444444,0.6475694444444444,0.6530042711984636,0.5300925925925926,0.8934944058641975
bci_iv_2a,EEGNet,4096,789,LOSO,3,0.3645833333333333,0.3645833333333333,0.31183554581248,0.1527777777777778,0.6929494598765432
bci_iv_2a,EEGNet,4096,789,LOSO,4,0.2708333333333333,0.2708333333333333,0.1413392363032651,0.0277777777777777,0.5457175925925926
bci_iv_2a,EEGNet,4096,789,LOSO,5,0.2847222222222222,0.2847222222222222,0.2606205462434446,0.0462962962962962,0.6340261702674898
bci_iv_2a,EEGNet,4096,789,LOSO,6,0.34375,0.34375,0.313403048091349,0.125,0.663282857510288
bci_iv_2a,EEGNet,4096,789,LOSO,7,0.5920138888888888,0.592013888888889,0.5841249387812563,0.4560185185185185,0.8751044881687243
bci_iv_2a,EEGNet,4096,789,LOSO,8,0.6197916666666666,0.6197916666666667,0.6074580054616352,0.4930555555555556,0.8566422325102881
bci_iv_2a,EEGNet,4096,2024,LOSO,0,0.5798611111111112,0.5798611111111112,0.5339399615749455,0.4398148148148147,0.838987750771605
bci_iv_2a,EEGNet,4096,2024,LOSO,1,0.2899305555555556,0.2899305555555555,0.2737228909546313,0.0532407407407407,0.5863112461419753
bci_iv_2a,EEGNet,4096,2024,LOSO,2,0.6649305555555556,0.6649305555555556,0.6561507869522615,0.5532407407407407,0.9103330761316872
bci_iv_2a,EEGNet,4096,2024,LOSO,3,0.390625,0.390625,0.3522185358723351,0.1875,0.6883680555555556
bci_iv_2a,EEGNet,4096,2024,LOSO,4,0.2604166666666667,0.2604166666666667,0.1423259657095641,0.0138888888888888,0.5438729745370371
bci_iv_2a,EEGNet,4096,2024,LOSO,5,0.2760416666666667,0.2760416666666667,0.2630695726461856,0.0347222222222222,0.6340060763888888
bci_iv_2a,EEGNet,4096,2024,LOSO,6,0.3524305555555556,0.3524305555555556,0.3092743251639097,0.136574074074074,0.6579579796810701
bci_iv_2a,EEGNet,4096,2024,LOSO,7,0.5711805555555556,0.5711805555555556,0.5669248288436967,0.4282407407407407,0.8614808384773662
bci_iv_2a,EEGNet,4096,2024,LOSO,8,0.609375,0.609375,0.6071450795352729,0.4791666666666666,0.8426167052469136
bci_iv_2a,Patching_LogReg,4096,42,LOSO,0,0.4010416666666667,0.4010416666666667,0.3883575836676405,0.2013888888888888,0.6826814879115226
bci_iv_2a,Patching_LogReg,4096,42,LOSO,1,0.2829861111111111,0.2829861111111111,0.2740634956659297,0.0439814814814815,0.5373223701131687
bci_iv_2a,Patching_LogReg,4096,42,LOSO,2,0.4409722222222222,0.4409722222222222,0.4221032732305948,0.2546296296296296,0.7426215277777778
bci_iv_2a,Patching_LogReg,4096,42,LOSO,3,0.3333333333333333,0.3333333333333333,0.3212965404750743,0.1111111111111111,0.5778075167181069
bci_iv_2a,Patching_LogReg,4096,42,LOSO,4,0.2517361111111111,0.2517361111111111,0.1938016214553342,0.0023148148148147,0.5194106867283951
bci_iv_2a,Patching_LogReg,4096,42,LOSO,5,0.2795138888888889,0.2795138888888889,0.26155682623291,0.0393518518518518,0.5934325167181069
bci_iv_2a,Patching_LogReg,4096,42,LOSO,6,0.3142361111111111,0.3142361111111111,0.2947920676158361,0.0856481481481481,0.6051552854938271
bci_iv_2a,Patching_LogReg,4096,42,LOSO,7,0.421875,0.421875,0.4169868223532507,0.2291666666666666,0.7039448302469137
bci_iv_2a,Patching_LogReg,4096,42,LOSO,8,0.4704861111111111,0.4704861111111111,0.4613021555842139,0.2939814814814815,0.7432564943415638
bci_iv_2a,Patching_LogReg,4096,123,LOSO,0,0.4010416666666667,0.4010416666666667,0.3883575836676405,0.2013888888888888,0.6827096193415637
bci_iv_2a,Patching_LogReg,4096,123,LOSO,1,0.2829861111111111,0.2829861111111111,0.2740634956659297,0.0439814814814815,0.5373183513374485
bci_iv_2a,Patching_LogReg,4096,123,LOSO,2,0.4409722222222222,0.4409722222222222,0.4221032732305948,0.2546296296296296,0.7426416216563787
bci_iv_2a,Patching_LogReg,4096,123,LOSO,3,0.3333333333333333,0.3333333333333333,0.3212965404750743,0.1111111111111111,0.57787985468107
bci_iv_2a,Patching_LogReg,4096,123,LOSO,4,0.2517361111111111,0.2517361111111111,0.1938016214553342,0.0023148148148147,0.519434799382716
bci_iv_2a,Patching_LogReg,4096,123,LOSO,5,0.2795138888888889,0.2795138888888889,0.26155682623291,0.0393518518518518,0.5934244791666666
bci_iv_2a,Patching_LogReg,4096,123,LOSO,6,0.3159722222222222,0.3159722222222222,0.2975592218798023,0.0879629629629629,0.6051994920267489
bci_iv_2a,Patching_LogReg,4096,123,LOSO,7,0.421875,0.421875,0.4169868223532507,0.2291666666666666,0.7039126800411522
bci_iv_2a,Patching_LogReg,4096,123,LOSO,8,0.4704861111111111,0.4704861111111111,0.4613021555842139,0.2939814814814815,0.7432404192386831
bci_iv_2a,Patching_LogReg,4096,456,LOSO,0,0.4027777777777778,0.4027777777777778,0.390345893519778,0.2037037037037037,0.6827056005658436
bci_iv_2a,Patching_LogReg,4096,456,LOSO,1,0.2829861111111111,0.2829861111111111,0.2740634956659297,0.0439814814814815,0.5373384452160493
bci_iv_2a,Patching_LogReg,4096,456,LOSO,2,0.4409722222222222,0.4409722222222222,0.4221032732305948,0.2546296296296296,0.7426335841049384
bci_iv_2a,Patching_LogReg,4096,456,LOSO,3,0.3333333333333333,0.3333333333333333,0.3212965404750743,0.1111111111111111,0.5778356481481481
bci_iv_2a,Patching_LogReg,4096,456,LOSO,4,0.25,0.25,0.1926179134238011,0.0,0.5194468557098765
bci_iv_2a,Patching_LogReg,4096,456,LOSO,5,0.2795138888888889,0.2795138888888889,0.26155682623291,0.0393518518518518,0.5933722350823045
bci_iv_2a,Patching_LogReg,4096,456,LOSO,6,0.3142361111111111,0.3142361111111111,0.2947920676158361,0.0856481481481481,0.6050909850823045
bci_iv_2a,Patching_LogReg,4096,456,LOSO,7,0.421875,0.421875,0.4169868223532507,0.2291666666666666,0.7039327739197531
bci_iv_2a,Patching_LogReg,4096,456,LOSO,8,0.4704861111111111,0.4704861111111111,0.4613021555842139,0.2939814814814815,0.7432283629115226
bci_iv_2a,Patching_LogReg,4096,789,LOSO,0,0.4045138888888889,0.4045138888888889,0.3925302584936594,0.2060185185185185,0.6826613940329218
bci_iv_2a,Patching_LogReg,4096,789,LOSO,1,0.2829861111111111,0.2829861111111111,0.2740634956659297,0.0439814814814815,0.5373464827674898
bci_iv_2a,Patching_LogReg,4096,789,LOSO,2,0.4409722222222222,0.4409722222222222,0.4221032732305948,0.2546296296296296,0.742625546553498
bci_iv_2a,Patching_LogReg,4096,789,LOSO,3,0.3333333333333333,0.3333333333333333,0.3212965404750743,0.1111111111111111,0.5777994791666666
bci_iv_2a,Patching_LogReg,4096,789,LOSO,4,0.2517361111111111,0.2517361111111111,0.1938016214553342,0.0023148148148147,0.5193865740740742
bci_iv_2a,Patching_LogReg,4096,789,LOSO,5,0.2795138888888889,0.2795138888888889,0.26155682623291,0.0393518518518518,0.5934244791666666
bci_iv_2a,Patching_LogReg,4096,789,LOSO,6,0.3142361111111111,0.3142361111111111,0.2947920676158361,0.0856481481481481,0.6051593042695473
bci_iv_2a,Patching_LogReg,4096,789,LOSO,7,0.421875,0.421875,0.4169868223532507,0.2291666666666666,0.7038925861625515
bci_iv_2a,Patching_LogReg,4096,789,LOSO,8,0.4704861111111111,0.4704861111111111,0.4613021555842139,0.2939814814814815,0.7432283629115226
bci_iv_2a,Patching_LogReg,4096,2024,LOSO,0,0.4027777777777778,0.4027777777777778,0.390345893519778,0.2037037037037037,0.6826654128086418
bci_iv_2a,Patching_LogReg,4096,2024,LOSO,1,0.2829861111111111,0.2829861111111111,0.2740634956659297,0.0439814814814815,0.5373424639917695
bci_iv_2a,Patching_LogReg,4096,2024,LOSO,2,0.4409722222222222,0.4409722222222222,0.4221032732305948,0.2546296296296296,0.7426536779835391
bci_iv_2a,Patching_LogReg,4096,2024,LOSO,3,0.3333333333333333,0.3333333333333333,0.3212965404750743,0.1111111111111111,0.5778637795781892
bci_iv_2a,Patching_LogReg,4096,2024,LOSO,4,0.25,0.25,0.1926179134238011,0.0,0.5194066679526749
bci_iv_2a,Patching_LogReg,4096,2024,LOSO,5,0.2795138888888889,0.2795138888888889,0.26155682623291,0.0393518518518518,0.593408404063786
bci_iv_2a,Patching_LogReg,4096,2024,LOSO,6,0.3142361111111111,0.3142361111111111,0.2947920676158361,0.0856481481481481,0.6051110789609054
bci_iv_2a,Patching_LogReg,4096,2024,LOSO,7,0.421875,0.421875,0.4169868223532507,0.2291666666666666,0.7039609053497944
bci_iv_2a,Patching_LogReg,4096,2024,LOSO,8,0.4704861111111111,0.4704861111111111,0.4613021555842139,0.2939814814814815,0.7432404192386831
bci_iv_2a,VQ_LogReg,4096,42,LOSO,0,0.3472222222222222,0.3472222222222222,0.2812159382996496,0.1296296296296296,0.7436161747685185
bci_iv_2a,VQ_LogReg,4096,42,LOSO,1,0.2482638888888889,0.2482638888888889,0.1760152909372116,-0.0023148148148148,0.5169311021090535
bci_iv_2a,VQ_LogReg,4096,42,LOSO,2,0.3836805555555556,0.3836805555555555,0.355266477682028,0.1782407407407407,0.6925435635288066
bci_iv_2a,VQ_LogReg,4096,42,LOSO,3,0.3003472222222222,0.3003472222222222,0.2312157795256386,0.0671296296296296,0.6338955600565843
bci_iv_2a,VQ_LogReg,4096,42,LOSO,4,0.2534722222222222,0.2534722222222222,0.107604283737217,0.0046296296296296,0.5250208976337448
bci_iv_2a,VQ_LogReg,4096,42,LOSO,5,0.2361111111111111,0.2361111111111111,0.1946990606707233,-0.0185185185185186,0.5758604198816872
bci_iv_2a,VQ_LogReg,4096,42,LOSO,6,0.2864583333333333,0.2864583333333333,0.2331523749638914,0.0486111111111111,0.5980802308384774
bci_iv_2a,VQ_LogReg,4096,42,LOSO,7,0.2673611111111111,0.2673611111111111,0.1400681610895148,0.0231481481481481,0.6491327481995884
bci_iv_2a,VQ_LogReg,4096,42,LOSO,8,0.25,0.25,0.1,0.0,0.67358699845679
bci_iv_2a,VQ_LogReg,4096,123,LOSO,0,0.3472222222222222,0.3472222222222222,0.2812159382996496,0.1296296296296296,0.7436222029320987
bci_iv_2a,VQ_LogReg,4096,123,LOSO,1,0.2482638888888889,0.2482638888888889,0.1760152909372116,-0.0023148148148148,0.5169311021090535
bci_iv_2a,VQ_LogReg,4096,123,LOSO,2,0.3836805555555556,0.3836805555555555,0.355266477682028,0.1782407407407407,0.6925435635288066
bci_iv_2a,VQ_LogReg,4096,123,LOSO,3,0.3003472222222222,0.3003472222222222,0.2312157795256386,0.0671296296296296,0.6338915412808642
bci_iv_2a,VQ_LogReg,4096,123,LOSO,4,0.2534722222222222,0.2534722222222222,0.107604283737217,0.0046296296296296,0.5250208976337448
bci_iv_2a,VQ_LogReg,4096,123,LOSO,5,0.2361111111111111,0.2361111111111111,0.1946990606707233,-0.0185185185185186,0.5758664480452674
bci_iv_2a,VQ_LogReg,4096,123,LOSO,6,0.2864583333333333,0.2864583333333333,0.2331523749638914,0.0486111111111111,0.5980460712448559
bci_iv_2a,VQ_LogReg,4096,123,LOSO,7,0.2673611111111111,0.2673611111111111,0.1400681610895148,0.0231481481481481,0.6491287294238683
bci_iv_2a,VQ_LogReg,4096,123,LOSO,8,0.25,0.25,0.1,0.0,0.6735950360082305
bci_iv_2a,VQ_LogReg,4096,456,LOSO,0,0.3472222222222222,0.3472222222222222,0.2812159382996496,0.1296296296296296,0.7436101466049383
bci_iv_2a,VQ_LogReg,4096,456,LOSO,1,0.2482638888888889,0.2482638888888889,0.1760152909372116,-0.0023148148148148,0.5169270833333333
bci_iv_2a,VQ_LogReg,4096,456,LOSO,2,0.3836805555555556,0.3836805555555555,0.355266477682028,0.1782407407407407,0.6925315072016461
bci_iv_2a,VQ_LogReg,4096,456,LOSO,3,0.3003472222222222,0.3003472222222222,0.2312157795256386,0.0671296296296296,0.6339176633230452
bci_iv_2a,VQ_LogReg,4096,456,LOSO,4,0.2534722222222222,0.2534722222222222,0.107604283737217,0.0046296296296296,0.525024916409465
bci_iv_2a,VQ_LogReg,4096,456,LOSO,5,0.2361111111111111,0.2361111111111111,0.1946990606707233,-0.0185185185185186,0.5758503729423868
bci_iv_2a,VQ_LogReg,4096,456,LOSO,6,0.2864583333333333,0.2864583333333333,0.2331523749638914,0.0486111111111111,0.5980701838991769
bci_iv_2a,VQ_LogReg,4096,456,LOSO,7,0.2673611111111111,0.2673611111111111,0.1400681610895148,0.0231481481481481,0.649120691872428
bci_iv_2a,VQ_LogReg,4096,456,LOSO,8,0.25,0.25,0.1,0.0,0.6735869984567902
bci_iv_2a,VQ_LogReg,4096,789,LOSO,0,0.3472222222222222,0.3472222222222222,0.2812159382996496,0.1296296296296296,0.7436061278292181
bci_iv_2a,VQ_LogReg,4096,789,LOSO,1,0.2482638888888889,0.2482638888888889,0.1760152909372116,-0.0023148148148148,0.5169150270061729
bci_iv_2a,VQ_LogReg,4096,789,LOSO,2,0.3836805555555556,0.3836805555555555,0.355266477682028,0.1782407407407407,0.6925395447530864
bci_iv_2a,VQ_LogReg,4096,789,LOSO,3,0.3003472222222222,0.3003472222222222,0.2312157795256386,0.0671296296296296,0.6338975694444444
bci_iv_2a,VQ_LogReg,4096,789,LOSO,4,0.2534722222222222,0.2534722222222222,0.107604283737217,0.0046296296296296,0.5250249164094651
bci_iv_2a,VQ_LogReg,4096,789,LOSO,5,0.2361111111111111,0.2361111111111111,0.1946990606707233,-0.0185185185185186,0.5758383166152263
bci_iv_2a,VQ_LogReg,4096,789,LOSO,6,0.2864583333333333,0.2864583333333333,0.2331523749638914,0.0486111111111111,0.598070183899177
bci_iv_2a,VQ_LogReg,4096,789,LOSO,7,0.2673611111111111,0.2673611111111111,0.1400681610895148,0.0231481481481481,0.6491247106481481
bci_iv_2a,VQ_LogReg,4096,789,LOSO,8,0.25,0.25,0.1,0.0,0.6735990547839505
bci_iv_2a,VQ_LogReg,4096,2024,LOSO,0,0.3472222222222222,0.3472222222222222,0.2812159382996496,0.1296296296296296,0.7436161747685185
bci_iv_2a,VQ_LogReg,4096,2024,LOSO,1,0.2482638888888889,0.2482638888888889,0.1760152909372116,-0.0023148148148148,0.5169311021090535
bci_iv_2a,VQ_LogReg,4096,2024,LOSO,2,0.3836805555555556,0.3836805555555555,0.355266477682028,0.1782407407407407,0.6925375353652263
bci_iv_2a,VQ_LogReg,4096,2024,LOSO,3,0.3003472222222222,0.3003472222222222,0.2312157795256386,0.0671296296296296,0.6338814943415638
bci_iv_2a,VQ_LogReg,4096,2024,LOSO,4,0.2534722222222222,0.2534722222222222,0.107604283737217,0.0046296296296296,0.525024916409465
bci_iv_2a,VQ_LogReg,4096,2024,LOSO,5,0.2361111111111111,0.2361111111111111,0.1946990606707233,-0.0185185185185186,0.5758523823302468
bci_iv_2a,VQ_LogReg,4096,2024,LOSO,6,0.2864583333333333,0.2864583333333333,0.2331523749638914,0.0486111111111111,0.598070183899177
bci_iv_2a,VQ_LogReg,4096,2024,LOSO,7,0.2673611111111111,0.2673611111111111,0.1400681610895148,0.0231481481481481,0.6491206918724279
bci_iv_2a,VQ_LogReg,4096,2024,LOSO,8,0.25,0.25,0.1,0.0,0.6735950360082305
bci_iv_2a,Chronos_Binning,4096,42,LOSO,0,0.2743055555555556,0.2743055555555556,0.2704769474624214,0.0324074074074074,0.5406941229423868
bci_iv_2a,Chronos_Binning,4096,42,LOSO,1,0.2465277777777778,0.2465277777777778,0.2151429880771137,-0.0046296296296295,0.5037635834619342
bci_iv_2a,Chronos_Binning,4096,42,LOSO,2,0.2934027777777778,0.2934027777777778,0.2824774431947065,0.0578703703703703,0.5518743569958848
bci_iv_2a,Chronos_Binning,4096,42,LOSO,3,0.2586805555555556,0.2586805555555556,0.2361351868347356,0.011574074074074,0.5361890753600823
bci_iv_2a,Chronos_Binning,4096,42,LOSO,4,0.2465277777777778,0.2465277777777778,0.2044457671725401,-0.0046296296296295,0.5219063464506173
bci_iv_2a,Chronos_Binning,4096,42,LOSO,5,0.265625,0.265625,0.2358785514180935,0.0208333333333333,0.5364543145576132
bci_iv_2a,Chronos_Binning,4096,42,LOSO,6,0.2934027777777778,0.2934027777777778,0.2775727020450651,0.0578703703703703,0.5627953800154321
bci_iv_2a,Chronos_Binning,4096,42,LOSO,7,0.28125,0.28125,0.2667466685530269,0.0416666666666666,0.5357068222736625
bci_iv_2a,Chronos_Binning,4096,42,LOSO,8,0.2899305555555556,0.2899305555555556,0.2815867326866364,0.0532407407407407,0.5476586612654322
bci_iv_2a,Chronos_Binning,4096,123,LOSO,0,0.2725694444444444,0.2725694444444444,0.2688137105384923,0.0300925925925925,0.5406760384516461
bci_iv_2a,Chronos_Binning,4096,123,LOSO,1,0.2447916666666666,0.2447916666666666,0.2140708391698844,-0.0069444444444444,0.5037575552983539
bci_iv_2a,Chronos_Binning,4096,123,LOSO,2,0.2934027777777778,0.2934027777777778,0.282471120907184,0.0578703703703703,0.551880385159465
bci_iv_2a,Chronos_Binning,4096,123,LOSO,3,0.2586805555555556,0.2586805555555556,0.2359973513654513,0.011574074074074,0.5361890753600823
bci_iv_2a,Chronos_Binning,4096,123,LOSO,4,0.2465277777777778,0.2465277777777778,0.2044457671725401,-0.0046296296296295,0.5218942901234568
bci_iv_2a,Chronos_Binning,4096,123,LOSO,5,0.2638888888888889,0.2638888888888889,0.2338715782944199,0.0185185185185184,0.5364623521090536
bci_iv_2a,Chronos_Binning,4096,123,LOSO,6,0.2916666666666667,0.2916666666666667,0.2751233660958812,0.0555555555555555,0.562793370627572
bci_iv_2a,Chronos_Binning,4096,123,LOSO,7,0.2829861111111111,0.2829861111111111,0.2673550256629736,0.0439814814814815,0.5357068222736625
bci_iv_2a,Chronos_Binning,4096,123,LOSO,8,0.2899305555555556,0.2899305555555556,0.2815867326866364,0.0532407407407407,0.547654642489712
bci_iv_2a,Chronos_Binning,4096,456,LOSO,0,0.2743055555555556,0.2743055555555556,0.2704769474624214,0.0324074074074074,0.5406860853909465
bci_iv_2a,Chronos_Binning,4096,456,LOSO,1,0.2430555555555555,0.2430555555555555,0.2115637220059311,-0.0092592592592593,0.503783677340535
bci_iv_2a,Chronos_Binning,4096,456,LOSO,2,0.2951388888888889,0.2951388888888889,0.2841008671931541,0.0601851851851852,0.5518743569958848
bci_iv_2a,Chronos_Binning,4096,456,LOSO,3,0.2586805555555556,0.2586805555555556,0.2359973513654513,0.011574074074074,0.5361930941358025
bci_iv_2a,Chronos_Binning,4096,456,LOSO,4,0.2465277777777778,0.2465277777777778,0.2044457671725401,-0.0046296296296295,0.521900318287037
bci_iv_2a,Chronos_Binning,4096,456,LOSO,5,0.2673611111111111,0.2673611111111111,0.2382752137399496,0.0231481481481481,0.5364402488425926
bci_iv_2a,Chronos_Binning,4096,456,LOSO,6,0.2916666666666667,0.2916666666666667,0.2751233660958812,0.0555555555555555,0.5627813143004116
bci_iv_2a,Chronos_Binning,4096,456,LOSO,7,0.2829861111111111,0.2829861111111111,0.2681904246838409,0.0439814814814815,0.5356987847222223
bci_iv_2a,Chronos_Binning,4096,456,LOSO,8,0.2899305555555556,0.2899305555555556,0.2815867326866364,0.0532407407407407,0.5476626800411523
bci_iv_2a,Chronos_Binning,4096,789,LOSO,0,0.2743055555555556,0.2743055555555556,0.2705215589498234,0.0324074074074074,0.5406720196759259
bci_iv_2a,Chronos_Binning,4096,789,LOSO,1,0.2430555555555555,0.2430555555555555,0.2115338077368756,-0.0092592592592593,0.5037856867283951
bci_iv_2a,Chronos_Binning,4096,789,LOSO,2,0.2934027777777778,0.2934027777777778,0.2824735261518326,0.0578703703703703,0.5518884227109053
bci_iv_2a,Chronos_Binning,4096,789,LOSO,3,0.2586805555555556,0.2586805555555556,0.2359973513654513,0.011574074074074,0.5361890753600823
bci_iv_2a,Chronos_Binning,4096,789,LOSO,4,0.2465277777777778,0.2465277777777778,0.2044457671725401,-0.0046296296296295,0.5218902713477367
bci_iv_2a,Chronos_Binning,4096,789,LOSO,5,0.265625,0.265625,0.23590136408906,0.0208333333333333,0.5364422582304527
bci_iv_2a,Chronos_Binning,4096,789,LOSO,6,0.2916666666666667,0.2916666666666667,0.2751233660958812,0.0555555555555555,0.5627993987911523
bci_iv_2a,Chronos_Binning,4096,789,LOSO,7,0.2795138888888889,0.2795138888888889,0.2641388352468016,0.0393518518518518,0.5357148598251029
bci_iv_2a,Chronos_Binning,4096,789,LOSO,8,0.2899305555555556,0.2899305555555556,0.2815867326866364,0.0532407407407407,0.5476586612654321
bci_iv_2a,Chronos_Binning,4096,2024,LOSO,0,0.2725694444444444,0.2725694444444444,0.2688137105384923,0.0300925925925925,0.5407122074331275
bci_iv_2a,Chronos_Binning,4096,2024,LOSO,1,0.2447916666666666,0.2447916666666666,0.2139094978346186,-0.0069444444444444,0.5038017618312758
bci_iv_2a,Chronos_Binning,4096,2024,LOSO,2,0.2934027777777778,0.2934027777777778,0.282471120907184,0.0578703703703703,0.5518723476080247
bci_iv_2a,Chronos_Binning,4096,2024,LOSO,3,0.2586805555555556,0.2586805555555556,0.2359973513654513,0.011574074074074,0.5361709908693415
bci_iv_2a,Chronos_Binning,4096,2024,LOSO,4,0.2465277777777778,0.2465277777777778,0.2044457671725401,-0.0046296296296295,0.5218962995113169
bci_iv_2a,Chronos_Binning,4096,2024,LOSO,5,0.265625,0.265625,0.2358674800304022,0.0208333333333333,0.5364583333333333
bci_iv_2a,Chronos_Binning,4096,2024,LOSO,6,0.2899305555555556,0.2899305555555556,0.2726093109875104,0.0532407407407407,0.5627692579732511
bci_iv_2a,Chronos_Binning,4096,2024,LOSO,7,0.28125,0.28125,0.2669769858596207,0.0416666666666666,0.5357068222736625
bci_iv_2a,Chronos_Binning,4096,2024,LOSO,8,0.2899305555555556,0.2899305555555556,0.2815867326866364,0.0532407407407407,0.5476506237139919
bci_iv_2a,PSD_LogReg,4096,42,LOSO,0,0.4809027777777778,0.4809027777777777,0.4443012225476372,0.3078703703703703,0.747194894547325
bci_iv_2a,PSD_LogReg,4096,42,LOSO,1,0.265625,0.2656249999999999,0.2363154770967759,0.0208333333333333,0.5326967592592593
bci_iv_2a,PSD_LogReg,4096,42,LOSO,2,0.4340277777777778,0.4340277777777778,0.4061193825227694,0.2453703703703703,0.7886927726337448
bci_iv_2a,PSD_LogReg,4096,42,LOSO,3,0.3784722222222222,0.3784722222222222,0.3303031282048982,0.1712962962962962,0.641452867798354
bci_iv_2a,PSD_LogReg,4096,42,LOSO,4,0.2708333333333333,0.2708333333333333,0.176609491137793,0.0277777777777777,0.555053208590535
bci_iv_2a,PSD_LogReg,4096,42,LOSO,5,0.3298611111111111,0.3298611111111111,0.3014522167512092,0.1064814814814815,0.6406692065329217
bci_iv_2a,PSD_LogReg,4096,42,LOSO,6,0.3177083333333333,0.3177083333333333,0.2956272166893886,0.0902777777777777,0.5743634259259258
bci_iv_2a,PSD_LogReg,4096,42,LOSO,7,0.46875,0.46875,0.4566190029106963,0.2916666666666666,0.7310112847222223
bci_iv_2a,PSD_LogReg,4096,42,LOSO,8,0.4774305555555556,0.4774305555555556,0.4638871716705681,0.3032407407407407,0.7895527906378601
bci_iv_2a,PSD_LogReg,4096,123,LOSO,0,0.4809027777777778,0.4809027777777777,0.4443012225476372,0.3078703703703703,0.7471948945473251
bci_iv_2a,PSD_LogReg,4096,123,LOSO,1,0.265625,0.2656249999999999,0.2363154770967759,0.0208333333333333,0.5326605902777778
bci_iv_2a,PSD_LogReg,4096,123,LOSO,2,0.4340277777777778,0.4340277777777778,0.4061193825227694,0.2453703703703703,0.7886766975308642
bci_iv_2a,PSD_LogReg,4096,123,LOSO,3,0.3784722222222222,0.3784722222222222,0.3303031282048982,0.1712962962962962,0.6414126800411524
bci_iv_2a,PSD_LogReg,4096,123,LOSO,4,0.2708333333333333,0.2708333333333333,0.176609491137793,0.0277777777777777,0.5550893775720165
bci_iv_2a,PSD_LogReg,4096,123,LOSO,5,0.3298611111111111,0.3298611111111111,0.3012671549929617,0.1064814814814815,0.6406692065329218
bci_iv_2a,PSD_LogReg,4096,123,LOSO,6,0.3177083333333333,0.3177083333333333,0.2956272166893886,0.0902777777777777,0.574291087962963
bci_iv_2a,PSD_LogReg,4096,123,LOSO,7,0.46875,0.46875,0.4566011329410136,0.2916666666666666,0.7310233410493827
bci_iv_2a,PSD_LogReg,4096,123,LOSO,8,0.4774305555555556,0.4774305555555556,0.4638871716705681,0.3032407407407407,0.7895527906378601
bci_iv_2a,PSD_LogReg,4096,456,LOSO,0,0.4809027777777778,0.4809027777777777,0.4443012225476372,0.3078703703703703,0.7472109696502057
bci_iv_2a,PSD_LogReg,4096,456,LOSO,1,0.265625,0.2656249999999999,0.2363154770967759,0.0208333333333333,0.5326244212962963
bci_iv_2a,PSD_LogReg,4096,456,LOSO,2,0.4340277777777778,0.4340277777777778,0.4061193825227694,0.2453703703703703,0.7886807163065843
bci_iv_2a,PSD_LogReg,4096,456,LOSO,3,0.3784722222222222,0.3784722222222222,0.3303031282048982,0.1712962962962962,0.6413925861625515
bci_iv_2a,PSD_LogReg,4096,456,LOSO,4,0.2708333333333333,0.2708333333333333,0.176609491137793,0.0277777777777777,0.5550572273662551
bci_iv_2a,PSD_LogReg,4096,456,LOSO,5,0.3298611111111111,0.3298611111111111,0.3014522167512092,0.1064814814814815,0.6406933191872428
bci_iv_2a,PSD_LogReg,4096,456,LOSO,6,0.3177083333333333,0.3177083333333333,0.2956272166893886,0.0902777777777777,0.5743795010288065
bci_iv_2a,PSD_LogReg,4096,456,LOSO,7,0.46875,0.46875,0.4566011329410136,0.2916666666666666,0.7309992283950617
bci_iv_2a,PSD_LogReg,4096,456,LOSO,8,0.4774305555555556,0.4774305555555556,0.4638871716705681,0.3032407407407407,0.7895688657407407
bci_iv_2a,PSD_LogReg,4096,789,LOSO,0,0.4809027777777778,0.4809027777777777,0.4443012225476372,0.3078703703703703,0.7471667631172839
bci_iv_2a,PSD_LogReg,4096,789,LOSO,1,0.265625,0.2656249999999999,0.2363154770967759,0.0208333333333333,0.5326525527263375
bci_iv_2a,PSD_LogReg,4096,789,LOSO,2,0.4340277777777778,0.4340277777777778,0.4061193825227694,0.2453703703703703,0.7886847350823044
bci_iv_2a,PSD_LogReg,4096,789,LOSO,3,0.3784722222222222,0.3784722222222222,0.3303031282048982,0.1712962962962962,0.6414367926954734
bci_iv_2a,PSD_LogReg,4096,789,LOSO,4,0.2708333333333333,0.2708333333333333,0.176609491137793,0.0277777777777777,0.5550853587962964
bci_iv_2a,PSD_LogReg,4096,789,LOSO,5,0.3298611111111111,0.3298611111111111,0.3014522167512092,0.1064814814814815,0.6407013567386832
bci_iv_2a,PSD_LogReg,4096,789,LOSO,6,0.3194444444444444,0.3194444444444445,0.2969523790020595,0.0925925925925925,0.5743433320473251
bci_iv_2a,PSD_LogReg,4096,789,LOSO,7,0.46875,0.46875,0.4566190029106963,0.2916666666666666,0.7309992283950617
bci_iv_2a,PSD_LogReg,4096,789,LOSO,8,0.4774305555555556,0.4774305555555556,0.4638871716705681,0.3032407407407407,0.789528677983539
bci_iv_2a,PSD_LogReg,4096,2024,LOSO,0,0.4809027777777778,0.4809027777777777,0.4443012225476372,0.3078703703703703,0.7471788194444444
bci_iv_2a,PSD_LogReg,4096,2024,LOSO,1,0.265625,0.2656249999999999,0.2363154770967759,0.0208333333333333,0.5326445151748971
bci_iv_2a,PSD_LogReg,4096,2024,LOSO,2,0.4340277777777778,0.4340277777777778,0.4061193825227694,0.2453703703703703,0.7886324909979423
bci_iv_2a,PSD_LogReg,4096,2024,LOSO,3,0.3784722222222222,0.3784722222222222,0.3303031282048982,0.1712962962962962,0.6414769804526749
bci_iv_2a,PSD_LogReg,4096,2024,LOSO,4,0.2708333333333333,0.2708333333333333,0.176609491137793,0.0277777777777777,0.5550532085905351
bci_iv_2a,PSD_LogReg,4096,2024,LOSO,5,0.3298611111111111,0.3298611111111111,0.3014522167512092,0.1064814814814815,0.6406852816358024
bci_iv_2a,PSD_LogReg,4096,2024,LOSO,6,0.3177083333333333,0.3177083333333333,0.2956272166893886,0.0902777777777777,0.5743875385802469
bci_iv_2a,PSD_LogReg,4096,2024,LOSO,7,0.46875,0.46875,0.4566190029106963,0.2916666666666666,0.7309911908436214
bci_iv_2a,PSD_LogReg,4096,2024,LOSO,8,0.4774305555555556,0.4774305555555556,0.4638871716705681,0.3032407407407407,0.7895487718621399
physionet_mi,BPE_Hist_LogReg,4096,42,5fold-subject,0,0.3253715498938428,0.3251808636626827,0.3243550479148669,0.1002337939321794,0.5800835302188373
physionet_mi,BPE_Hist_LogReg,4096,42,5fold-subject,1,0.3370607028753993,0.3371398552519312,0.3362519665387063,0.1161307248445551,0.5852432182957455
physionet_mi,BPE_Hist_LogReg,4096,42,5fold-subject,2,0.32605221097496,0.3264839582302246,0.3254132575024617,0.1016916641823004,0.5835906968551319
physionet_mi,BPE_Hist_LogReg,4096,42,5fold-subject,3,0.3228511530398323,0.3231511920388646,0.3226813349440315,0.0974806271083557,0.5751653246553902
physionet_mi,BPE_Hist_LogReg,4096,42,5fold-subject,4,0.3149466192170818,0.3149952111912072,0.3143730354290811,0.0866330860695397,0.5777052584655186
physionet_mi,BPE_Hist_LogReg,4096,123,5fold-subject,0,0.3192046049188906,0.319216077412406,0.3181738550710291,0.0922490268793433,0.5791955229829462
physionet_mi,BPE_Hist_LogReg,4096,123,5fold-subject,1,0.3322666666666666,0.3329373194448242,0.3305070777646759,0.1102336210023526,0.6000723066712249
physionet_mi,BPE_Hist_LogReg,4096,123,5fold-subject,2,0.2925925925925925,0.2926326833561122,0.2933613903759023,0.0566770968890761,0.5619599512509773
physionet_mi,BPE_Hist_LogReg,4096,123,5fold-subject,3,0.322529224229543,0.3224493386001729,0.3207471774414902,0.0966199343345414,0.578959770472304
physionet_mi,BPE_Hist_LogReg,4096,123,5fold-subject,4,0.3178363880196692,0.3176868357506405,0.316289786957997,0.0901824053065688,0.5650839476314877
physionet_mi,BPE_Hist_LogReg,4096,456,5fold-subject,0,0.3310308182784272,0.3312356160813119,0.3298251871985331,0.1083810983135751,0.5898830305704305
physionet_mi,BPE_Hist_LogReg,4096,456,5fold-subject,1,0.3296645702306079,0.3298014230468418,0.3282786702191226,0.1062190996236008,0.5782033103471924
physionet_mi,BPE_Hist_LogReg,4096,456,5fold-subject,2,0.3002125398512221,0.3004056248227905,0.2996466264948308,0.0670543598545586,0.560813665635692
physionet_mi,BPE_Hist_LogReg,4096,456,5fold-subject,3,0.3178913738019169,0.3174580593515944,0.3151480214465084,0.090105266661422,0.5677471470630773
physionet_mi,BPE_Hist_LogReg,4096,456,5fold-subject,4,0.3224944320712695,0.3228750986203226,0.3208250529804103,0.0969591201272375,0.5931122772247046
physionet_mi,BPE_Hist_LogReg,4096,789,5fold-subject,0,0.3196808510638297,0.3193235144703558,0.3177519557354785,0.0925212979271765,0.573657614213015
physionet_mi,BPE_Hist_LogReg,4096,789,5fold-subject,1,0.3202716823406478,0.3202650032643784,0.3205469551573227,0.0935916588042072,0.5740694466415561
physionet_mi,BPE_Hist_LogReg,4096,789,5fold-subject,2,0.3218029350104822,0.3215412757981877,0.3216168198599918,0.095594812737965,0.574264978459374
physionet_mi,BPE_Hist_LogReg,4096,789,5fold-subject,3,0.3253333333333333,0.3254343508576708,0.3237143074880517,0.1004919491303665,0.5838706768427737
physionet_mi,BPE_Hist_LogReg,4096,789,5fold-subject,4,0.3255184851217313,0.325787227534729,0.3246980404066361,0.1008908911675557,0.5826427979582455
physionet_mi,BPE_Hist_LogReg,4096,2024,5fold-subject,0,0.3176165803108808,0.3175973633416625,0.3177899402371202,0.0899883358000716,0.576511064819651
physionet_mi,BPE_Hist_LogReg,4096,2024,5fold-subject,1,0.3145766345123258,0.3144221944971787,0.3131402261148435,0.0858147753467915,0.5718384268609997
physionet_mi,BPE_Hist_LogReg,4096,2024,5fold-subject,2,0.3418940609951846,0.3420337392658918,0.3419004844093359,0.1226366812037083,0.5923938884404063
physionet_mi,BPE_Hist_LogReg,4096,2024,5fold-subject,3,0.3201058201058201,0.3204547228661594,0.3200455466765274,0.0937954286976534,0.583638988756473
physionet_mi,BPE_Hist_LogReg,4096,2024,5fold-subject,4,0.3013392857142857,0.3013462151212274,0.3008821278095912,0.0684679757965361,0.5674784671916637
physionet_mi,BPE_Hist_RF,4096,42,5fold-subject,0,0.2765392781316348,0.2763921553837989,0.2760303414128497,0.0352530651163944,0.528740908962547
physionet_mi,BPE_Hist_RF,4096,42,5fold-subject,1,0.2577209797657082,0.2578421175363115,0.2573305664528937,0.0104700880545746,0.5213506411798338
physionet_mi,BPE_Hist_RF,4096,42,5fold-subject,2,0.2589238145977623,0.2590592073172227,0.2588567784893454,0.0119942344726015,0.5129661812621695
physionet_mi,BPE_Hist_RF,4096,42,5fold-subject,3,0.2741090146750524,0.2739438851849228,0.2738255799436976,0.0320024762403639,0.5283248052461085
physionet_mi,BPE_Hist_RF,4096,42,5fold-subject,4,0.2566725978647687,0.2566674573710571,0.2566296218793837,0.0088141575360466,0.5182533382791266
physionet_mi,BPE_Hist_RF,4096,123,5fold-subject,0,0.2731554160125589,0.2730204955310804,0.2724085215289314,0.0306538427407472,0.5176380021488223
physionet_mi,BPE_Hist_RF,4096,123,5fold-subject,1,0.2730666666666667,0.2728406428351821,0.2726938725022992,0.0306622693644711,0.524935047787783
physionet_mi,BPE_Hist_RF,4096,123,5fold-subject,2,0.2560846560846561,0.2558866284710914,0.2550207834383924,0.0078984624207019,0.5204748862064451
physionet_mi,BPE_Hist_RF,4096,123,5fold-subject,3,0.2534537725823592,0.2533994285260349,0.252180394543676,0.0045259600818001,0.5110409010046211
physionet_mi,BPE_Hist_RF,4096,123,5fold-subject,4,0.2489941886455073,0.2489672999009067,0.2490481430813779,-0.0014223962660631,0.4985648931121259
physionet_mi,BPE_Hist_RF,4096,456,5fold-subject,0,0.255047821466525,0.2549142588458826,0.2548799959616472,0.006602161063213,0.5155852166800111
physionet_mi,BPE_Hist_RF,4096,456,5fold-subject,1,0.2620545073375262,0.2621074444190429,0.2622967336289694,0.0159757281748991,0.4954733167524832
physionet_mi,BPE_Hist_RF,4096,456,5fold-subject,2,0.2587672688629118,0.258753548309336,0.2589509540457966,0.0116591833715372,0.5093934981499322
physionet_mi,BPE_Hist_RF,4096,456,5fold-subject,3,0.2598509052183174,0.2598018221688098,0.2595358468334109,0.0129419918802017,0.507745151576447
physionet_mi,BPE_Hist_RF,4096,456,5fold-subject,4,0.2650334075723831,0.2651751233585149,0.2644110798310218,0.0201928746061131,0.524062896858914
physionet_mi,BPE_Hist_RF,4096,789,5fold-subject,0,0.2670212765957447,0.2669788379588866,0.2668391299546521,0.0226349364322614,0.5268077594913941
physionet_mi,BPE_Hist_RF,4096,789,5fold-subject,1,0.2711598746081505,0.2711059375519358,0.2710562708526943,0.0280999713529315,0.5139715194535078
physionet_mi,BPE_Hist_RF,4096,789,5fold-subject,2,0.2767295597484276,0.2765119911522405,0.2763427849127505,0.0353426331778474,0.5240534568511671
physionet_mi,BPE_Hist_RF,4096,789,5fold-subject,3,0.2704,0.2703155921022224,0.269033119403495,0.0270949320180213,0.5009434160880408
physionet_mi,BPE_Hist_RF,4096,789,5fold-subject,4,0.257439134355275,0.2574262599919729,0.2570731656142994,0.0099432642027854,0.5020073153815466
physionet_mi,BPE_Hist_RF,4096,2024,5fold-subject,0,0.2709844559585492,0.2710841237366991,0.2706692125226515,0.0279792746113989,0.5190276108172277
physionet_mi,BPE_Hist_RF,4096,2024,5fold-subject,1,0.2631296891747052,0.2631768816563221,0.2633038265488491,0.0174099297222628,0.5045441933910205
physionet_mi,BPE_Hist_RF,4096,2024,5fold-subject,2,0.2701979668271803,0.2699590844609082,0.2692560378546538,0.0267832396885786,0.5206683806313805
physionet_mi,BPE_Hist_RF,4096,2024,5fold-subject,3,0.2497354497354497,0.249478950970092,0.2489433081863428,-0.0004035179599086,0.5035703990979262
physionet_mi,BPE_Hist_RF,4096,2024,5fold-subject,4,0.2553571428571428,0.2555659018109712,0.2543519256829598,0.0074398444768066,0.503956663619587
physionet_mi,BPE_Windowed_LogReg,4096,42,5fold-subject,0,0.4278131634819533,0.4276850376241268,0.4272539890403851,0.2370446671880881,0.6840238377123532
physionet_mi,BPE_Windowed_LogReg,4096,42,5fold-subject,1,0.443024494142705,0.4429165046971846,0.4431527993232853,0.2572769832345627,0.6976856859126723
physionet_mi,BPE_Windowed_LogReg,4096,42,5fold-subject,2,0.431006925945658,0.4311418588323388,0.430395256163566,0.2415056859566047,0.6896469004069365
physionet_mi,BPE_Windowed_LogReg,4096,42,5fold-subject,3,0.4486373165618448,0.4486297449974845,0.4479330729490134,0.2647967090464959,0.7176857320678872
physionet_mi,BPE_Windowed_LogReg,4096,42,5fold-subject,4,0.4030249110320285,0.4029397060280689,0.4015674920373996,0.2040506452015468,0.6627614911190549
physionet_mi,BPE_Windowed_LogReg,4096,123,5fold-subject,0,0.4280481423338566,0.4280232673265336,0.4283616742312159,0.2373747608036777,0.6922648870842437
physionet_mi,BPE_Windowed_LogReg,4096,123,5fold-subject,1,0.4357333333333333,0.4356886289869628,0.4332995891342325,0.2476099883258655,0.6907575369246908
physionet_mi,BPE_Windowed_LogReg,4096,123,5fold-subject,2,0.3878306878306878,0.3879683387109124,0.3870435598961929,0.1838619851061614,0.6559002701582168
physionet_mi,BPE_Windowed_LogReg,4096,123,5fold-subject,3,0.4463336875664187,0.4463127173274449,0.4463277492272958,0.2617571291918624,0.7007130837973599
physionet_mi,BPE_Windowed_LogReg,4096,123,5fold-subject,4,0.4237818506928922,0.4237024974973322,0.4223377543945407,0.2316334364308693,0.6815105230447306
physionet_mi,BPE_Windowed_LogReg,4096,456,5fold-subject,0,0.4208289054197662,0.4205717551193019,0.4197945155401746,0.2277506522058296,0.6871549290431589
physionet_mi,BPE_Windowed_LogReg,4096,456,5fold-subject,1,0.4397274633123689,0.4397385178455792,0.4380931880881692,0.253053937608376,0.6844014643498084
physionet_mi,BPE_Windowed_LogReg,4096,456,5fold-subject,2,0.3873538788522848,0.3875229888528244,0.3877763349321375,0.1832903828732108,0.6641718538972333
physionet_mi,BPE_Windowed_LogReg,4096,456,5fold-subject,3,0.4329073482428115,0.432756121402842,0.432252419501232,0.2437609627190985,0.6937808676596473
physionet_mi,BPE_Windowed_LogReg,4096,456,5fold-subject,4,0.4271714922048997,0.4273597550585432,0.4269689982860405,0.2363190146399942,0.6912330076517069
physionet_mi,BPE_Windowed_LogReg,4096,789,5fold-subject,0,0.4388297872340425,0.4385614137250736,0.4378226878197002,0.2517445398364732,0.7102939895065634
physionet_mi,BPE_Windowed_LogReg,4096,789,5fold-subject,1,0.4310344827586206,0.4311265858618531,0.429513944476629,0.2414406014479382,0.6864514239403441
physionet_mi,BPE_Windowed_LogReg,4096,789,5fold-subject,2,0.4365828092243186,0.4364745853639528,0.4364531146358542,0.2486626040502108,0.6830296161103168
physionet_mi,BPE_Windowed_LogReg,4096,789,5fold-subject,3,0.4474666666666667,0.447617886075854,0.4460985078383159,0.2633174568922198,0.7021019788106353
physionet_mi,BPE_Windowed_LogReg,4096,789,5fold-subject,4,0.3935978358881875,0.3935697367511369,0.3935410303791314,0.1914377030749766,0.6541618598154164
physionet_mi,BPE_Windowed_LogReg,4096,2024,5fold-subject,0,0.4533678756476684,0.4533895888747338,0.4520821718276242,0.2712153414333665,0.6931351054409624
physionet_mi,BPE_Windowed_LogReg,4096,2024,5fold-subject,1,0.4196141479099678,0.4197801636746455,0.4177536687377201,0.226236344888927,0.6782620306165682
physionet_mi,BPE_Windowed_LogReg,4096,2024,5fold-subject,2,0.4729802033172819,0.4726318100837209,0.4722679414580034,0.2972066774651775,0.7251047392975851
physionet_mi,BPE_Windowed_LogReg,4096,2024,5fold-subject,3,0.3883597883597883,0.3884661191275303,0.3884507227706065,0.1844541471023979,0.6596868144485705
physionet_mi,BPE_Windowed_LogReg,4096,2024,5fold-subject,4,0.409375,0.4092664598332176,0.4096907748204026,0.2124194253504358,0.6772025392008669
physionet_mi,BPE_WindowedSeq_CNN,4096,42,5fold-subject,0,0.3651804670912951,0.3653905151759657,0.347252199704489,0.1538257017579436,0.6284626288016717
physionet_mi,BPE_WindowedSeq_CNN,4096,42,5fold-subject,1,0.3753993610223642,0.3747316155711041,0.3412626806299561,0.1665592183818288,0.6333550189751429
physionet_mi,BPE_WindowedSeq_CNN,4096,42,5fold-subject,2,0.3697389451251998,0.3707427621002261,0.3492404475200585,0.1606462653048959,0.6273044713633185
physionet_mi,BPE_WindowedSeq_CNN,4096,42,5fold-subject,3,0.4040880503144654,0.404911186472695,0.3879583888732986,0.2062522296069855,0.6666385617506247
physionet_mi,BPE_WindowedSeq_CNN,4096,42,5fold-subject,4,0.3683274021352313,0.3687787630724886,0.3483295496827695,0.1582300511576393,0.6271188977754921
physionet_mi,BPE_WindowedSeq_CNN,4096,123,5fold-subject,0,0.3746729461015175,0.3750480151323411,0.3617383629133894,0.1665906360442083,0.655714051510724
physionet_mi,BPE_WindowedSeq_CNN,4096,123,5fold-subject,1,0.4149333333333333,0.4146052523659533,0.4094504482677042,0.2199212440452328,0.6534172990354793
physionet_mi,BPE_WindowedSeq_CNN,4096,123,5fold-subject,2,0.3529100529100529,0.3532717784541179,0.3342391403812794,0.1376296090686055,0.6200898152304447
physionet_mi,BPE_WindowedSeq_CNN,4096,123,5fold-subject,3,0.3724760892667375,0.3722808410684486,0.3317006956142031,0.1631467737368747,0.6449424953788357
physionet_mi,BPE_WindowedSeq_CNN,4096,123,5fold-subject,4,0.3696915511846222,0.3703892529133431,0.3452361155232231,0.1602723190729309,0.6421227653487105
physionet_mi,BPE_WindowedSeq_CNN,4096,456,5fold-subject,0,0.3783209351753454,0.3788375517628914,0.3651944991705489,0.1716966837623298,0.6402281111436292
physionet_mi,BPE_WindowedSeq_CNN,4096,456,5fold-subject,1,0.3647798742138364,0.3644086617408666,0.31093277398734,0.1528024610352569,0.639363231687401
physionet_mi,BPE_WindowedSeq_CNN,4096,456,5fold-subject,2,0.3793836344314559,0.3785503562254528,0.3743654672436035,0.1718471679290152,0.6349686020336651
physionet_mi,BPE_WindowedSeq_CNN,4096,456,5fold-subject,3,0.3690095846645367,0.3695924542680932,0.3577540256286158,0.1593620847720572,0.6474760317980294
physionet_mi,BPE_WindowedSeq_CNN,4096,456,5fold-subject,4,0.3830734966592428,0.3830022390341259,0.3811982615366441,0.1773978700297497,0.6427665519182557
physionet_mi,BPE_WindowedSeq_CNN,4096,789,5fold-subject,0,0.3329787234042553,0.3332130712793667,0.301988801215842,0.110838550394377,0.6334015080816663
physionet_mi,BPE_WindowedSeq_CNN,4096,789,5fold-subject,1,0.3897596656217346,0.3900358183128428,0.3838502435343739,0.1865842463353479,0.6357514002870828
physionet_mi,BPE_WindowedSeq_CNN,4096,789,5fold-subject,2,0.3757861635220126,0.3755714340753447,0.3657813909344829,0.1674581407771223,0.6496623148665643
physionet_mi,BPE_WindowedSeq_CNN,4096,789,5fold-subject,3,0.3642666666666667,0.3646057504532474,0.3062742949033653,0.1527572916891745,0.6405557738235546
physionet_mi,BPE_WindowedSeq_CNN,4096,789,5fold-subject,4,0.3570784490532011,0.3564739937185222,0.344940156974423,0.1422614543926019,0.6118422946885227
physionet_mi,BPE_WindowedSeq_CNN,4096,2024,5fold-subject,0,0.3725388601036269,0.3720483119142141,0.3579410744869898,0.1628463574863793,0.6216608625371625
physionet_mi,BPE_WindowedSeq_CNN,4096,2024,5fold-subject,1,0.3729903536977492,0.3728685327009904,0.3659055493672902,0.1638616278735769,0.6290162057986445
physionet_mi,BPE_WindowedSeq_CNN,4096,2024,5fold-subject,2,0.4044943820224719,0.4047917306534789,0.3854091830362587,0.2063249150695468,0.6643422160250597
physionet_mi,BPE_WindowedSeq_CNN,4096,2024,5fold-subject,3,0.3486772486772487,0.3483173297453971,0.3406720330223396,0.1311282683662257,0.629555870621994
physionet_mi,BPE_WindowedSeq_CNN,4096,2024,5fold-subject,4,0.36875,0.3684671169948822,0.3669922213915478,0.1580872385104065,0.6236356095011193
physionet_mi,BPE_Bigram_LogReg,4096,42,5fold-subject,0,0.2823779193205945,0.2811545888481894,0.2367374508622978,0.0416852585774234,0.5335392180231896
physionet_mi,BPE_Bigram_LogReg,4096,42,5fold-subject,1,0.2768903088391906,0.2773292917592263,0.2337900185592925,0.0363437405063579,0.5268016576230174
physionet_mi,BPE_Bigram_LogReg,4096,42,5fold-subject,2,0.2669152903569526,0.2682124460341201,0.1864317741869183,0.0243648885712428,0.5201522060727988
physionet_mi,BPE_Bigram_LogReg,4096,42,5fold-subject,3,0.2594339622641509,0.2593329172673253,0.171675296585174,0.0124462359092476,0.5153412932284442
physionet_mi,BPE_Bigram_LogReg,4096,42,5fold-subject,4,0.2606761565836299,0.2606695272853414,0.1885800379859182,0.014267645387354,0.5212590667660749
physionet_mi,BPE_Bigram_LogReg,4096,123,5fold-subject,0,0.2742019884877028,0.2743947712651929,0.2375821294159799,0.0325170222970738,0.5310999431068147
physionet_mi,BPE_Bigram_LogReg,4096,123,5fold-subject,1,0.2709333333333333,0.2711030587239896,0.191585898643516,0.0280505419406263,0.5239745027544609
physionet_mi,BPE_Bigram_LogReg,4096,123,5fold-subject,2,0.264021164021164,0.2640037676078675,0.2056843591412449,0.0187465288353012,0.5217422701701584
physionet_mi,BPE_Bigram_LogReg,4096,123,5fold-subject,3,0.2518597236981934,0.2518909573343692,0.2074614192513918,0.0025198095273946,0.5169083447235048
physionet_mi,BPE_Bigram_LogReg,4096,123,5fold-subject,4,0.2686633884666964,0.2678420912910651,0.2005288064356021,0.0238215649873033,0.5201005985989555
physionet_mi,BPE_Bigram_LogReg,4096,456,5fold-subject,0,0.2577045696068012,0.2586726543729897,0.2370752719278042,0.0114728605224412,0.5185595196412888
physionet_mi,BPE_Bigram_LogReg,4096,456,5fold-subject,1,0.2657232704402515,0.2661252288979879,0.2214440539938877,0.021553145672881,0.5271551933572876
physionet_mi,BPE_Bigram_LogReg,4096,456,5fold-subject,2,0.2667375132837407,0.2666508384932339,0.1779066532253596,0.0221804897681653,0.5320100538715972
physionet_mi,BPE_Bigram_LogReg,4096,456,5fold-subject,3,0.2529286474973375,0.2524479678574763,0.1797617704721286,0.0033502402512244,0.5100059051329628
physionet_mi,BPE_Bigram_LogReg,4096,456,5fold-subject,4,0.2797327394209354,0.2805286748583724,0.1850290155897785,0.0407194752577653,0.5327451350065148
physionet_mi,BPE_Bigram_LogReg,4096,789,5fold-subject,0,0.2526595744680851,0.25224241186879,0.2060994815213152,0.0030146596174889,0.521767162279611
physionet_mi,BPE_Bigram_LogReg,4096,789,5fold-subject,1,0.2617554858934169,0.2618691575694436,0.1828232703926377,0.0158032947245687,0.5213590376396586
physionet_mi,BPE_Bigram_LogReg,4096,789,5fold-subject,2,0.2809224318658281,0.2803223275267741,0.2405572672500561,0.0406578908792399,0.5254291699926591
physionet_mi,BPE_Bigram_LogReg,4096,789,5fold-subject,3,0.2741333333333333,0.2736698741052304,0.247140784957174,0.0316736398180731,0.5438098294777203
physionet_mi,BPE_Bigram_LogReg,4096,789,5fold-subject,4,0.2628494138863841,0.2649450456350952,0.1442344512383422,0.0198498758875983,0.5136660204182386
physionet_mi,BPE_Bigram_LogReg,4096,2024,5fold-subject,0,0.2704663212435233,0.271272994028421,0.2481570539168941,0.0282265735746175,0.5177917465664715
physionet_mi,BPE_Bigram_LogReg,4096,2024,5fold-subject,1,0.2684887459807074,0.2677857312702875,0.2028335192913425,0.0237200433120285,0.5095202355215025
physionet_mi,BPE_Bigram_LogReg,4096,2024,5fold-subject,2,0.2589620117710005,0.2593258458636094,0.2228266494740972,0.0125845108782723,0.5223882930742058
physionet_mi,BPE_Bigram_LogReg,4096,2024,5fold-subject,3,0.2693121693121693,0.2689029608585123,0.2234812653608076,0.0252387242495436,0.5321800962582867
physionet_mi,BPE_Bigram_LogReg,4096,2024,5fold-subject,4,0.2651785714285714,0.2655411034363187,0.2041282793709324,0.0206742532821798,0.5264609482037519
physionet_mi,BPE_Seq_CNN,4096,42,5fold-subject,0,0.2754777070063694,0.275326823839501,0.2308549190469322,0.0338200188001703,0.5151619415866519
physionet_mi,BPE_Seq_CNN,4096,42,5fold-subject,1,0.2705005324813631,0.2714235920088205,0.2312297234140246,0.0284883997544089,0.5247876956560077
physionet_mi,BPE_Seq_CNN,4096,42,5fold-subject,2,0.2802344166222695,0.2803315098863601,0.2369737472002185,0.0405766164700648,0.5309257248252028
physionet_mi,BPE_Seq_CNN,4096,42,5fold-subject,3,0.2589098532494759,0.2584213458711985,0.2455933199323535,0.011135534196657,0.5261284124475724
physionet_mi,BPE_Seq_CNN,4096,42,5fold-subject,4,0.2562277580071174,0.2583201711047653,0.2154946995714588,0.0110116916010658,0.5130301954114243
physionet_mi,BPE_Seq_CNN,4096,123,5fold-subject,0,0.2653061224489796,0.2654094074126857,0.2009152109669004,0.0205394939159817,0.5165890593964604
physionet_mi,BPE_Seq_CNN,4096,123,5fold-subject,1,0.2757333333333333,0.2756200569910436,0.221582543072393,0.0340672209549657,0.5205902783386278
physionet_mi,BPE_Seq_CNN,4096,123,5fold-subject,2,0.2629629629629629,0.262553944979758,0.2453327355797023,0.0167587625539467,0.5146262322332038
physionet_mi,BPE_Seq_CNN,4096,123,5fold-subject,3,0.2667375132837407,0.2668815176725129,0.2587626520926381,0.022501406690767,0.5299586489265785
physionet_mi,BPE_Seq_CNN,4096,123,5fold-subject,4,0.2713455520786768,0.2706641876349958,0.241480065797026,0.0276229215073604,0.5197777991688353
physionet_mi,BPE_Seq_CNN,4096,456,5fold-subject,0,0.2592986184909671,0.2588828444732103,0.2523290848099074,0.0117102652985727,0.5228663132343461
physionet_mi,BPE_Seq_CNN,4096,456,5fold-subject,1,0.2583857442348008,0.2588134991303228,0.2189209479936925,0.0116928195062381,0.5096565727821065
physionet_mi,BPE_Seq_CNN,4096,456,5fold-subject,2,0.2635494155154091,0.2632470298075609,0.2095669641018256,0.0176180461820285,0.5188810390237764
physionet_mi,BPE_Seq_CNN,4096,456,5fold-subject,3,0.2673056443024494,0.2670329056326531,0.2243353646785678,0.0227487083450251,0.5145771719054418
physionet_mi,BPE_Seq_CNN,4096,456,5fold-subject,4,0.2507795100222717,0.2521402575948849,0.1248677187023432,0.0028485213541394,0.5177426090602287
physionet_mi,BPE_Seq_CNN,4096,789,5fold-subject,0,0.2707446808510638,0.2712975026005166,0.2018480128984038,0.0284409852947608,0.5320195165424684
physionet_mi,BPE_Seq_CNN,4096,789,5fold-subject,1,0.2774294670846395,0.2775358473568836,0.2731019017288061,0.0367167183777917,0.5173697178588739
physionet_mi,BPE_Seq_CNN,4096,789,5fold-subject,2,0.2578616352201258,0.2568454796915567,0.2336989929866066,0.0091677711658597,0.5134853793322413
physionet_mi,BPE_Seq_CNN,4096,789,5fold-subject,3,0.2597333333333333,0.2605320066084177,0.2232539971501263,0.0140786911056448,0.5158437625787885
physionet_mi,BPE_Seq_CNN,4096,789,5fold-subject,4,0.2660054102795311,0.2644623667990797,0.1924531422606603,0.0194044142367471,0.5173464338658371
physionet_mi,BPE_Seq_CNN,4096,2024,5fold-subject,0,0.2626943005181347,0.2625568450496958,0.1946190550344285,0.0167096243154017,0.5203797359599313
physionet_mi,BPE_Seq_CNN,4096,2024,5fold-subject,1,0.2652733118971061,0.2652933759758496,0.240167047109569,0.0203542872897712,0.5115155169980223
physionet_mi,BPE_Seq_CNN,4096,2024,5fold-subject,2,0.2776886035313001,0.2773416025183074,0.2516837272897232,0.0365067024292488,0.5343099143766863
physionet_mi,BPE_Seq_CNN,4096,2024,5fold-subject,3,0.264021164021164,0.2624545354942457,0.2348660864579967,0.0167537716182221,0.5187895251157899
physionet_mi,BPE_Seq_CNN,4096,2024,5fold-subject,4,0.2540178571428571,0.2556707630835538,0.1717824183417149,0.0075260697285693,0.522978925537412
physionet_mi,BPE_Seq_Transformer,4096,42,5fold-subject,0,0.2829087048832271,0.2826178135466715,0.2601520101216083,0.0435268838539047,0.520118783230298
physionet_mi,BPE_Seq_Transformer,4096,42,5fold-subject,1,0.2742279020234291,0.2742711430980152,0.2100684770685191,0.0322991134718257,0.5344674653733332
physionet_mi,BPE_Seq_Transformer,4096,42,5fold-subject,2,0.272775705913692,0.2729399908320734,0.2159701790938317,0.0306046970234126,0.5268843341756542
physionet_mi,BPE_Seq_Transformer,4096,42,5fold-subject,3,0.2730607966457023,0.2727731678896282,0.224369660914476,0.0304576134141726,0.5252181216609367
physionet_mi,BPE_Seq_Transformer,4096,42,5fold-subject,4,0.2637900355871886,0.2648409417354655,0.2457663489689199,0.0194859393254808,0.5244708140571521
physionet_mi,BPE_Seq_Transformer,4096,123,5fold-subject,0,0.2632129774986917,0.2632157977642307,0.1737605698549725,0.0175890570609252,0.5284138088579412
physionet_mi,BPE_Seq_Transformer,4096,123,5fold-subject,1,0.2826666666666667,0.2830468216773171,0.2520649546461938,0.0439327474572164,0.5256465775286421
physionet_mi,BPE_Seq_Transformer,4096,123,5fold-subject,2,0.2746031746031746,0.2747931251787212,0.2721535634500027,0.0329634157810589,0.5231453718980312
physionet_mi,BPE_Seq_Transformer,4096,123,5fold-subject,3,0.2848034006376195,0.28480259294394,0.1904231266149871,0.0463894570134553,0.5377315762099567
physionet_mi,BPE_Seq_Transformer,4096,123,5fold-subject,4,0.2601698703620921,0.2610957553831372,0.2332404525539875,0.0146982152585402,0.5126648853904795
physionet_mi,BPE_Seq_Transformer,4096,456,5fold-subject,0,0.271519659936238,0.2723403632868101,0.2501944746668844,0.029605030576094,0.5295114037165087
physionet_mi,BPE_Seq_Transformer,4096,456,5fold-subject,1,0.2589098532494759,0.2584037551623841,0.2204815094101327,0.0112518663321377,0.5201375134300452
physionet_mi,BPE_Seq_Transformer,4096,456,5fold-subject,2,0.2646121147715196,0.2641019049575177,0.2485244838085065,0.0188357138363749,0.5274174889654606
physionet_mi,BPE_Seq_Transformer,4096,456,5fold-subject,3,0.2747603833865815,0.2731522757362662,0.2234485073800845,0.0310276652141252,0.5226383664243806
physionet_mi,BPE_Seq_Transformer,4096,456,5fold-subject,4,0.2619153674832962,0.2628944207665102,0.2217239840459654,0.0171745086486815,0.5253595032545173
physionet_mi,BPE_Seq_Transformer,4096,789,5fold-subject,0,0.2877659574468085,0.2873640831127739,0.2443335370810332,0.050000528339369,0.5410906110287916
physionet_mi,BPE_Seq_Transformer,4096,789,5fold-subject,1,0.2539184952978056,0.2544339136189595,0.182542337557949,0.0059681364793886,0.516644710864036
physionet_mi,BPE_Seq_Transformer,4096,789,5fold-subject,2,0.2657232704402515,0.2663386630385564,0.243238909308929,0.0218778746956527,0.5226607070596927
physionet_mi,BPE_Seq_Transformer,4096,789,5fold-subject,3,0.2565333333333333,0.2563878630601857,0.1705184703596141,0.0085814835072717,0.5235181312278868
physionet_mi,BPE_Seq_Transformer,4096,789,5fold-subject,4,0.2619477006311992,0.2612068602863675,0.1874294161596554,0.0149138485814344,0.5212244082799047
physionet_mi,BPE_Seq_Transformer,4096,2024,5fold-subject,0,0.2580310880829015,0.256882616501198,0.2207704736089018,0.0091706281772749,0.5191177829396338
physionet_mi,BPE_Seq_Transformer,4096,2024,5fold-subject,1,0.262593783494105,0.2611272528057113,0.2178598029255976,0.0149154438550189,0.5209643986315807
physionet_mi,BPE_Seq_Transformer,4096,2024,5fold-subject,2,0.2808988764044944,0.2793846458136644,0.2349805603208235,0.0393479637635267,0.5396068326036435
physionet_mi,BPE_Seq_Transformer,4096,2024,5fold-subject,3,0.273015873015873,0.2718358056248494,0.224159767092396,0.0291128559192351,0.5159475055567826
physionet_mi,BPE_Seq_Transformer,4096,2024,5fold-subject,4,0.2633928571428571,0.2640198313890174,0.2200060892037937,0.0186009115115777,0.5309951464840433
physionet_mi,BPE_Seq_CW_Transformer,4096,42,5fold-subject,0,0.2829087048832271,0.2831993910801976,0.2233356957103899,0.0442451956619205,0.5455706498598145
physionet_mi,BPE_Seq_CW_Transformer,4096,42,5fold-subject,1,0.2768903088391906,0.2779543274367262,0.2305712466675603,0.0371346956712809,0.5454689349253223
physionet_mi,BPE_Seq_CW_Transformer,4096,42,5fold-subject,2,0.2839637719765583,0.2846294603445558,0.2418127691160038,0.046000705661058,0.5478283621347699
physionet_mi,BPE_Seq_CW_Transformer,4096,42,5fold-subject,3,0.2762054507337526,0.2763198375584543,0.1828441056661829,0.0350925633647261,0.5475071657266183
physionet_mi,BPE_Seq_CW_Transformer,4096,42,5fold-subject,4,0.2740213523131672,0.2750348558520661,0.2277187306632085,0.0332589186898806,0.5439703418945876
physionet_mi,BPE_Seq_CW_Transformer,4096,123,5fold-subject,0,0.2810047095761381,0.2805601924528227,0.2385595186000418,0.0408245569814463,0.5518744167428378
physionet_mi,BPE_Seq_CW_Transformer,4096,123,5fold-subject,1,0.2805333333333333,0.2802422191301311,0.2319022791403553,0.0402026773198872,0.5405575286017239
physionet_mi,BPE_Seq_CW_Transformer,4096,123,5fold-subject,2,0.2619047619047619,0.262086052726422,0.2069813412297728,0.0160647291365082,0.5298840621026792
physionet_mi,BPE_Seq_CW_Transformer,4096,123,5fold-subject,3,0.2970244420828905,0.2968058165139581,0.2523987314360105,0.0624483193334266,0.5513131000303969
physionet_mi,BPE_Seq_CW_Transformer,4096,123,5fold-subject,4,0.254358515869468,0.2538297767434095,0.2046523393525393,0.0049831960134432,0.5502981540120455
physionet_mi,BPE_Seq_CW_Transformer,4096,456,5fold-subject,0,0.2800212539851222,0.280144629809894,0.2034604323526257,0.0402122432019848,0.5469332731989504
physionet_mi,BPE_Seq_CW_Transformer,4096,456,5fold-subject,1,0.2814465408805031,0.2823471076378053,0.200459891335705,0.043024021089654,0.5522231141717816
physionet_mi,BPE_Seq_CW_Transformer,4096,456,5fold-subject,2,0.2869287991498406,0.2862068307175194,0.2081265753299035,0.0483449380526903,0.5428960148168237
physionet_mi,BPE_Seq_CW_Transformer,4096,456,5fold-subject,3,0.275825346112886,0.2757233281171281,0.1851206267571098,0.0343308451306505,0.5402690084355317
physionet_mi,BPE_Seq_CW_Transformer,4096,456,5fold-subject,4,0.2824053452115813,0.2822251529756356,0.2219695007190298,0.0431152993817427,0.5448194370038888
physionet_mi,BPE_Seq_CW_Transformer,4096,789,5fold-subject,0,0.2925531914893617,0.2909287582310833,0.249773719658857,0.0549539514936331,0.5520248061588517
physionet_mi,BPE_Seq_CW_Transformer,4096,789,5fold-subject,1,0.2732497387669801,0.2735303569458236,0.1804075660725347,0.0313613646062883,0.5247870780212752
physionet_mi,BPE_Seq_CW_Transformer,4096,789,5fold-subject,2,0.2940251572327044,0.2935458053375164,0.2322328504769745,0.0582014304654399,0.5522451380431761
physionet_mi,BPE_Seq_CW_Transformer,4096,789,5fold-subject,3,0.2805333333333333,0.2809616963711691,0.1888349589289364,0.0413518232649769,0.5566516613077637
physionet_mi,BPE_Seq_CW_Transformer,4096,789,5fold-subject,4,0.2732191163210099,0.2731661185407871,0.2054936710668291,0.030858220889826,0.5427989258647467
physionet_mi,BPE_Seq_CW_Transformer,4096,2024,5fold-subject,0,0.2725388601036269,0.2726293566317019,0.1776571931589537,0.0301656798507374,0.5385669362870342
physionet_mi,BPE_Seq_CW_Transformer,4096,2024,5fold-subject,1,0.2588424437299035,0.2610966393838168,0.1632940143879671,0.0146368172425326,0.5375643240773261
physionet_mi,BPE_Seq_CW_Transformer,4096,2024,5fold-subject,2,0.3065810593900481,0.3069703721334215,0.2660426389909717,0.0758559750572862,0.5620463599351058
physionet_mi,BPE_Seq_CW_Transformer,4096,2024,5fold-subject,3,0.282010582010582,0.2820923542906302,0.1880082615836361,0.0427475924340359,0.5394727019920782
physionet_mi,BPE_Seq_CW_Transformer,4096,2024,5fold-subject,4,0.284375,0.2846289611551239,0.1896513396513396,0.0461136793873825,0.5449425987501667
physionet_mi,CSP_LDA,4096,42,5fold-subject,0,0.2542462845010615,0.2539294841568187,0.2423274131464921,0.0051295388977505,0.5138156570278289
physionet_mi,CSP_LDA,4096,42,5fold-subject,1,0.2481363152289669,0.2481941718360654,0.2334443988387007,-0.0022935606432854,0.4942930524043145
physionet_mi,CSP_LDA,4096,42,5fold-subject,2,0.259456579648375,0.2585335938890283,0.2476027143917818,0.0116588068748966,0.4995167893434089
physionet_mi,CSP_LDA,4096,42,5fold-subject,3,0.2541928721174004,0.2528865144326147,0.2349619252284398,0.0037229885184003,0.5059514730868299
physionet_mi,CSP_LDA,4096,42,5fold-subject,4,0.2602313167259786,0.2609018583286351,0.2530338303949626,0.0145076075707177,0.4979648756285345
physionet_mi,CSP_LDA,4096,123,5fold-subject,0,0.2558869701726844,0.2558226051514663,0.2457607893961889,0.0077428744924044,0.5043623042727833
physionet_mi,CSP_LDA,4096,123,5fold-subject,1,0.2496,0.2477619072286342,0.2209620090054872,-0.0029871480776864,0.5001897405393577
physionet_mi,CSP_LDA,4096,123,5fold-subject,2,0.2650793650793651,0.2646429869403731,0.2571151407884257,0.0195425943852856,0.5095973944475347
physionet_mi,CSP_LDA,4096,123,5fold-subject,3,0.2486716259298618,0.2486540233485816,0.2468682183940317,-0.0018149120947834,0.5026669633549492
physionet_mi,CSP_LDA,4096,123,5fold-subject,4,0.2539114886008046,0.2543451199260791,0.2423108316413796,0.0056975504581022,0.5141316615955369
physionet_mi,CSP_LDA,4096,456,5fold-subject,0,0.2523910733262486,0.2515969534788843,0.2350596035028177,0.0023276737730169,0.4913170605172912
physionet_mi,CSP_LDA,4096,456,5fold-subject,1,0.2426624737945492,0.2422632568455169,0.2347045064857611,-0.0103873030392316,0.5022488930680058
physionet_mi,CSP_LDA,4096,456,5fold-subject,2,0.2577045696068012,0.2583114596235485,0.2418583375037845,0.0110210712771675,0.5133514243268571
physionet_mi,CSP_LDA,4096,456,5fold-subject,3,0.2566560170394036,0.2559984882486767,0.2380750321051791,0.0078623587681799,0.5078076279970032
physionet_mi,CSP_LDA,4096,456,5fold-subject,4,0.2619153674832962,0.2616416589903552,0.2492526333896144,0.0155171309570374,0.5084299336381386
physionet_mi,CSP_LDA,4096,789,5fold-subject,0,0.2542553191489362,0.2542585882626567,0.2517995136330798,0.0054775406495245,0.5008649753793719
physionet_mi,CSP_LDA,4096,789,5fold-subject,1,0.2523510971786833,0.2517539082405183,0.2244045697086341,0.0023642969667719,0.5028372796793992
physionet_mi,CSP_LDA,4096,789,5fold-subject,2,0.2610062893081761,0.2615335341700643,0.2522701301245443,0.0151684875001647,0.5132737593253965
physionet_mi,CSP_LDA,4096,789,5fold-subject,3,0.2378666666666666,0.2377338547666034,0.2357921052804945,-0.0163943194582112,0.4840227870069195
physionet_mi,CSP_LDA,4096,789,5fold-subject,4,0.2664562669071235,0.266191644659504,0.2407346301385665,0.0215531896779385,0.4926993603245972
physionet_mi,CSP_LDA,4096,2024,5fold-subject,0,0.2487046632124352,0.2480706882164714,0.2281372293320158,-0.0026742757886317,0.4886436688128733
physionet_mi,CSP_LDA,4096,2024,5fold-subject,1,0.2481243301178992,0.2475552922388886,0.2427853063327579,-0.0034269086493703,0.4936870063109679
physionet_mi,CSP_LDA,4096,2024,5fold-subject,2,0.2600321027287319,0.260125648913848,0.2448306952959376,0.0134986085010434,0.4978494756441997
physionet_mi,CSP_LDA,4096,2024,5fold-subject,3,0.2698412698412698,0.2681591704657532,0.2605099725355618,0.024376011365447,0.5007792724809143
physionet_mi,CSP_LDA,4096,2024,5fold-subject,4,0.2540178571428571,0.254739025353137,0.2303277394008097,0.0063441447669168,0.5070914649272578
physionet_mi,EEGNet,4096,42,5fold-subject,0,0.5912951167728238,0.5911452591967081,0.5912015095406066,0.4550253538608569,0.8217543542054806
physionet_mi,EEGNet,4096,42,5fold-subject,1,0.6256656017039404,0.62559368345116,0.6286318018756649,0.5008521816455045,0.8472940126691393
physionet_mi,EEGNet,4096,42,5fold-subject,2,0.555673947789025,0.5554998810221348,0.5575792545314711,0.4073585280672365,0.793663015048139
physionet_mi,EEGNet,4096,42,5fold-subject,3,0.6027253668763103,0.6030364957873746,0.6034075003495448,0.4704149270323969,0.8127551880019496
physionet_mi,EEGNet,4096,42,5fold-subject,4,0.525355871886121,0.5248566613993079,0.5181232849493704,0.3668844169243922,0.7720854130217583
physionet_mi,EEGNet,4096,123,5fold-subject,0,0.587650444793302,0.5875493479550021,0.5894003897737455,0.4501480458279339,0.8081532202010537
physionet_mi,EEGNet,4096,123,5fold-subject,1,0.5610666666666667,0.5612843297652778,0.5630794571393809,0.4149628476528186,0.7899428916218052
physionet_mi,EEGNet,4096,123,5fold-subject,2,0.571957671957672,0.5717019034649697,0.5754005172369338,0.4291714266514347,0.8003879177914995
physionet_mi,EEGNet,4096,123,5fold-subject,3,0.5935175345377258,0.593540891814235,0.5926821389297429,0.4580368445956705,0.811629501208487
physionet_mi,EEGNet,4096,123,5fold-subject,4,0.5578900312919088,0.5576253638773451,0.5540653161916741,0.4104581914034385,0.7997972851412677
physionet_mi,EEGNet,4096,456,5fold-subject,0,0.538788522848034,0.5382641807867427,0.5414206332033572,0.3849237845514803,0.7799740774448811
physionet_mi,EEGNet,4096,456,5fold-subject,1,0.6022012578616353,0.6020093928455166,0.6018620455511419,0.4695259047941397,0.80898555130588
physionet_mi,EEGNet,4096,456,5fold-subject,2,0.5472901168969182,0.5468492757988315,0.5519730565616384,0.3961529162684237,0.7796309198215599
physionet_mi,EEGNet,4096,456,5fold-subject,3,0.6160809371671991,0.615667692678851,0.6152099566782995,0.4879402729723627,0.8320045198638011
physionet_mi,EEGNet,4096,456,5fold-subject,4,0.5701559020044543,0.5700517551119088,0.5698832962852106,0.4267706955775806,0.8080035440223627
physionet_mi,EEGNet,4096,789,5fold-subject,0,0.622872340425532,0.6225779637656006,0.6228713522973975,0.4971221436483432,0.8239521386610758
physionet_mi,EEGNet,4096,789,5fold-subject,1,0.5992685475444096,0.5990062348255618,0.5946687484405193,0.4655783872097433,0.8155311474411647
physionet_mi,EEGNet,4096,789,5fold-subject,2,0.5791404612159329,0.5787001747139986,0.5812175761056442,0.4386030995981134,0.8070996909948129
physionet_mi,EEGNet,4096,789,5fold-subject,3,0.5888,0.5888476000175318,0.5920963854626822,0.4517119671579024,0.8200462435927581
physionet_mi,EEGNet,4096,789,5fold-subject,4,0.5329125338142471,0.5324887711862306,0.534450920988951,0.3769977111691799,0.7735804395781869
physionet_mi,EEGNet,4096,2024,5fold-subject,0,0.6020725388601036,0.6023634116046018,0.6028683982630247,0.46952841124432,0.8195518771506336
physionet_mi,EEGNet,4096,2024,5fold-subject,1,0.5911039657020365,0.5908911440616678,0.5936301318204538,0.4547434848196461,0.8118102711596773
physionet_mi,EEGNet,4096,2024,5fold-subject,2,0.5933654360620653,0.5931547879396117,0.5954954361968665,0.4577457073062165,0.8143316918059895
physionet_mi,EEGNet,4096,2024,5fold-subject,3,0.5931216931216932,0.5934624329745176,0.5947914423514613,0.4576526829290136,0.8114592817335146
physionet_mi,EEGNet,4096,2024,5fold-subject,4,0.5928571428571429,0.5929361219321877,0.5919712460123236,0.4571618980201587,0.8184268409744679
physionet_mi,Patching_LogReg,4096,42,5fold-subject,0,0.2521231422505308,0.25,0.1006782534972446,0.0,0.6625712998300202
physionet_mi,Patching_LogReg,4096,42,5fold-subject,1,0.2486687965921192,0.25,0.0995735607675906,0.0,0.6687604015165667
physionet_mi,Patching_LogReg,4096,42,5fold-subject,2,0.2514651038891848,0.25,0.1004682843763303,0.0,0.6492888317253787
physionet_mi,Patching_LogReg,4096,42,5fold-subject,3,0.2541928721174004,0.25,0.1013372335979941,0.0,0.6588756979289683
physionet_mi,Patching_LogReg,4096,42,5fold-subject,4,0.2540035587188612,0.25,0.1012770485987939,0.0,0.6320772400327017
physionet_mi,Patching_LogReg,4096,123,5fold-subject,0,0.2517006802721088,0.25,0.1005434782608695,0.0,0.6727628824726687
physionet_mi,Patching_LogReg,4096,123,5fold-subject,1,0.2533333333333333,0.25,0.101063829787234,0.0,0.6567178479569847
physionet_mi,Patching_LogReg,4096,123,5fold-subject,2,0.2523809523809524,0.25,0.1007604562737642,0.0,0.6406123441252167
physionet_mi,Patching_LogReg,4096,123,5fold-subject,3,0.2507970244420829,0.25,0.1002548853016142,0.0,0.6527446448827823
physionet_mi,Patching_LogReg,4096,123,5fold-subject,4,0.2525704067948144,0.25,0.1008208422555317,0.0,0.6389758239882762
physionet_mi,Patching_LogReg,4096,456,5fold-subject,0,0.2545164718384697,0.25,0.1014400677678949,0.0,0.649315277587736
physionet_mi,Patching_LogReg,4096,456,5fold-subject,1,0.2520964360587002,0.25,0.1006697362913352,0.0,0.6500411230003381
physionet_mi,Patching_LogReg,4096,456,5fold-subject,2,0.2529224229543039,0.25,0.100932994062765,0.0,0.6334927038097683
physionet_mi,Patching_LogReg,4096,456,5fold-subject,3,0.2534611288604899,0.25,0.1011045029736618,0.0,0.6557106416536299
physionet_mi,Patching_LogReg,4096,456,5fold-subject,4,0.2485523385300668,0.25,0.0995362112022832,0.0,0.6655642846368515
physionet_mi,Patching_LogReg,4096,789,5fold-subject,0,0.2521276595744681,0.25,0.100679694137638,0.0,0.6683684090533457
physionet_mi,Patching_LogReg,4096,789,5fold-subject,1,0.2518286311389759,0.25,0.100584307178631,0.0,0.635916325766834
physionet_mi,Patching_LogReg,4096,789,5fold-subject,2,0.2547169811320754,0.25,0.1015037593984962,0.0,0.6377141221410491
physionet_mi,Patching_LogReg,4096,789,5fold-subject,3,0.2512,0.25,0.100383631713555,0.0,0.6727076820699792
physionet_mi,Patching_LogReg,4096,789,5fold-subject,4,0.2511271415689811,0.25,0.1003603603603603,0.0,0.6411251045553865
physionet_mi,Patching_LogReg,4096,2024,5fold-subject,0,0.2533678756476684,0.25,0.1010748243075651,0.0,0.6628887204873475
physionet_mi,Patching_LogReg,4096,2024,5fold-subject,1,0.2529474812433012,0.25,0.1009409751924722,0.0,0.6291084999321113
physionet_mi,Patching_LogReg,4096,2024,5fold-subject,2,0.2525414660246121,0.25,0.1008116189662537,0.0,0.6698600355946052
physionet_mi,Patching_LogReg,4096,2024,5fold-subject,3,0.255026455026455,0.25,0.1016020236087689,0.0,0.6576117605705848
physionet_mi,Patching_LogReg,4096,2024,5fold-subject,4,0.2477678571428571,0.25,0.0992844364937388,0.0,0.6471888962009678
physionet_mi,VQ_LogReg,4096,42,5fold-subject,0,0.3487261146496815,0.3484998969962147,0.3480291212589398,0.1315643553644122,0.5919837141501948
physionet_mi,VQ_LogReg,4096,42,5fold-subject,1,0.3461128860489882,0.3464024358941346,0.3412847332933346,0.1284249862811585,0.589961692791376
physionet_mi,VQ_LogReg,4096,42,5fold-subject,2,0.3217900905700586,0.3218712407223562,0.3127245646784634,0.0957441615006261,0.583024957736477
physionet_mi,VQ_LogReg,4096,42,5fold-subject,3,0.320230607966457,0.319543929059004,0.3171265483582614,0.0929115779063711,0.5801923171996456
physionet_mi,VQ_LogReg,4096,42,5fold-subject,4,0.3193950177935943,0.319099711803984,0.3179807443024783,0.0921475130953968,0.5706107888240377
physionet_mi,VQ_LogReg,4096,123,5fold-subject,0,0.3401360544217687,0.33992009076761,0.3378952202299175,0.1199816383701096,0.6039487311995946
physionet_mi,VQ_LogReg,4096,123,5fold-subject,1,0.3264,0.3260506962241155,0.3197173692990782,0.1013159637403167,0.5778105760144743
physionet_mi,VQ_LogReg,4096,123,5fold-subject,2,0.3328042328042328,0.3325784210290431,0.3293745945601546,0.1101575311164277,0.5803125499379836
physionet_mi,VQ_LogReg,4096,123,5fold-subject,3,0.3156216790648246,0.3154979939390608,0.3121633139571535,0.0873660518978066,0.5644934863674304
physionet_mi,VQ_LogReg,4096,123,5fold-subject,4,0.3075547608404113,0.3070944329790312,0.298297015511323,0.0762048801451578,0.5813060623195543
physionet_mi,VQ_LogReg,4096,456,5fold-subject,0,0.3262486716259298,0.3248958650049042,0.3158923672636206,0.1001822729901893,0.574953125586038
physionet_mi,VQ_LogReg,4096,456,5fold-subject,1,0.3113207547169811,0.3107234361263652,0.3027592450218108,0.0811734360672609,0.5916169576604083
physionet_mi,VQ_LogReg,4096,456,5fold-subject,2,0.30605738575983,0.3056774422073748,0.3003165465271745,0.0742842335919273,0.5732603161479075
physionet_mi,VQ_LogReg,4096,456,5fold-subject,3,0.3232161874334398,0.3230247912157595,0.3201772640123035,0.0973304945335454,0.5704332371660893
physionet_mi,VQ_LogReg,4096,456,5fold-subject,4,0.310022271714922,0.3105670516914137,0.3065665637834103,0.0805553939791337,0.5783469684683666
physionet_mi,VQ_LogReg,4096,789,5fold-subject,0,0.3079787234042553,0.3077334876301679,0.3049533274366832,0.0770577603024803,0.5776625772464056
physionet_mi,VQ_LogReg,4096,789,5fold-subject,1,0.3234064785788924,0.3230534064396161,0.317341453867016,0.0974863847204466,0.5943902890570005
physionet_mi,VQ_LogReg,4096,789,5fold-subject,2,0.320230607966457,0.3199084018966016,0.3163493131408886,0.0932150413364865,0.5728995653101059
physionet_mi,VQ_LogReg,4096,789,5fold-subject,3,0.3477333333333333,0.347191911940524,0.3430324272011701,0.1297213742138317,0.621430013625369
physionet_mi,VQ_LogReg,4096,789,5fold-subject,4,0.3083859332732191,0.3083534456727749,0.3065835500482962,0.0777176791659369,0.5678535322395913
physionet_mi,VQ_LogReg,4096,2024,5fold-subject,0,0.3264248704663212,0.3255356131123287,0.31927102058681,0.1010570909361905,0.5834842134835496
physionet_mi,VQ_LogReg,4096,2024,5fold-subject,1,0.2995712754555198,0.2992055789230716,0.296555127399205,0.0657716362332568,0.5631516664258465
physionet_mi,VQ_LogReg,4096,2024,5fold-subject,2,0.3354735152487961,0.3344611265187064,0.319884272355131,0.113113047332135,0.5935808394270699
physionet_mi,VQ_LogReg,4096,2024,5fold-subject,3,0.3264550264550264,0.3263399372332422,0.3261102133160957,0.1018123010691031,0.5809109834414063
physionet_mi,VQ_LogReg,4096,2024,5fold-subject,4,0.3125,0.3130804060037666,0.3059803197352477,0.0839606275145872,0.5815249119430315
physionet_mi,Chronos_Binning,4096,42,5fold-subject,0,0.3014861995753715,0.3009262459392324,0.2931293950979677,0.0680741467991153,0.5822360231078448
physionet_mi,Chronos_Binning,4096,42,5fold-subject,1,0.3189563365282215,0.3192217653419689,0.3174560845626469,0.0921782473093733,0.5882024845702013
physionet_mi,Chronos_Binning,4096,42,5fold-subject,2,0.3265849760255727,0.3270749152554256,0.3247023891508724,0.1024805669002522,0.5822634802345534
physionet_mi,Chronos_Binning,4096,42,5fold-subject,3,0.3244234800838574,0.3245209915074903,0.3247132850166929,0.0993177348651033,0.5827956680005566
physionet_mi,Chronos_Binning,4096,42,5fold-subject,4,0.3109430604982206,0.3110154923971051,0.3104820265813507,0.0813536383482498,0.5734429182858438
physionet_mi,Chronos_Binning,4096,123,5fold-subject,0,0.3066457352171637,0.3065102246917199,0.3031759043733843,0.0753977643692515,0.5860743195530668
physionet_mi,Chronos_Binning,4096,123,5fold-subject,1,0.3333333333333333,0.3338724171886369,0.3330136164197301,0.1114539135076444,0.6030554833437806
physionet_mi,Chronos_Binning,4096,123,5fold-subject,2,0.2904761904761905,0.2903779116948975,0.289759896859404,0.0538665448204729,0.5600164789694317
physionet_mi,Chronos_Binning,4096,123,5fold-subject,3,0.3172157279489904,0.3170928300249555,0.3141372058197961,0.0895068351837838,0.5867522548050217
physionet_mi,Chronos_Binning,4096,123,5fold-subject,4,0.3200715243629861,0.3193790801833222,0.3142297028738785,0.0926534432734564,0.564680627294355
physionet_mi,Chronos_Binning,4096,456,5fold-subject,0,0.3358129649309245,0.3357812832969908,0.3353329073972585,0.1145269522563472,0.5900006320160077
physionet_mi,Chronos_Binning,4096,456,5fold-subject,1,0.3118448637316562,0.3119646154916246,0.3114842692040504,0.0826133685854536,0.580498608102157
physionet_mi,Chronos_Binning,4096,456,5fold-subject,2,0.3241232731137088,0.3239103816492512,0.3235668465172462,0.0985833183028438,0.5700462859706017
physionet_mi,Chronos_Binning,4096,456,5fold-subject,3,0.3045793397231097,0.3041554737179696,0.3021682164342602,0.0723133728261847,0.5626074869668635
physionet_mi,Chronos_Binning,4096,456,5fold-subject,4,0.3287305122494432,0.3294721246022867,0.3221977537870039,0.1056183583231422,0.5947085514311741
physionet_mi,Chronos_Binning,4096,789,5fold-subject,0,0.3196808510638297,0.3190329983628913,0.3154424740307407,0.0922551072258837,0.5754658972464882
physionet_mi,Chronos_Binning,4096,789,5fold-subject,1,0.3312434691745036,0.3309667344723405,0.3295111732824415,0.1080184839168661,0.579570242472795
physionet_mi,Chronos_Binning,4096,789,5fold-subject,2,0.3097484276729559,0.3093395618965122,0.3082970280759252,0.0793395139709179,0.5706846427742059
physionet_mi,Chronos_Binning,4096,789,5fold-subject,3,0.328,0.3281697706411041,0.3274627756776839,0.1040928451811761,0.5954461754698595
physionet_mi,Chronos_Binning,4096,789,5fold-subject,4,0.3155996393146979,0.316000950712956,0.3104687604298101,0.0879301751040222,0.584745693565016
physionet_mi,Chronos_Binning,4096,2024,5fold-subject,0,0.3181347150259067,0.3180247855332718,0.3190865690598506,0.090604100137096,0.5805732023412926
physionet_mi,Chronos_Binning,4096,2024,5fold-subject,1,0.3081457663451232,0.3075352805536654,0.3057244664942872,0.0767116913917471,0.5669294777726946
physionet_mi,Chronos_Binning,4096,2024,5fold-subject,2,0.328517924023542,0.3285000877198187,0.3271898715287716,0.1046438302514682,0.6023288741054451
physionet_mi,Chronos_Binning,4096,2024,5fold-subject,3,0.3232804232804233,0.3240173619138997,0.3205171746012702,0.0982713426200343,0.5888605688853307
physionet_mi,Chronos_Binning,4096,2024,5fold-subject,4,0.3089285714285714,0.3091616044079784,0.3073427410669853,0.078775345487141,0.5723067704991252
physionet_mi,PSD_LogReg,4096,42,5fold-subject,0,0.339171974522293,0.3386992707437063,0.3211280377987773,0.1184727681078046,0.5823584457593689
physionet_mi,PSD_LogReg,4096,42,5fold-subject,1,0.3503727369542066,0.350447422161439,0.3354979596208445,0.133842431574172,0.5933377408752301
physionet_mi,PSD_LogReg,4096,42,5fold-subject,2,0.324453915823122,0.3243034834321067,0.3233773446709014,0.0991925405186906,0.5566894120385051
physionet_mi,PSD_LogReg,4096,42,5fold-subject,3,0.3553459119496855,0.3551022218048719,0.3538243784103493,0.1403006332243891,0.5914260481404736
physionet_mi,PSD_LogReg,4096,42,5fold-subject,4,0.3420818505338078,0.34163673115261,0.3376726975709914,0.1224347426725315,0.576980976527156
physionet_mi,PSD_LogReg,4096,123,5fold-subject,0,0.3411826268969126,0.3412057188805307,0.329992586006561,0.1216657454791841,0.5888884241580399
physionet_mi,PSD_LogReg,4096,123,5fold-subject,1,0.3578666666666666,0.357491465972529,0.3569521084136742,0.1432357944130244,0.5924382578028033
physionet_mi,PSD_LogReg,4096,123,5fold-subject,2,0.3338624338624338,0.3340672652195161,0.3317277633304722,0.1120035198771177,0.5743887321099148
physionet_mi,PSD_LogReg,4096,123,5fold-subject,3,0.3390010626992561,0.3390105650311422,0.3329332913257792,0.1186700742231452,0.5753696347851256
physionet_mi,PSD_LogReg,4096,123,5fold-subject,4,0.3147071971390255,0.3145585651826878,0.3107638544223099,0.0861063593741545,0.5668161478028934
physionet_mi,PSD_LogReg,4096,456,5fold-subject,0,0.3246546227417641,0.3247255572548864,0.3225249121312712,0.0995791549974403,0.5756186981980274
physionet_mi,PSD_LogReg,4096,456,5fold-subject,1,0.3317610062893081,0.3310257650332532,0.3230972123527693,0.1083448759427585,0.5883327419945865
physionet_mi,PSD_LogReg,4096,456,5fold-subject,2,0.3304994686503719,0.3305756494114545,0.3262637520951518,0.1073897477728219,0.5684043415513524
physionet_mi,PSD_LogReg,4096,456,5fold-subject,3,0.3562300319488818,0.3559883729277063,0.3551195979123119,0.141300154758717,0.6037608818013706
physionet_mi,PSD_LogReg,4096,456,5fold-subject,4,0.3429844097995546,0.3432151213369273,0.3411385608478359,0.1241871017499463,0.5753857117428043
physionet_mi,PSD_LogReg,4096,789,5fold-subject,0,0.3414893617021277,0.3416671694283585,0.3403762104363918,0.1221401398426261,0.5740073119138639
physionet_mi,PSD_LogReg,4096,789,5fold-subject,1,0.3375130616509927,0.3372146016668475,0.3312214927801105,0.1164313167399712,0.5886438895375362
physionet_mi,PSD_LogReg,4096,789,5fold-subject,2,0.3516771488469601,0.351159446402425,0.347423081098371,0.1350975389705144,0.5758366833951902
physionet_mi,PSD_LogReg,4096,789,5fold-subject,3,0.3477333333333333,0.3477538205890668,0.3436284479083895,0.1302518187669515,0.569455791705297
physionet_mi,PSD_LogReg,4096,789,5fold-subject,4,0.3255184851217313,0.3258270348273803,0.3237947779011035,0.1008704257395856,0.5812597251275485
physionet_mi,PSD_LogReg,4096,2024,5fold-subject,0,0.3367875647668393,0.3367015645749661,0.3358066872557598,0.1156933291475769,0.5777816385952809
physionet_mi,PSD_LogReg,4096,2024,5fold-subject,1,0.3247588424437299,0.3247151909941274,0.3222238899098924,0.0995601894050224,0.5651544749158407
physionet_mi,PSD_LogReg,4096,2024,5fold-subject,2,0.342964151952916,0.3428225603431116,0.3426489712244375,0.1238586481630148,0.5854411427440462
physionet_mi,PSD_LogReg,4096,2024,5fold-subject,3,0.3365079365079365,0.3382388767118661,0.3304053996501026,0.1170691909652761,0.582060878030608
physionet_mi,PSD_LogReg,4096,2024,5fold-subject,4,0.3383928571428571,0.3389028171759908,0.3299166376664852,0.1182910621154769,0.5826085955553145
sleep_edf,BPE_Hist_LogReg,4096,42,5fold-subject,0,0.6723101119437506,0.5813099375217968,0.4664280834866475,0.4464608622714949,0.8709132697226417
sleep_edf,BPE_Hist_LogReg,4096,42,5fold-subject,1,0.7353128700245924,0.5883608872703393,0.4721922216948567,0.4960967644094963,0.9212715395091662
sleep_edf,BPE_Hist_LogReg,4096,42,5fold-subject,2,0.7753524329240564,0.6031429728058523,0.4929474990951007,0.5876616975551128,0.9203939225037931
sleep_edf,BPE_Hist_LogReg,4096,42,5fold-subject,3,0.6775514001302446,0.5960137364107431,0.4950640138839169,0.4882106822707501,0.8682080745980819
sleep_edf,BPE_Hist_LogReg,4096,42,5fold-subject,4,0.7837177747625509,0.6420764569228927,0.5434387936365226,0.582359992267361,0.9258713776990882
sleep_edf,BPE_Hist_LogReg,4096,123,5fold-subject,0,0.657304412309974,0.5967408949729055,0.4462047292507738,0.4151798659891045,0.8742199892812085
sleep_edf,BPE_Hist_LogReg,4096,123,5fold-subject,1,0.6234975146859467,0.4029565830829847,0.3024449952226475,0.4002536180105686,0.8740095801775253
sleep_edf,BPE_Hist_LogReg,4096,123,5fold-subject,2,0.7229449472096531,0.5789262763921303,0.4834320222486524,0.5194499768317421,0.8832064873381122
sleep_edf,BPE_Hist_LogReg,4096,123,5fold-subject,3,0.7215443452922965,0.5973075644894192,0.4642523571588438,0.5067161485624905,0.9042100016088408
sleep_edf,BPE_Hist_LogReg,4096,123,5fold-subject,4,0.8052763819095478,0.6473363710561668,0.5437223776679228,0.6120194881653211,0.9403530334927612
sleep_edf,BPE_Hist_LogReg,4096,456,5fold-subject,0,0.7128447158985749,0.572580629867262,0.4269047813130228,0.4910669402264506,0.8965177402064326
sleep_edf,BPE_Hist_LogReg,4096,456,5fold-subject,1,0.813542600896861,0.6312326273641751,0.5233833095239653,0.6156950041917217,0.9454015992797656
sleep_edf,BPE_Hist_LogReg,4096,456,5fold-subject,2,0.7140046503308889,0.5925393805594175,0.5024052456824053,0.5120361231543716,0.9007738543980808
sleep_edf,BPE_Hist_LogReg,4096,456,5fold-subject,3,0.72988559203795,0.4775845218547339,0.4805796586906836,0.4726397121405634,0.8678803477426428
sleep_edf,BPE_Hist_LogReg,4096,456,5fold-subject,4,0.6760142082632268,0.5455318627053928,0.4274339807179071,0.4315175120899969,0.8902810126330042
sleep_edf,BPE_Hist_LogReg,4096,789,5fold-subject,0,0.7711632987438558,0.603790357767148,0.4805853265764871,0.5583559184684603,0.9385327357161304
sleep_edf,BPE_Hist_LogReg,4096,789,5fold-subject,1,0.7942557304611986,0.6632839109147891,0.5403042846716328,0.5818797428330522,0.9267577753380608
sleep_edf,BPE_Hist_LogReg,4096,789,5fold-subject,2,0.589627438291578,0.500003238572494,0.4252020878189079,0.3634717106612695,0.82658032185072
sleep_edf,BPE_Hist_LogReg,4096,789,5fold-subject,3,0.7736610418195158,0.6399821344126468,0.5620860000873471,0.5843426523520041,0.920245968462318
sleep_edf,BPE_Hist_LogReg,4096,789,5fold-subject,4,0.6842153036216756,0.5429181768441314,0.4485608965334259,0.4756290666282829,0.8767893742904208
sleep_edf,BPE_Hist_LogReg,4096,2024,5fold-subject,0,0.5334691232293306,0.5341661565733034,0.4448420818730071,0.3286258774077173,0.855824615720864
sleep_edf,BPE_Hist_LogReg,4096,2024,5fold-subject,1,0.736395498985427,0.5990878637650872,0.4869449917881024,0.5109175397834793,0.8957006281242732
sleep_edf,BPE_Hist_LogReg,4096,2024,5fold-subject,2,0.675117286178275,0.580869645018856,0.4389294369046164,0.437735929379486,0.8813004644340025
sleep_edf,BPE_Hist_LogReg,4096,2024,5fold-subject,3,0.7578681576336911,0.604203135037212,0.5028444705555358,0.5620968218390134,0.9216486572023118
sleep_edf,BPE_Hist_LogReg,4096,2024,5fold-subject,4,0.8326989137498839,0.6018964086383054,0.5780225159485097,0.6751192424775923,0.9317045194412488
sleep_edf,BPE_Hist_RF,4096,42,5fold-subject,0,0.8320843741326672,0.4957168095146406,0.4683516671979106,0.6328741700231029,0.9045707340667508
sleep_edf,BPE_Hist_RF,4096,42,5fold-subject,1,0.8414245377538938,0.4192452530910661,0.4386954537665481,0.5605162309694667,0.9194015564925214
sleep_edf,BPE_Hist_RF,4096,42,5fold-subject,2,0.8007276034561164,0.419488362723766,0.4399360643464859,0.508010509317026,0.9142650402064671
sleep_edf,BPE_Hist_RF,4096,42,5fold-subject,3,0.7018327286259187,0.3724627881838406,0.3907320899057453,0.332390303530487,0.8833605171232117
sleep_edf,BPE_Hist_RF,4096,42,5fold-subject,4,0.7882406151062867,0.382227744441131,0.4113836944929067,0.420150000638558,0.927564814415902
sleep_edf,BPE_Hist_RF,4096,123,5fold-subject,0,0.7656655543196144,0.3558934339291774,0.359633481306336,0.4147413375021828,0.8749199746075134
sleep_edf,BPE_Hist_RF,4096,123,5fold-subject,1,0.7641211025756891,0.4038389695025065,0.4257953884718594,0.4506172336918467,0.8994001254553918
sleep_edf,BPE_Hist_RF,4096,123,5fold-subject,2,0.8344645550527904,0.4724224723049811,0.4726699443571261,0.6217617100040072,0.9203168859730236
sleep_edf,BPE_Hist_RF,4096,123,5fold-subject,3,0.8020397013294482,0.4490017874522089,0.4474718946557898,0.5008850428521043,0.9000626231539751
sleep_edf,BPE_Hist_RF,4096,123,5fold-subject,4,0.8041995692749462,0.3994234254687749,0.4265728377240466,0.4668286544125428,0.9367028449794724
sleep_edf,BPE_Hist_RF,4096,456,5fold-subject,0,0.8063113085322968,0.4219114761541579,0.4429196321404408,0.5288967995250841,0.9222665890392262
sleep_edf,BPE_Hist_RF,4096,456,5fold-subject,1,0.8130044843049328,0.4097908932408156,0.4347304686166763,0.4857924300789182,0.944544700138718
sleep_edf,BPE_Hist_RF,4096,456,5fold-subject,2,0.7705240565194061,0.409126874332461,0.43122960370432,0.4719364611718868,0.8977819245502902
sleep_edf,BPE_Hist_RF,4096,456,5fold-subject,3,0.7590921774718631,0.3940756209932919,0.4032140432358723,0.4435037522055427,0.8886282864376426
sleep_edf,BPE_Hist_RF,4096,456,5fold-subject,4,0.835763694148439,0.4501132864289964,0.4459556781623496,0.5786510484123948,0.9010582855387752
sleep_edf,BPE_Hist_RF,4096,789,5fold-subject,0,0.8225013653741126,0.4467286786029483,0.4580911644195131,0.5599087100284104,0.9320330164488968
sleep_edf,BPE_Hist_RF,4096,789,5fold-subject,1,0.849397035809629,0.4199496407948214,0.4397362827444327,0.5795351429796964,0.93641421163865
sleep_edf,BPE_Hist_RF,4096,789,5fold-subject,2,0.779975963760747,0.4213282391139261,0.4257026649842846,0.4931428936050459,0.8706268778978791
sleep_edf,BPE_Hist_RF,4096,789,5fold-subject,3,0.7815480557593544,0.4128103984800518,0.4323084050894377,0.4612963208432384,0.9065454922061044
sleep_edf,BPE_Hist_RF,4096,789,5fold-subject,4,0.7432150313152401,0.3797359158331651,0.4018401418879916,0.4004238285060674,0.8860757888491225
sleep_edf,BPE_Hist_RF,4096,2024,5fold-subject,0,0.7650217572446996,0.4001824707708824,0.415358273354701,0.4260363706957916,0.8934304093001371
sleep_edf,BPE_Hist_RF,4096,2024,5fold-subject,1,0.8266002582549346,0.4391460060528714,0.4514535813821988,0.5579985324125973,0.9037078966170572
sleep_edf,BPE_Hist_RF,4096,2024,5fold-subject,2,0.804132082280765,0.4707997739215689,0.4442919876533013,0.5440373865875765,0.903400953946756
sleep_edf,BPE_Hist_RF,4096,2024,5fold-subject,3,0.781765713770403,0.394571495415137,0.4215798509102709,0.4523757180362804,0.9230854112792332
sleep_edf,BPE_Hist_RF,4096,2024,5fold-subject,4,0.8108810695385759,0.4117501661701284,0.4326291330670658,0.5320768640621463,0.9218803714374828
sleep_edf,BPE_Windowed_LogReg,4096,42,5fold-subject,0,0.7106115274308447,0.604041379042993,0.5093486101208478,0.5056722561146108,0.8922085174565918
sleep_edf,BPE_Windowed_LogReg,4096,42,5fold-subject,1,0.7768467073503962,0.6182114874970859,0.5436217512194974,0.5645765587141968,0.9292531072122932
sleep_edf,BPE_Windowed_LogReg,4096,42,5fold-subject,2,0.8012733060482037,0.6470311983377277,0.5601206218257032,0.6320495116699321,0.9395839571815509
sleep_edf,BPE_Windowed_LogReg,4096,42,5fold-subject,3,0.7448134710205601,0.6244949390248018,0.577957120068155,0.5794733854759873,0.89646754922532
sleep_edf,BPE_Windowed_LogReg,4096,42,5fold-subject,4,0.5758480325644505,0.5180213846038385,0.3460435432807671,0.3233421771438083,0.933002139299299
sleep_edf,BPE_Windowed_LogReg,4096,123,5fold-subject,0,0.657026325546904,0.6131438361331057,0.4716648408063192,0.43015865163987,0.8919483374568073
sleep_edf,BPE_Windowed_LogReg,4096,123,5fold-subject,1,0.7622232263895165,0.6276811891495184,0.5822349789377972,0.5929639310469622,0.9094427986632496
sleep_edf,BPE_Windowed_LogReg,4096,123,5fold-subject,2,0.755184766214178,0.623282345052592,0.5454769000144454,0.570753151949777,0.9081560050861928
sleep_edf,BPE_Windowed_LogReg,4096,123,5fold-subject,3,0.7484975414314332,0.6149665983612709,0.504898238430982,0.5460567181944037,0.9170095402698908
sleep_edf,BPE_Windowed_LogReg,4096,123,5fold-subject,4,0.844310839913855,0.6943025893798728,0.6194026266400974,0.6871118500162167,0.955204320131264
sleep_edf,BPE_Windowed_LogReg,4096,456,5fold-subject,0,0.6861928558208402,0.6049437752436414,0.4608631074991793,0.4721016112541961,0.9187224461738808
sleep_edf,BPE_Windowed_LogReg,4096,456,5fold-subject,1,0.8516591928251122,0.6744170148276273,0.5962499377548205,0.6928869595001328,0.9588566064651528
sleep_edf,BPE_Windowed_LogReg,4096,456,5fold-subject,2,0.7727597925236988,0.6320973823952121,0.5801647596797439,0.605485534954749,0.918674537918086
sleep_edf,BPE_Windowed_LogReg,4096,456,5fold-subject,3,0.6614268440145102,0.5984486337934907,0.4975280910612916,0.4540624189819168,0.8869671089878655
sleep_edf,BPE_Windowed_LogReg,4096,456,5fold-subject,4,0.7022808001495606,0.5855875327981361,0.4401515487849118,0.4715022155238096,0.9020527523973282
sleep_edf,BPE_Windowed_LogReg,4096,789,5fold-subject,0,0.8213180411432732,0.6523493044389318,0.5825517359516976,0.6540828511421848,0.9507881827418698
sleep_edf,BPE_Windowed_LogReg,4096,789,5fold-subject,1,0.8264751910153733,0.6989809438960238,0.6052938122583791,0.6444490535254955,0.9416973218345026
sleep_edf,BPE_Windowed_LogReg,4096,789,5fold-subject,2,0.4059351021540168,0.4592932447028192,0.2947360474209051,0.2139370516285967,0.8451609137514303
sleep_edf,BPE_Windowed_LogReg,4096,789,5fold-subject,3,0.7722853998532648,0.5069492772720131,0.5097710483530037,0.5843406473793193,0.9255799753611862
sleep_edf,BPE_Windowed_LogReg,4096,789,5fold-subject,4,0.6378324407733503,0.5585082679541618,0.4228658346229119,0.4215671238630539,0.8972347903818653
sleep_edf,BPE_Windowed_LogReg,4096,2024,5fold-subject,0,0.6870660124062586,0.5915035024103062,0.5145294257798304,0.4838114714230191,0.8871907680664052
sleep_edf,BPE_Windowed_LogReg,4096,2024,5fold-subject,1,0.7511529238147944,0.6318377109938658,0.5354952879300707,0.5448676876508578,0.9141219517051032
sleep_edf,BPE_Windowed_LogReg,4096,2024,5fold-subject,2,0.671869361241429,0.5979196466784766,0.4067798203188938,0.4459074516014257,0.9058150841618624
sleep_edf,BPE_Windowed_LogReg,4096,2024,5fold-subject,3,0.8368653620705203,0.6655537000934607,0.6213687719569824,0.689404477087148,0.9386813342155604
sleep_edf,BPE_Windowed_LogReg,4096,2024,5fold-subject,4,0.8002970940488349,0.6646463908712315,0.5726818561021634,0.6240592850071147,0.9461963588801406
sleep_edf,BPE_WindowedSeq_CNN,4096,42,5fold-subject,0,0.8204274215931169,0.5389485574775655,0.4826016539592575,0.6405033450666305,0.9223052761840328
sleep_edf,BPE_WindowedSeq_CNN,4096,42,5fold-subject,1,0.8798615538755806,0.5368742216278176,0.5398333785826276,0.712778905204411,0.953866809810448
sleep_edf,BPE_WindowedSeq_CNN,4096,42,5fold-subject,2,0.8652114597544338,0.5376523530708085,0.5342099108205997,0.7146270495880158,0.9483171128170228
sleep_edf,BPE_WindowedSeq_CNN,4096,42,5fold-subject,3,0.8224020839147828,0.5282049689933811,0.5402482895297138,0.665907408777159,0.9166409735473128
sleep_edf,BPE_WindowedSeq_CNN,4096,42,5fold-subject,4,0.8633197648123021,0.5190377946037112,0.5232739815191695,0.6965578717941088,0.9509383852863944
sleep_edf,BPE_WindowedSeq_CNN,4096,123,5fold-subject,0,0.8170189098998888,0.4924454983119362,0.4802644471732476,0.6139139492808801,0.9300720408850278
sleep_edf,BPE_WindowedSeq_CNN,4096,123,5fold-subject,1,0.8467239042024401,0.5362301998245912,0.5364205044255412,0.6943537637134315,0.9244609165315788
sleep_edf,BPE_WindowedSeq_CNN,4096,123,5fold-subject,2,0.8529411764705882,0.5460612878971962,0.5184391588522577,0.7006010980499888,0.9324963824960018
sleep_edf,BPE_WindowedSeq_CNN,4096,123,5fold-subject,3,0.8581314878892734,0.5498660717553246,0.5337404168888602,0.6928559988537091,0.9450224933453356
sleep_edf,BPE_WindowedSeq_CNN,4096,123,5fold-subject,4,0.8855886575735822,0.5427190215414325,0.5434854035009967,0.743232182144786,0.9592962931867174
sleep_edf,BPE_WindowedSeq_CNN,4096,456,5fold-subject,0,0.8634092171016102,0.5417802765527427,0.5391404371351676,0.7144512363946283,0.9408857826433218
sleep_edf,BPE_WindowedSeq_CNN,4096,456,5fold-subject,1,0.8853811659192825,0.5397767573947283,0.5295569782399945,0.7400788422222191,0.9627679151159076
sleep_edf,BPE_WindowedSeq_CNN,4096,456,5fold-subject,2,0.8506528349132535,0.5401808033638996,0.5482197775484507,0.7007935709346154,0.9312490170945902
sleep_edf,BPE_WindowedSeq_CNN,4096,456,5fold-subject,3,0.8090410194400521,0.5147772989389897,0.5046800542253825,0.6261785633848933,0.9231950029915474
sleep_edf,BPE_WindowedSeq_CNN,4096,456,5fold-subject,4,0.8506262852869695,0.5353524296072034,0.5048566671682926,0.6656962603060699,0.9323202737133076
sleep_edf,BPE_WindowedSeq_CNN,4096,789,5fold-subject,0,0.8633715638084836,0.53504993287694,0.5147782236868512,0.7049112772680151,0.9538301430522054
sleep_edf,BPE_WindowedSeq_CNN,4096,789,5fold-subject,1,0.8914664457332229,0.5420304291761079,0.5280395533777471,0.743269653803192,0.9561642296011434
sleep_edf,BPE_WindowedSeq_CNN,4096,789,5fold-subject,2,0.8119626513820838,0.5108429934039688,0.5039141062990389,0.620004766136843,0.9073095108507774
sleep_edf,BPE_WindowedSeq_CNN,4096,789,5fold-subject,3,0.844369038884813,0.528828887491394,0.5249726402851271,0.6767182233773159,0.9444614087451522
sleep_edf,BPE_WindowedSeq_CNN,4096,789,5fold-subject,4,0.8444222565126622,0.5219394065385998,0.5239892686675952,0.6917175445458199,0.9204619971640196
sleep_edf,BPE_WindowedSeq_CNN,4096,2024,5fold-subject,0,0.8437181742431257,0.5422657733168896,0.5492436099254914,0.6812303470112281,0.9115049235444695
sleep_edf,BPE_WindowedSeq_CNN,4096,2024,5fold-subject,1,0.8643239254750046,0.5432858857158747,0.5312124175523398,0.7011569346655986,0.9401149880119664
sleep_edf,BPE_WindowedSeq_CNN,4096,2024,5fold-subject,2,0.8149584987369181,0.5360260836912358,0.47402992640287,0.6253691755835313,0.9321501583306612
sleep_edf,BPE_WindowedSeq_CNN,4096,2024,5fold-subject,3,0.8675263774912075,0.5289469609287798,0.5341093891615524,0.7197035886288632,0.9509842610153376
sleep_edf,BPE_WindowedSeq_CNN,4096,2024,5fold-subject,4,0.8674217807074552,0.5365061768855689,0.5370337856309972,0.7171182647228875,0.9500939402893868
sleep_edf,BPE_Bigram_LogReg,4096,42,5fold-subject,0,0.7167175501896568,0.5488014161969905,0.4580157603734969,0.4914200730899793,0.8501485629993875
sleep_edf,BPE_Bigram_LogReg,4096,42,5fold-subject,1,0.7225612533017579,0.5189145509541884,0.3534454470172152,0.4374677644394201,0.8802137360923477
sleep_edf,BPE_Bigram_LogReg,4096,42,5fold-subject,2,0.7482492041837199,0.5572121597805988,0.457162057199983,0.5318843974955193,0.8818562381040678
sleep_edf,BPE_Bigram_LogReg,4096,42,5fold-subject,3,0.6670387943064471,0.5071357386766566,0.3787520773625122,0.4519968902113793,0.8659034779026384
sleep_edf,BPE_Bigram_LogReg,4096,42,5fold-subject,4,0.7484396200814111,0.5843113163714782,0.4472652571561666,0.520477926238061,0.8828262857250072
sleep_edf,BPE_Bigram_LogReg,4096,123,5fold-subject,0,0.6841861327400816,0.5470057545945768,0.4308087289704105,0.4363280232788894,0.8585778138209046
sleep_edf,BPE_Bigram_LogReg,4096,123,5fold-subject,1,0.7295978309986444,0.5845623267982293,0.4494252714055746,0.5316054362296541,0.8685868350001963
sleep_edf,BPE_Bigram_LogReg,4096,123,5fold-subject,2,0.7219079939668175,0.54309302887939,0.4330041371198606,0.5051676517820858,0.829098831490039
sleep_edf,BPE_Bigram_LogReg,4096,123,5fold-subject,3,0.7217264614824258,0.5752785144276448,0.443649512063508,0.4805562279714989,0.8611928696541854
sleep_edf,BPE_Bigram_LogReg,4096,123,5fold-subject,4,0.7991744436468055,0.5615412020387843,0.4603729024199318,0.5865155469867981,0.9091876036554822
sleep_edf,BPE_Bigram_LogReg,4096,456,5fold-subject,0,0.7387562465297057,0.534466688022176,0.3967658121942777,0.5143720636093114,0.8631548138737626
sleep_edf,BPE_Bigram_LogReg,4096,456,5fold-subject,1,0.7680717488789238,0.555076865178517,0.3795752813800288,0.5340742473699116,0.8967394398153015
sleep_edf,BPE_Bigram_LogReg,4096,456,5fold-subject,2,0.7360937220532999,0.5562710248021311,0.4390334863465213,0.5294991386909842,0.8839900481986829
sleep_edf,BPE_Bigram_LogReg,4096,456,5fold-subject,3,0.6787275602269557,0.5348716293291348,0.4014505389437238,0.4483061198532743,0.8507702935108897
sleep_edf,BPE_Bigram_LogReg,4096,456,5fold-subject,4,0.6648906337633202,0.5334616620366771,0.3845300633946468,0.3857744688380998,0.8271569306167427
sleep_edf,BPE_Bigram_LogReg,4096,789,5fold-subject,0,0.7929182596031312,0.5782685211583338,0.4893978378847852,0.5903467973090799,0.8812607940239505
sleep_edf,BPE_Bigram_LogReg,4096,789,5fold-subject,1,0.7591825462579398,0.6029830224264752,0.4684043970493446,0.5274646621234274,0.8788166717347158
sleep_edf,BPE_Bigram_LogReg,4096,789,5fold-subject,2,0.6427845058703892,0.5144479649122408,0.3875219107503713,0.3907539740411259,0.8185701253109441
sleep_edf,BPE_Bigram_LogReg,4096,789,5fold-subject,3,0.7488994864269992,0.5437027777059974,0.5269357533784985,0.5412297582971568,0.88460576233109
sleep_edf,BPE_Bigram_LogReg,4096,789,5fold-subject,4,0.7488426976490877,0.5777077301147926,0.4592654264237688,0.5527140176465568,0.8608364023157626
sleep_edf,BPE_Bigram_LogReg,4096,2024,5fold-subject,0,0.7173409869456532,0.5238517335591639,0.4127637543166685,0.4784774845256234,0.8430495131829977
sleep_edf,BPE_Bigram_LogReg,4096,2024,5fold-subject,1,0.699686404722376,0.5336763330597223,0.4036741762535746,0.4503034588577936,0.8501610436943648
sleep_edf,BPE_Bigram_LogReg,4096,2024,5fold-subject,2,0.6455250811981235,0.5461218298533069,0.4013203147255838,0.4041016203417145,0.8623117445817339
sleep_edf,BPE_Bigram_LogReg,4096,2024,5fold-subject,3,0.7939399404815582,0.6081504230395363,0.5045782410818456,0.6098802042475117,0.8883968596286206
sleep_edf,BPE_Bigram_LogReg,4096,2024,5fold-subject,4,0.7778293566057005,0.5755313769152635,0.517340962319435,0.5821866959830275,0.9054869673528252
sleep_edf,BPE_Seq_CNN,4096,42,5fold-subject,0,0.8286613007678786,0.536806679463881,0.4847651214516512,0.6545473568800215,0.923009597863139
sleep_edf,BPE_Seq_CNN,4096,42,5fold-subject,1,0.8439748610984606,0.510240838488046,0.5192656125306706,0.6263867370283109,0.9106846484124972
sleep_edf,BPE_Seq_CNN,4096,42,5fold-subject,2,0.8588449295134152,0.5259759928772056,0.5252574336763194,0.6990770821799865,0.935483526422996
sleep_edf,BPE_Seq_CNN,4096,42,5fold-subject,3,0.8025862870964741,0.4989985411716456,0.5146483697436006,0.6218927388695183,0.8965297705830875
sleep_edf,BPE_Seq_CNN,4096,42,5fold-subject,4,0.8694708276797829,0.5239305825589391,0.5404812881702385,0.7067790122910125,0.9425315927578596
sleep_edf,BPE_Seq_CNN,4096,123,5fold-subject,0,0.807007786429366,0.492764081397704,0.4885225469272731,0.5952027835155018,0.9094316772334268
sleep_edf,BPE_Seq_CNN,4096,123,5fold-subject,1,0.83524627202892,0.5260398090677821,0.5311189574672971,0.6742332354630451,0.9111799189415262
sleep_edf,BPE_Seq_CNN,4096,123,5fold-subject,2,0.8573717948717948,0.5381271748758795,0.5163077550520531,0.7052973260208686,0.9358429415584532
sleep_edf,BPE_Seq_CNN,4096,123,5fold-subject,3,0.8516663631396831,0.5356523582472483,0.5279225322579333,0.6726998794145376,0.9200358181466012
sleep_edf,BPE_Seq_CNN,4096,123,5fold-subject,4,0.8721284996410624,0.520300915349647,0.5249813410790861,0.7064735844155259,0.944939131866513
sleep_edf,BPE_Seq_CNN,4096,456,5fold-subject,0,0.8561910049972238,0.5232794656461877,0.5303899555176471,0.6935866057586257,0.9300539379396122
sleep_edf,BPE_Seq_CNN,4096,456,5fold-subject,1,0.8789237668161435,0.5395763860877725,0.5336623851367583,0.7223176475072084,0.9550802451441548
sleep_edf,BPE_Seq_CNN,4096,456,5fold-subject,2,0.8420676086567698,0.5260985035959934,0.5336058525768482,0.6860357541008031,0.9262758495155688
sleep_edf,BPE_Seq_CNN,4096,456,5fold-subject,3,0.8049483768951725,0.4976379496933796,0.4921218589535273,0.6119083039740705,0.8979893106247457
sleep_edf,BPE_Seq_CNN,4096,456,5fold-subject,4,0.8332398579173678,0.5003953337208685,0.4874179322306903,0.6131802411828866,0.8975754185774235
sleep_edf,BPE_Seq_CNN,4096,789,5fold-subject,0,0.8681958856726744,0.5386054454220991,0.5145910461335991,0.7175259717451179,0.9526993315460816
sleep_edf,BPE_Seq_CNN,4096,789,5fold-subject,1,0.8694651569548006,0.5334039627788958,0.5311958883101078,0.693089615235642,0.9468621153028896
sleep_edf,BPE_Seq_CNN,4096,789,5fold-subject,2,0.8060460386428769,0.4781604786677819,0.4810937766325291,0.5858146662720596,0.8765865814960666
sleep_edf,BPE_Seq_CNN,4096,789,5fold-subject,3,0.8417094644167278,0.5197246128960346,0.523615334235534,0.6660110094267313,0.921874331478684
sleep_edf,BPE_Seq_CNN,4096,789,5fold-subject,4,0.831079241172733,0.5104438874659023,0.5194820178795682,0.6660190387016229,0.9129808318220292
sleep_edf,BPE_Seq_CNN,4096,2024,5fold-subject,0,0.8119618553837608,0.4786586150704616,0.4989751623365722,0.5901730562106915,0.8934933235016842
sleep_edf,BPE_Seq_CNN,4096,2024,5fold-subject,1,0.843755764619074,0.5269642432519291,0.5199023675627773,0.6608329475472008,0.920018854898792
sleep_edf,BPE_Seq_CNN,4096,2024,5fold-subject,2,0.8179357632623602,0.5303850708663087,0.472522894758882,0.6323792280331155,0.9195036514512678
sleep_edf,BPE_Seq_CNN,4096,2024,5fold-subject,3,0.8649111732347371,0.5234888557084296,0.5315014914509701,0.715290577517695,0.9490747148138776
sleep_edf,BPE_Seq_CNN,4096,2024,5fold-subject,4,0.8594373781450191,0.5253729587878594,0.5263642073451209,0.6988740544927496,0.934464272518178
sleep_edf,BPE_Seq_Transformer,4096,42,5fold-subject,0,0.7443796835970025,0.4750674100023778,0.4291459449948302,0.5104640749245369,0.8713269453867769
sleep_edf,BPE_Seq_Transformer,4096,42,5fold-subject,1,0.8386009654795519,0.4827628165345744,0.4820356863625858,0.6097124266429912,0.9166218394521656
sleep_edf,BPE_Seq_Transformer,4096,42,5fold-subject,2,0.8054570259208731,0.4776862412482189,0.4512197302123083,0.5960814084461034,0.8979160782714993
sleep_edf,BPE_Seq_Transformer,4096,42,5fold-subject,3,0.7536515024653456,0.465020725249734,0.4667542351050281,0.5197470475219124,0.8677285746374294
sleep_edf,BPE_Seq_Transformer,4096,42,5fold-subject,4,0.8077792853912257,0.4808811506759302,0.4675370318162007,0.5752779077093437,0.896002889177737
sleep_edf,BPE_Seq_Transformer,4096,123,5fold-subject,0,0.7300704486466444,0.4170491448547146,0.407000688673197,0.4400944095109316,0.8590771882062864
sleep_edf,BPE_Seq_Transformer,4096,123,5fold-subject,1,0.7849073655671035,0.4754658901752321,0.4732610248251476,0.5697673590351648,0.8710398308927054
sleep_edf,BPE_Seq_Transformer,4096,123,5fold-subject,2,0.7986425339366516,0.4892817429439441,0.4564787449831874,0.5854406447536004,0.8937991868202444
sleep_edf,BPE_Seq_Transformer,4096,123,5fold-subject,3,0.793753414678565,0.4776895684320477,0.4329835155544503,0.5532275330210097,0.8896069159615214
sleep_edf,BPE_Seq_Transformer,4096,123,5fold-subject,4,0.8387473079684135,0.4828035643716614,0.4794756796104708,0.6302818785324726,0.9111417814501512
sleep_edf,BPE_Seq_Transformer,4096,456,5fold-subject,0,0.8004812141402924,0.4894335901687142,0.4654680360393392,0.5898023620101905,0.890634846378975
sleep_edf,BPE_Seq_Transformer,4096,456,5fold-subject,1,0.8478026905829597,0.490600437446661,0.4651299607036487,0.651349717006501,0.9289252508456765
sleep_edf,BPE_Seq_Transformer,4096,456,5fold-subject,2,0.7873367912716867,0.459332188192361,0.4716724586211803,0.5662043038912332,0.8836224920397214
sleep_edf,BPE_Seq_Transformer,4096,456,5fold-subject,3,0.7422565342758813,0.4420637013416352,0.420341482715011,0.4815477255683039,0.858155644626852
sleep_edf,BPE_Seq_Transformer,4096,456,5fold-subject,4,0.7859412974387736,0.473997764660831,0.4283349285526699,0.5350041112083764,0.8777632939560387
sleep_edf,BPE_Seq_Transformer,4096,789,5fold-subject,0,0.8222282905516112,0.4891018813954141,0.4548652137516751,0.6124292888039954,0.91513523095482
sleep_edf,BPE_Seq_Transformer,4096,789,5fold-subject,1,0.8370615851974592,0.486616105335881,0.4747251835208634,0.6088031304685387,0.913935937058603
sleep_edf,BPE_Seq_Transformer,4096,789,5fold-subject,2,0.7489137468799113,0.4527690340102955,0.4191193771996792,0.4886521003418735,0.8461106217653865
sleep_edf,BPE_Seq_Transformer,4096,789,5fold-subject,3,0.7811812179016875,0.4534346431208077,0.4309968067020673,0.5147675336649515,0.8832139843766755
sleep_edf,BPE_Seq_Transformer,4096,789,5fold-subject,4,0.7714441317963148,0.4397068768425949,0.435527267711459,0.5287101150243496,0.8661643547983419
sleep_edf,BPE_Seq_Transformer,4096,2024,5fold-subject,0,0.7764095917044718,0.4543965947755795,0.4508001771705022,0.5332064363659399,0.8610016539731667
sleep_edf,BPE_Seq_Transformer,4096,2024,5fold-subject,1,0.7860173399741746,0.4583276626533874,0.4312574503509004,0.530029730382513,0.8682855489396146
sleep_edf,BPE_Seq_Transformer,4096,2024,5fold-subject,2,0.7661494045470949,0.4667587692557619,0.4166668445273798,0.5119763131817447,0.8814735606850939
sleep_edf,BPE_Seq_Transformer,4096,2024,5fold-subject,3,0.799981964108576,0.4369831242583924,0.4448482160432071,0.5340293583798075,0.9084864024938428
sleep_edf,BPE_Seq_Transformer,4096,2024,5fold-subject,4,0.8135734843561415,0.4628062871129655,0.4509841201669304,0.5827529368491984,0.901992116790704
sleep_edf,BPE_Seq_CW_Transformer,4096,42,5fold-subject,0,0.7543713572023314,0.4591682316205193,0.4105880746525844,0.5001153564068792,0.8453337486086248
sleep_edf,BPE_Seq_CW_Transformer,4096,42,5fold-subject,1,0.7863193369159304,0.3994382928508646,0.3958930238659846,0.4730138008915626,0.8426662108146405
sleep_edf,BPE_Seq_CW_Transformer,4096,42,5fold-subject,2,0.7809913597089586,0.4271356642707228,0.4181511934763398,0.5183568601942627,0.8486865999086433
sleep_edf,BPE_Seq_CW_Transformer,4096,42,5fold-subject,3,0.7183924085961485,0.3916114885619258,0.3996655494053623,0.4142885785453488,0.8113518371325397
sleep_edf,BPE_Seq_CW_Transformer,4096,42,5fold-subject,4,0.7786521935775668,0.4203843296424333,0.4194864846902695,0.4776163716598324,0.8588340785545059
sleep_edf,BPE_Seq_CW_Transformer,4096,123,5fold-subject,0,0.7390619206525769,0.3861010042193761,0.3732675166873176,0.3996581468545175,0.8098124892013867
sleep_edf,BPE_Seq_CW_Transformer,4096,123,5fold-subject,1,0.7501129688206055,0.4499440282514335,0.4283006130301571,0.4878863057541909,0.824708610869294
sleep_edf,BPE_Seq_CW_Transformer,4096,123,5fold-subject,2,0.7558446455505279,0.456570807672939,0.416205414608212,0.5058522172101907,0.8455777260330413
sleep_edf,BPE_Seq_CW_Transformer,4096,123,5fold-subject,3,0.7612456747404844,0.4332905048106224,0.3939214890097001,0.4602935576942991,0.8399903271842023
sleep_edf,BPE_Seq_CW_Transformer,4096,123,5fold-subject,4,0.8146984924623115,0.441182515328249,0.4454436487124173,0.5544320193013963,0.8659109203941254
sleep_edf,BPE_Seq_CW_Transformer,4096,456,5fold-subject,0,0.7579122709605774,0.4316483295815925,0.422931611581297,0.4952643474457276,0.8379320341773958
sleep_edf,BPE_Seq_CW_Transformer,4096,456,5fold-subject,1,0.8097757847533632,0.4489060169366552,0.4249169892774008,0.539567317512142,0.8832100432398029
sleep_edf,BPE_Seq_CW_Transformer,4096,456,5fold-subject,2,0.7631908424253264,0.4577495094574099,0.4593628086932554,0.5178437522160957,0.8436788032759661
sleep_edf,BPE_Seq_CW_Transformer,4096,456,5fold-subject,3,0.7250488326667287,0.4313226472074665,0.4005035709417195,0.4316525372752308,0.8147478549380438
sleep_edf,BPE_Seq_CW_Transformer,4096,456,5fold-subject,4,0.7504206393718452,0.4124128422768341,0.380469594998797,0.4262685327824128,0.8224454762915228
sleep_edf,BPE_Seq_CW_Transformer,4096,789,5fold-subject,0,0.7961951574731476,0.4626277027912461,0.4281874354735432,0.559010600782734,0.872369551097864
sleep_edf,BPE_Seq_CW_Transformer,4096,789,5fold-subject,1,0.8114701279572862,0.4455307635280546,0.4305715996964451,0.532727599769903,0.8730384325010844
sleep_edf,BPE_Seq_CW_Transformer,4096,789,5fold-subject,2,0.7159101414440233,0.4077852496281584,0.3864115020700688,0.4114602485625982,0.7848966190446655
sleep_edf,BPE_Seq_CW_Transformer,4096,789,5fold-subject,3,0.7532098312545855,0.4305979424936127,0.4127469448518405,0.4541782479719141,0.8217798484989519
sleep_edf,BPE_Seq_CW_Transformer,4096,789,5fold-subject,4,0.743578106562585,0.4074581945873684,0.4084273814548581,0.444796298935147,0.831554323239662
sleep_edf,BPE_Seq_CW_Transformer,4096,2024,5fold-subject,0,0.7537265068049255,0.4247241039360147,0.4205689190078431,0.4572122171940828,0.8228468998083569
sleep_edf,BPE_Seq_CW_Transformer,4096,2024,5fold-subject,1,0.7662792842648958,0.4246090199059222,0.4051102633662615,0.4600489370441633,0.8261971652244178
sleep_edf,BPE_Seq_CW_Transformer,4096,2024,5fold-subject,2,0.7405268856008661,0.4409636597758369,0.3780351498083082,0.4470537709671272,0.8372929589330906
sleep_edf,BPE_Seq_CW_Transformer,4096,2024,5fold-subject,3,0.7947515555956353,0.4334890098660678,0.4353774908337985,0.5387345738692086,0.8786890576049771
sleep_edf,BPE_Seq_CW_Transformer,4096,2024,5fold-subject,4,0.7869278618512673,0.4418048965952686,0.4393085629610695,0.5319852033572788,0.8509055342037518
sleep_edf,EEGNet,4096,42,5fold-subject,0,0.8792672772689425,0.6290839624781728,0.6151220511315834,0.7358108515341397,0.9705964768774028
sleep_edf,EEGNet,4096,42,5fold-subject,1,0.8675653520357045,0.4843239424284212,0.4584336410820901,0.6904185845977744,0.9616474789017272
sleep_edf,EEGNet,4096,42,5fold-subject,2,0.9247839927239654,0.7558741564306211,0.7692172931246664,0.849478159201632,0.9820121716973936
sleep_edf,EEGNet,4096,42,5fold-subject,3,0.8763605916829472,0.6143969447055827,0.6215140027359778,0.7657508250255489,0.9698418381918602
sleep_edf,EEGNet,4096,42,5fold-subject,4,0.888647670737223,0.6732907941632045,0.6475419020613147,0.7771035305050316,0.9690283617602414
sleep_edf,EEGNet,4096,123,5fold-subject,0,0.8866332962550982,0.7498975525209424,0.7099653323668048,0.7677554406943261,0.978740030197436
sleep_edf,EEGNet,4096,123,5fold-subject,1,0.880614550384094,0.6334081366873051,0.635467076608776,0.7780035057453685,0.969245772946065
sleep_edf,EEGNet,4096,123,5fold-subject,2,0.8735859728506787,0.656998423027654,0.6256969907590044,0.7549983869879087,0.9606893466707984
sleep_edf,EEGNet,4096,123,5fold-subject,3,0.7539610271353123,0.5634191919150674,0.485944446704824,0.5465222944299735,0.9574033535272026
sleep_edf,EEGNet,4096,123,5fold-subject,4,0.8004307250538406,0.3848464133697805,0.4205142552150382,0.4469113832379371,0.9243601131864184
sleep_edf,EEGNet,4096,456,5fold-subject,0,0.8827503238941329,0.5706452529719936,0.5209684155291272,0.7619689300234446,0.9723054785485662
sleep_edf,EEGNet,4096,456,5fold-subject,1,0.8768609865470852,0.6840145440952143,0.6338969223770456,0.746721476743855,0.9689976341905656
sleep_edf,EEGNet,4096,456,5fold-subject,2,0.8671078519048471,0.6021168982669771,0.6190218830387894,0.7283740340813638,0.9669339949803432
sleep_edf,EEGNet,4096,456,5fold-subject,3,0.715747372337457,0.3859255567556742,0.3250572066384732,0.2384242420589839,0.9177627058536916
sleep_edf,EEGNet,4096,456,5fold-subject,4,0.8883903533370724,0.6951835284885725,0.6185057767255037,0.763208605470285,0.9714955111958656
sleep_edf,EEGNet,4096,789,5fold-subject,0,0.8678317859093392,0.6102872370481723,0.5949787571902372,0.7078348822871988,0.9678616519239694
sleep_edf,EEGNet,4096,789,5fold-subject,1,0.9004878946883917,0.7229410761089311,0.66300258536197,0.7734477531630856,0.982264741973834
sleep_edf,EEGNet,4096,789,5fold-subject,2,0.8507904224831284,0.5935306393406858,0.5800913193986057,0.6856537038698183,0.946721770863023
sleep_edf,EEGNet,4096,789,5fold-subject,3,0.8388664710198093,0.5574413494975963,0.4829682880953716,0.6735985327961755,0.9637432272743937
sleep_edf,EEGNet,4096,789,5fold-subject,4,0.8519560678950713,0.5733609842205324,0.49452976188687,0.7184107682837543,0.9686045623575072
sleep_edf,EEGNet,4096,2024,5fold-subject,0,0.8137209517637256,0.5166565744079504,0.5176935954629641,0.5740015389694597,0.9388991841181896
sleep_edf,EEGNet,4096,2024,5fold-subject,1,0.8748385906659288,0.5184120920976625,0.4914010224546762,0.7286866941354766,0.9738751225675252
sleep_edf,EEGNet,4096,2024,5fold-subject,2,0.9055395164200648,0.6382823137773179,0.6666332137501947,0.7950521608274668,0.978994653110098
sleep_edf,EEGNet,4096,2024,5fold-subject,3,0.7025881504193344,0.2976800253780268,0.2971259910156555,0.1286916521389134,0.9028028983503068
sleep_edf,EEGNet,4096,2024,5fold-subject,4,0.866771887475629,0.5656314680641692,0.5786595560880228,0.6958718863898857,0.9666199372025174
sleep_edf,Patching_LogReg,4096,42,5fold-subject,0,0.7034878342122306,0.2,0.1651876391679791,0.0,0.7820002930176732
sleep_edf,Patching_LogReg,4096,42,5fold-subject,1,0.7368612806266509,0.2,0.1696995122974461,0.0,0.8287178524112949
sleep_edf,Patching_LogReg,4096,42,5fold-subject,2,0.6794906775807185,0.2,0.1618325571320264,0.0,0.8297120901401053
sleep_edf,Patching_LogReg,4096,42,5fold-subject,3,0.6055447018327286,0.2,0.1508633677135241,0.0,0.7735610313713711
sleep_edf,Patching_LogReg,4096,42,5fold-subject,4,0.6997738579828132,0.2,0.1646745782555478,0.0,0.745358982491866
sleep_edf,Patching_LogReg,4096,123,5fold-subject,0,0.7087504634779385,0.2,0.1659108169686449,0.0,0.8493729051931259
sleep_edf,Patching_LogReg,4096,123,5fold-subject,1,0.6488025305015815,0.2,0.1573996930497698,0.0,0.701893324408516
sleep_edf,Patching_LogReg,4096,123,5fold-subject,2,0.6848604826546003,0.2,0.1625916186426453,0.0,0.7769222025785505
sleep_edf,Patching_LogReg,4096,123,5fold-subject,3,0.6804771444181388,0.2,0.1619723652126795,0.0,0.7906642851072332
sleep_edf,Patching_LogReg,4096,123,5fold-subject,4,0.7041457286432161,0.2,0.1652782897161813,0.0,0.850048108986319
sleep_edf,Patching_LogReg,4096,456,5fold-subject,0,0.6820285026836942,0.2,0.1621919014084507,0.0,0.8278508087575217
sleep_edf,Patching_LogReg,4096,456,5fold-subject,1,0.7097757847533632,0.2,0.1660511959714645,0.0,0.827268200583432
sleep_edf,Patching_LogReg,4096,456,5fold-subject,2,0.6462171346807369,0.2,0.1570186875271621,0.0,0.7403268192638524
sleep_edf,Patching_LogReg,4096,456,5fold-subject,3,0.669426099897684,0.2,0.160396701582349,0.0,0.7932434266952648
sleep_edf,Patching_LogReg,4096,456,5fold-subject,4,0.7200411291830249,0.2,0.167447421335797,0.0,0.7855436145676025
sleep_edf,Patching_LogReg,4096,789,5fold-subject,0,0.6946113235026398,0.2,0.1639576730944835,0.0,0.7862028736376437
sleep_edf,Patching_LogReg,4096,789,5fold-subject,1,0.7422443155666022,0.2,0.1704110747120363,0.0,0.8542449056471562
sleep_edf,Patching_LogReg,4096,789,5fold-subject,2,0.6829989830821854,0.2,0.1623290304861301,0.0,0.8496818590126978
sleep_edf,Patching_LogReg,4096,789,5fold-subject,3,0.6692039618488628,0.2,0.1603648151200483,0.0,0.7162928192803744
sleep_edf,Patching_LogReg,4096,789,5fold-subject,4,0.6381955160206952,0.2,0.1558289007092198,0.0,0.762397446108271
sleep_edf,Patching_LogReg,4096,2024,5fold-subject,0,0.6639200074067216,0.2,0.1596038281771644,0.0,0.7917856365604934
sleep_edf,Patching_LogReg,4096,2024,5fold-subject,1,0.7102933038184837,0.2,0.1661219867335382,0.0,0.8047652861927723
sleep_edf,Patching_LogReg,4096,2024,5fold-subject,2,0.6856730422230242,0.2,0.1627060586598158,0.0,0.7506680731776421
sleep_edf,Patching_LogReg,4096,2024,5fold-subject,3,0.6756244927405537,0.2,0.1612830310532264,0.0,0.80693987745423
sleep_edf,Patching_LogReg,4096,2024,5fold-subject,4,0.691300714882555,0.2,0.1634956359444475,0.0,0.7849741691078582
sleep_edf,VQ_LogReg,4096,42,5fold-subject,0,0.86150430197058,0.5606383174051419,0.5613158166152769,0.7006286547870993,0.9520837589655756
sleep_edf,VQ_LogReg,4096,42,5fold-subject,1,0.8725749157482466,0.5225662440851053,0.5168912288387411,0.692201321254422,0.946520261289312
sleep_edf,VQ_LogReg,4096,42,5fold-subject,2,0.8702137335152342,0.5405904550799674,0.5663198298302918,0.7211544950148873,0.965999767694282
sleep_edf,VQ_LogReg,4096,42,5fold-subject,3,0.8576611777839799,0.569829970689246,0.5862174926290653,0.7318867887862676,0.952182391927011
sleep_edf,VQ_LogReg,4096,42,5fold-subject,4,0.8445952057892356,0.5034667917633274,0.5449064076901682,0.6304002147484374,0.945543885444795
sleep_edf,VQ_LogReg,4096,123,5fold-subject,0,0.8421394141638858,0.5275129463901427,0.5109735160362265,0.6523420341160768,0.9572426430860196
sleep_edf,VQ_LogReg,4096,123,5fold-subject,1,0.8638047898779937,0.5637776094698748,0.5761444965314684,0.7252248095559737,0.941429902623731
sleep_edf,VQ_LogReg,4096,123,5fold-subject,2,0.8564291101055806,0.5219741615959675,0.5233008715805945,0.6968143177647319,0.9473897697612224
sleep_edf,VQ_LogReg,4096,123,5fold-subject,3,0.8473866326716445,0.5341240700456458,0.5414037609432378,0.6573569964808497,0.952161485814032
sleep_edf,VQ_LogReg,4096,123,5fold-subject,4,0.8681801866475233,0.5232234832434252,0.5656800114291501,0.6846828651030403,0.9677252950211568
sleep_edf,VQ_LogReg,4096,456,5fold-subject,0,0.8638719230057376,0.5273973509588953,0.5205089831336572,0.7082496178532529,0.9657968334369768
sleep_edf,VQ_LogReg,4096,456,5fold-subject,1,0.840896860986547,0.4608136071526362,0.4889712463366938,0.6093585911811983,0.9556248125466263
sleep_edf,VQ_LogReg,4096,456,5fold-subject,2,0.8714004650330889,0.5772161416591983,0.596867937281956,0.7403551161853061,0.9517779391701364
sleep_edf,VQ_LogReg,4096,456,5fold-subject,3,0.8368523858245744,0.5357627046646873,0.5347324253778564,0.66253394278151,0.9527473396808848
sleep_edf,VQ_LogReg,4096,456,5fold-subject,4,0.8704430734716769,0.5653107842637259,0.5860418108992231,0.7032596864093577,0.9412116943478976
sleep_edf,VQ_LogReg,4096,789,5fold-subject,0,0.9007828144911706,0.6232188661404824,0.6272104867383449,0.791500701539197,0.9631534758844532
sleep_edf,VQ_LogReg,4096,789,5fold-subject,1,0.8668876001104667,0.4730489928507138,0.4826810745752202,0.6515550112983599,0.9656353298596034
sleep_edf,VQ_LogReg,4096,789,5fold-subject,2,0.8244430063788482,0.4981986386297059,0.5130612423201595,0.6218992199298546,0.9374080042646068
sleep_edf,VQ_LogReg,4096,789,5fold-subject,3,0.8479457079970653,0.5414012528885939,0.5440516742286314,0.6789060275186076,0.9450184571285624
sleep_edf,VQ_LogReg,4096,789,5fold-subject,4,0.8725605881819007,0.5855544396487053,0.5846739983212401,0.7473030934282903,0.9589916103576206
sleep_edf,VQ_LogReg,4096,2024,5fold-subject,0,0.8243681140635126,0.4707841877669697,0.5100738023256149,0.6125048199323941,0.9284778911741344
sleep_edf,VQ_LogReg,4096,2024,5fold-subject,1,0.8683822173030806,0.5296013721165591,0.5333876633403647,0.691647634389587,0.9605911950751456
sleep_edf,VQ_LogReg,4096,2024,5fold-subject,2,0.8404005774088776,0.5286092440395245,0.5143699877200089,0.654161523724324,0.9421430161764008
sleep_edf,VQ_LogReg,4096,2024,5fold-subject,3,0.8915141130850393,0.587600181097477,0.5925734202037298,0.775012493574438,0.9686012532767496
sleep_edf,VQ_LogReg,4096,2024,5fold-subject,4,0.8717853495497169,0.5533867304997534,0.5659638404679737,0.7219272857310117,0.9600621643101076
sleep_edf,Chronos_Binning,4096,42,5fold-subject,0,0.7012674622999352,0.1993687532877432,0.1648901457472264,-0.0030655029753048,0.7391213595968923
sleep_edf,Chronos_Binning,4096,42,5fold-subject,1,0.7257491574824665,0.1969839307787391,0.1686438435896079,-0.0064960214996701,0.7459163778908621
sleep_edf,Chronos_Binning,4096,42,5fold-subject,2,0.6794906775807185,0.2,0.1618325571320264,0.0,0.8002807526633934
sleep_edf,Chronos_Binning,4096,42,5fold-subject,3,0.6055447018327286,0.2,0.1508633677135241,0.0,0.697645370125267
sleep_edf,Chronos_Binning,4096,42,5fold-subject,4,0.6997738579828132,0.2,0.1646745782555478,0.0,0.825037225386749
sleep_edf,Chronos_Binning,4096,123,5fold-subject,0,0.7082869855394883,0.1999705249181974,0.1661062457511411,-0.0001568442050368,0.7250590660059993
sleep_edf,Chronos_Binning,4096,123,5fold-subject,1,0.6488025305015815,0.2,0.1574514749424279,0.0007275871302322,0.750724011670888
sleep_edf,Chronos_Binning,4096,123,5fold-subject,2,0.6821266968325792,0.1992016517549896,0.1622057834566241,-0.004034193469504,0.7289817993425954
sleep_edf,Chronos_Binning,4096,123,5fold-subject,3,0.6748315425241304,0.1984040202386248,0.1613423101201262,-0.0079697955958368,0.7751986656249572
sleep_edf,Chronos_Binning,4096,123,5fold-subject,4,0.7041457286432161,0.2,0.1652782897161813,0.0,0.8064875835440889
sleep_edf,Chronos_Binning,4096,456,5fold-subject,0,0.6820285026836942,0.2,0.1621919014084507,0.0,0.7607532594736661
sleep_edf,Chronos_Binning,4096,456,5fold-subject,1,0.7097757847533632,0.2,0.1660511959714645,0.0,0.8046587292599827
sleep_edf,Chronos_Binning,4096,456,5fold-subject,2,0.6461277052405652,0.1999723221699418,0.1570310801999565,0.0002142502587633,0.7573843031041333
sleep_edf,Chronos_Binning,4096,456,5fold-subject,3,0.6692400706910985,0.1999444212866472,0.1603789356366675,-0.0001401169908856,0.7469925913357166
sleep_edf,Chronos_Binning,4096,456,5fold-subject,4,0.7058328659562535,0.1961422006438573,0.1657207913911283,-0.0202896581294129,0.7204034760319941
sleep_edf,Chronos_Binning,4096,789,5fold-subject,0,0.6921536501001274,0.1992923601100773,0.1636324510436841,-0.0033576000249957,0.7765715991671451
sleep_edf,Chronos_Binning,4096,789,5fold-subject,1,0.741415815152352,0.1997767580305097,0.1703288569313736,-0.0005978173616314,0.7257348753672945
sleep_edf,Chronos_Binning,4096,789,5fold-subject,2,0.6744938522695757,0.1975950799545513,0.161359415083226,-0.0115843345617101,0.718967049170008
sleep_edf,Chronos_Binning,4096,789,5fold-subject,3,0.6692039618488628,0.2,0.1603648151200483,0.0,0.8157702879968717
sleep_edf,Chronos_Binning,4096,789,5fold-subject,4,0.638104747208859,0.1999715545441615,0.1558153709757854,-0.000142263410404,0.7440602156146972
sleep_edf,Chronos_Binning,4096,2024,5fold-subject,0,0.6526247569669476,0.1965974062194952,0.1579696341531738,-0.016504350538123,0.6904810290260871
sleep_edf,Chronos_Binning,4096,2024,5fold-subject,1,0.7101088360081166,0.1999480586936761,0.1660967585351383,-0.0002798026023755,0.7596361801162158
sleep_edf,Chronos_Binning,4096,2024,5fold-subject,2,0.6857632623601588,0.2000985707244948,0.1629204244603675,0.0005753887394771,0.7909854067586325
sleep_edf,Chronos_Binning,4096,2024,5fold-subject,3,0.675534313283434,0.1999733048585157,0.161270182992465,-0.0001385466687573,0.758226265239358
sleep_edf,Chronos_Binning,4096,2024,5fold-subject,4,0.691300714882555,0.2,0.1636034056577863,0.0019816809325938,0.7741688489861959
sleep_edf,PSD_LogReg,4096,42,5fold-subject,0,0.7573318530853917,0.6749812062391689,0.5611774655091735,0.5812985674971072,0.936836583106609
sleep_edf,PSD_LogReg,4096,42,5fold-subject,1,0.8291283359140177,0.6888767235069088,0.6077800829992523,0.6471684047715562,0.9526895129679642
sleep_edf,PSD_LogReg,4096,42,5fold-subject,2,0.853206002728513,0.7276013962382043,0.6637942010007603,0.7240934788538413,0.964410839900338
sleep_edf,PSD_LogReg,4096,42,5fold-subject,3,0.7680714485068378,0.7338647792859122,0.6543570459564353,0.639403881676303,0.9439966522810012
sleep_edf,PSD_LogReg,4096,42,5fold-subject,4,0.8175486205336951,0.7439797397921488,0.6529136586441396,0.6658855756502787,0.9590260106275708
sleep_edf,PSD_LogReg,4096,123,5fold-subject,0,0.8172043010752689,0.7827262166336709,0.6610488832513346,0.6660048862906808,0.948380203953736
sleep_edf,PSD_LogReg,4096,123,5fold-subject,1,0.7492092182557614,0.7288962382176558,0.6401215574587306,0.6015047893464927,0.9433845837264015
sleep_edf,PSD_LogReg,4096,123,5fold-subject,2,0.8034502262443439,0.702267361548473,0.642563031312204,0.6572354159447502,0.9403378178545786
sleep_edf,PSD_LogReg,4096,123,5fold-subject,3,0.7839191404115826,0.6397661044886541,0.5547758907100944,0.6061105756698775,0.9401835725171268
sleep_edf,PSD_LogReg,4096,123,5fold-subject,4,0.8677315147164394,0.7353908984952966,0.6647655923160987,0.7344742389793211,0.9707009277603676
sleep_edf,PSD_LogReg,4096,456,5fold-subject,0,0.8576716638904313,0.7417172358117964,0.6787531321992217,0.7355923311405036,0.9617266898351426
sleep_edf,PSD_LogReg,4096,456,5fold-subject,1,0.8519282511210763,0.684253960547036,0.6170674253050217,0.6944719262841625,0.9605899337992916
sleep_edf,PSD_LogReg,4096,456,5fold-subject,2,0.8052226793060275,0.7286549528100855,0.6654300447075758,0.6744318196401393,0.9549166052167356
sleep_edf,PSD_LogReg,4096,456,5fold-subject,3,0.7741605432052833,0.7469114194289926,0.6265733335806105,0.6237395344138845,0.9406946458124557
sleep_edf,PSD_LogReg,4096,456,5fold-subject,4,0.7226584408300617,0.6382776686412246,0.5294673034923096,0.5110459431835425,0.9296319664047626
sleep_edf,PSD_LogReg,4096,789,5fold-subject,0,0.7677043509921718,0.70358805582971,0.6081296998655519,0.5949981924174447,0.9480517811119088
sleep_edf,PSD_LogReg,4096,789,5fold-subject,1,0.8775660498941361,0.7228260362832355,0.6688905443501294,0.7376394573328876,0.9602488175203236
sleep_edf,PSD_LogReg,4096,789,5fold-subject,2,0.7433669224369048,0.7021453838863518,0.5667870298996032,0.5661001725383732,0.9187623325147166
sleep_edf,PSD_LogReg,4096,789,5fold-subject,3,0.7931951577402788,0.6960881209889098,0.6192051669500197,0.6357002851635426,0.9436945053787354
sleep_edf,PSD_LogReg,4096,789,5fold-subject,4,0.7935917218843606,0.7458279969047672,0.6476381272290856,0.6640049517599182,0.951001476711437
sleep_edf,PSD_LogReg,4096,2024,5fold-subject,0,0.7889084344042219,0.7326374258611702,0.6377922672546011,0.6407299579314825,0.943042122593564
sleep_edf,PSD_LogReg,4096,2024,5fold-subject,1,0.8069544364508393,0.7360142441160308,0.6352247962533297,0.6465671608502371,0.951138037280948
sleep_edf,PSD_LogReg,4096,2024,5fold-subject,2,0.7535185853482498,0.705335908460885,0.5603326850323505,0.5712300677443027,0.9351572064134612
sleep_edf,PSD_LogReg,4096,2024,5fold-subject,3,0.858418252322121,0.7596090038573386,0.6979282479840927,0.7423157467590855,0.965376718354952
sleep_edf,PSD_LogReg,4096,2024,5fold-subject,4,0.8412403676538854,0.7203600347335681,0.654083062443608,0.7001785410229254,0.9571284039466356
mental_arithmetic,BPE_Hist_LogReg,4096,42,5fold-subject,0,0.6285714285714286,0.6285714285714286,0.6244497432134997,0.2571428571428571,0.6862585034013605
mental_arithmetic,BPE_Hist_LogReg,4096,42,5fold-subject,1,0.5952380952380952,0.5952380952380952,0.5918973913441095,0.1904761904761904,0.6541496598639456
mental_arithmetic,BPE_Hist_LogReg,4096,42,5fold-subject,2,0.6428571428571429,0.6428571428571428,0.6359139138676344,0.2857142857142857,0.7137414965986394
mental_arithmetic,BPE_Hist_LogReg,4096,42,5fold-subject,3,0.5619047619047619,0.5619047619047619,0.5604695604695604,0.1238095238095238,0.5691609977324263
mental_arithmetic,BPE_Hist_LogReg,4096,42,5fold-subject,4,0.6583333333333333,0.6583333333333333,0.6577391304347826,0.3166666666666666,0.7363194444444444
mental_arithmetic,BPE_Hist_LogReg,4096,123,5fold-subject,0,0.5904761904761905,0.5904761904761905,0.5874451754385965,0.1809523809523809,0.6564172335600907
mental_arithmetic,BPE_Hist_LogReg,4096,123,5fold-subject,1,0.6238095238095238,0.6238095238095238,0.6192421564802277,0.2476190476190476,0.6655782312925169
mental_arithmetic,BPE_Hist_LogReg,4096,123,5fold-subject,2,0.5523809523809524,0.5523809523809524,0.5497673569929751,0.1047619047619047,0.5884807256235827
mental_arithmetic,BPE_Hist_LogReg,4096,123,5fold-subject,3,0.6,0.6,0.5927601809954751,0.1999999999999999,0.6313378684807257
mental_arithmetic,BPE_Hist_LogReg,4096,123,5fold-subject,4,0.6375,0.6375,0.6369895165075887,0.275,0.6755555555555556
mental_arithmetic,BPE_Hist_LogReg,4096,456,5fold-subject,0,0.5428571428571428,0.5428571428571428,0.5394736842105263,0.0857142857142857,0.5697052154195011
mental_arithmetic,BPE_Hist_LogReg,4096,456,5fold-subject,1,0.6714285714285714,0.6714285714285715,0.671242200794101,0.3428571428571428,0.7109297052154195
mental_arithmetic,BPE_Hist_LogReg,4096,456,5fold-subject,2,0.5238095238095238,0.5238095238095237,0.523766328011611,0.0476190476190476,0.5443083900226757
mental_arithmetic,BPE_Hist_LogReg,4096,456,5fold-subject,3,0.6857142857142857,0.6857142857142857,0.6822267057960382,0.3714285714285714,0.7314285714285715
mental_arithmetic,BPE_Hist_LogReg,4096,456,5fold-subject,4,0.6,0.6000000000000001,0.5993043478260869,0.1999999999999999,0.6611111111111111
mental_arithmetic,BPE_Hist_LogReg,4096,789,5fold-subject,0,0.5952380952380952,0.5952380952380952,0.5918973913441095,0.1904761904761904,0.616689342403628
mental_arithmetic,BPE_Hist_LogReg,4096,789,5fold-subject,1,0.5761904761904761,0.5761904761904761,0.5654599986050081,0.1523809523809524,0.6024489795918367
mental_arithmetic,BPE_Hist_LogReg,4096,789,5fold-subject,2,0.580952380952381,0.580952380952381,0.5651764705882353,0.1619047619047618,0.6573242630385487
mental_arithmetic,BPE_Hist_LogReg,4096,789,5fold-subject,3,0.6714285714285714,0.6714285714285715,0.6710630859685365,0.3428571428571428,0.7416780045351474
mental_arithmetic,BPE_Hist_LogReg,4096,789,5fold-subject,4,0.5166666666666667,0.5166666666666667,0.5079185520361991,0.0333333333333333,0.5343055555555555
mental_arithmetic,BPE_Hist_LogReg,4096,2024,5fold-subject,0,0.6523809523809524,0.6523809523809524,0.6435795494175909,0.3047619047619048,0.7259410430839002
mental_arithmetic,BPE_Hist_LogReg,4096,2024,5fold-subject,1,0.6142857142857143,0.6142857142857143,0.6138566661369775,0.2285714285714285,0.6693877551020408
mental_arithmetic,BPE_Hist_LogReg,4096,2024,5fold-subject,2,0.5380952380952381,0.5380952380952381,0.5375814396948991,0.0761904761904761,0.5746031746031746
mental_arithmetic,BPE_Hist_LogReg,4096,2024,5fold-subject,3,0.6476190476190476,0.6476190476190475,0.645561536356172,0.2952380952380952,0.7045804988662132
mental_arithmetic,BPE_Hist_LogReg,4096,2024,5fold-subject,4,0.6083333333333333,0.6083333333333334,0.6069960281513483,0.2166666666666666,0.6774305555555555
mental_arithmetic,BPE_Hist_RF,4096,42,5fold-subject,0,0.5571428571428572,0.5571428571428572,0.5554392114907469,0.1142857142857143,0.5639002267573696
mental_arithmetic,BPE_Hist_RF,4096,42,5fold-subject,1,0.580952380952381,0.5809523809523809,0.5790816326530612,0.1619047619047618,0.5786394557823129
mental_arithmetic,BPE_Hist_RF,4096,42,5fold-subject,2,0.5666666666666667,0.5666666666666667,0.5654744309784215,0.1333333333333333,0.5834467120181406
mental_arithmetic,BPE_Hist_RF,4096,42,5fold-subject,3,0.5142857142857142,0.5142857142857142,0.5126945126945127,0.0285714285714285,0.5208616780045352
mental_arithmetic,BPE_Hist_RF,4096,42,5fold-subject,4,0.5666666666666667,0.5666666666666667,0.5666365719841655,0.1333333333333333,0.5726736111111111
mental_arithmetic,BPE_Hist_RF,4096,123,5fold-subject,0,0.5333333333333333,0.5333333333333333,0.5281548055759354,0.0666666666666666,0.5633106575963719
mental_arithmetic,BPE_Hist_RF,4096,123,5fold-subject,1,0.5523809523809524,0.5523809523809524,0.5523809523809524,0.1047619047619047,0.5626303854875283
mental_arithmetic,BPE_Hist_RF,4096,123,5fold-subject,2,0.5380952380952381,0.5380952380952381,0.5375814396948991,0.0761904761904761,0.5536961451247165
mental_arithmetic,BPE_Hist_RF,4096,123,5fold-subject,3,0.5761904761904761,0.5761904761904761,0.5757190529159384,0.1523809523809524,0.6352380952380953
mental_arithmetic,BPE_Hist_RF,4096,123,5fold-subject,4,0.4916666666666666,0.4916666666666667,0.4911012235817575,-0.0166666666666666,0.498923611111111
mental_arithmetic,BPE_Hist_RF,4096,456,5fold-subject,0,0.5047619047619047,0.5047619047619047,0.5047169811320755,0.0095238095238094,0.4628571428571428
mental_arithmetic,BPE_Hist_RF,4096,456,5fold-subject,1,0.5476190476190477,0.5476190476190477,0.5473624503686898,0.0952380952380952,0.5745578231292516
mental_arithmetic,BPE_Hist_RF,4096,456,5fold-subject,2,0.4952380952380952,0.4952380952380952,0.4935844935844936,-0.0095238095238094,0.52562358276644
mental_arithmetic,BPE_Hist_RF,4096,456,5fold-subject,3,0.4952380952380952,0.4952380952380952,0.4945044963211917,-0.0095238095238094,0.548843537414966
mental_arithmetic,BPE_Hist_RF,4096,456,5fold-subject,4,0.5208333333333334,0.5208333333333334,0.5204253618529653,0.0416666666666666,0.5323611111111111
mental_arithmetic,BPE_Hist_RF,4096,789,5fold-subject,0,0.580952380952381,0.580952380952381,0.5806100217864923,0.1619047619047618,0.567392290249433
mental_arithmetic,BPE_Hist_RF,4096,789,5fold-subject,1,0.5238095238095238,0.5238095238095238,0.5163964627855564,0.0476190476190476,0.5243083900226757
mental_arithmetic,BPE_Hist_RF,4096,789,5fold-subject,2,0.5523809523809524,0.5523809523809524,0.5497673569929751,0.1047619047619047,0.5944217687074831
mental_arithmetic,BPE_Hist_RF,4096,789,5fold-subject,3,0.5476190476190477,0.5476190476190477,0.5473624503686898,0.0952380952380952,0.5633560090702947
mental_arithmetic,BPE_Hist_RF,4096,789,5fold-subject,4,0.5458333333333333,0.5458333333333334,0.5454466473215062,0.0916666666666666,0.5461111111111111
mental_arithmetic,BPE_Hist_RF,4096,2024,5fold-subject,0,0.5857142857142857,0.5857142857142857,0.5852534562211982,0.1714285714285713,0.5740136054421769
mental_arithmetic,BPE_Hist_RF,4096,2024,5fold-subject,1,0.5428571428571428,0.5428571428571429,0.5426912258415751,0.0857142857142857,0.5686621315192744
mental_arithmetic,BPE_Hist_RF,4096,2024,5fold-subject,2,0.5761904761904761,0.5761904761904761,0.5719095719095719,0.1523809523809524,0.6302040816326531
mental_arithmetic,BPE_Hist_RF,4096,2024,5fold-subject,3,0.5142857142857142,0.5142857142857143,0.5121173469387754,0.0285714285714285,0.541451247165533
mental_arithmetic,BPE_Hist_RF,4096,2024,5fold-subject,4,0.5833333333333334,0.5833333333333333,0.5830727538044611,0.1666666666666666,0.6112847222222222
mental_arithmetic,BPE_Windowed_LogReg,4096,42,5fold-subject,0,0.5714285714285714,0.5714285714285714,0.5675057208237986,0.1428571428571429,0.5866666666666667
mental_arithmetic,BPE_Windowed_LogReg,4096,42,5fold-subject,1,0.5857142857142857,0.5857142857142856,0.5849519525659375,0.1714285714285713,0.5914739229024943
mental_arithmetic,BPE_Windowed_LogReg,4096,42,5fold-subject,2,0.5761904761904761,0.5761904761904763,0.5690668880127274,0.1523809523809524,0.6099773242630386
mental_arithmetic,BPE_Windowed_LogReg,4096,42,5fold-subject,3,0.5380952380952381,0.5380952380952381,0.535048275547237,0.0761904761904761,0.5326984126984127
mental_arithmetic,BPE_Windowed_LogReg,4096,42,5fold-subject,4,0.5958333333333333,0.5958333333333333,0.5957701724227744,0.1916666666666666,0.6181944444444445
mental_arithmetic,BPE_Windowed_LogReg,4096,123,5fold-subject,0,0.5761904761904761,0.5761904761904761,0.5754106181421659,0.1523809523809524,0.6063492063492063
mental_arithmetic,BPE_Windowed_LogReg,4096,123,5fold-subject,1,0.5476190476190477,0.5476190476190477,0.5467866148708512,0.0952380952380952,0.571156462585034
mental_arithmetic,BPE_Windowed_LogReg,4096,123,5fold-subject,2,0.5190476190476191,0.5190476190476191,0.5141895141895142,0.038095238095238,0.573968253968254
mental_arithmetic,BPE_Windowed_LogReg,4096,123,5fold-subject,3,0.5333333333333333,0.5333333333333333,0.5306085211203357,0.0666666666666666,0.5503854875283446
mental_arithmetic,BPE_Windowed_LogReg,4096,123,5fold-subject,4,0.5666666666666667,0.5666666666666667,0.5663956639566397,0.1333333333333333,0.6078472222222221
mental_arithmetic,BPE_Windowed_LogReg,4096,456,5fold-subject,0,0.5047619047619047,0.5047619047619047,0.5010964912280702,0.0095238095238094,0.5356009070294785
mental_arithmetic,BPE_Windowed_LogReg,4096,456,5fold-subject,1,0.6142857142857143,0.6142857142857143,0.6132244935082654,0.2285714285714285,0.6282086167800454
mental_arithmetic,BPE_Windowed_LogReg,4096,456,5fold-subject,2,0.5380952380952381,0.5380952380952382,0.5372452804470796,0.0761904761904761,0.5383219954648527
mental_arithmetic,BPE_Windowed_LogReg,4096,456,5fold-subject,3,0.5666666666666667,0.5666666666666667,0.5664208735110607,0.1333333333333333,0.5779591836734693
mental_arithmetic,BPE_Windowed_LogReg,4096,456,5fold-subject,4,0.5708333333333333,0.5708333333333333,0.570467932790047,0.1416666666666667,0.5918055555555557
mental_arithmetic,BPE_Windowed_LogReg,4096,789,5fold-subject,0,0.5857142857142857,0.5857142857142856,0.584574455990359,0.1714285714285713,0.5852154195011338
mental_arithmetic,BPE_Windowed_LogReg,4096,789,5fold-subject,1,0.5285714285714286,0.5285714285714286,0.5254616420533657,0.0571428571428571,0.5670748299319728
mental_arithmetic,BPE_Windowed_LogReg,4096,789,5fold-subject,2,0.5476190476190477,0.5476190476190476,0.5411155836687751,0.0952380952380952,0.5948299319727891
mental_arithmetic,BPE_Windowed_LogReg,4096,789,5fold-subject,3,0.6285714285714286,0.6285714285714286,0.6285377358490566,0.2571428571428571,0.664126984126984
mental_arithmetic,BPE_Windowed_LogReg,4096,789,5fold-subject,4,0.4375,0.4375,0.4302896027852508,-0.125,0.4547222222222222
mental_arithmetic,BPE_Windowed_LogReg,4096,2024,5fold-subject,0,0.5571428571428572,0.5571428571428572,0.5554392114907469,0.1142857142857143,0.6449886621315193
mental_arithmetic,BPE_Windowed_LogReg,4096,2024,5fold-subject,1,0.5904761904761905,0.5904761904761905,0.5898810064492688,0.1809523809523809,0.6118820861678004
mental_arithmetic,BPE_Windowed_LogReg,4096,2024,5fold-subject,2,0.5142857142857142,0.5142857142857142,0.5142857142857142,0.0285714285714285,0.5259863945578231
mental_arithmetic,BPE_Windowed_LogReg,4096,2024,5fold-subject,3,0.6095238095238096,0.6095238095238096,0.6082446082446082,0.219047619047619,0.5920181405895691
mental_arithmetic,BPE_Windowed_LogReg,4096,2024,5fold-subject,4,0.5583333333333333,0.5583333333333333,0.5580571190327288,0.1166666666666667,0.5889583333333334
mental_arithmetic,BPE_WindowedSeq_CNN,4096,42,5fold-subject,0,0.6238095238095238,0.6238095238095238,0.6207046343080546,0.2476190476190476,0.6411791383219955
mental_arithmetic,BPE_WindowedSeq_CNN,4096,42,5fold-subject,1,0.6047619047619047,0.6047619047619047,0.6043222628317177,0.2095238095238095,0.6960544217687075
mental_arithmetic,BPE_WindowedSeq_CNN,4096,42,5fold-subject,2,0.5619047619047619,0.5619047619047619,0.5550847457627119,0.1238095238095238,0.6409977324263039
mental_arithmetic,BPE_WindowedSeq_CNN,4096,42,5fold-subject,3,0.638095238095238,0.638095238095238,0.638095238095238,0.2761904761904762,0.6706575963718822
mental_arithmetic,BPE_WindowedSeq_CNN,4096,42,5fold-subject,4,0.5875,0.5875,0.5874928384173337,0.175,0.6705555555555556
mental_arithmetic,BPE_WindowedSeq_CNN,4096,123,5fold-subject,0,0.638095238095238,0.638095238095238,0.6305555555555555,0.2761904761904762,0.7082086167800453
mental_arithmetic,BPE_WindowedSeq_CNN,4096,123,5fold-subject,1,0.6142857142857143,0.6142857142857143,0.6142769677316946,0.2285714285714285,0.6448072562358276
mental_arithmetic,BPE_WindowedSeq_CNN,4096,123,5fold-subject,2,0.5952380952380952,0.5952380952380952,0.5931623931623932,0.1904761904761904,0.6168707482993198
mental_arithmetic,BPE_WindowedSeq_CNN,4096,123,5fold-subject,3,0.6,0.6,0.5982142857142857,0.1999999999999999,0.6057142857142858
mental_arithmetic,BPE_WindowedSeq_CNN,4096,123,5fold-subject,4,0.625,0.625,0.6212121212121212,0.25,0.67375
mental_arithmetic,BPE_WindowedSeq_CNN,4096,456,5fold-subject,0,0.5523809523809524,0.5523809523809524,0.5513636363636364,0.1047619047619047,0.5747845804988662
mental_arithmetic,BPE_WindowedSeq_CNN,4096,456,5fold-subject,1,0.6571428571428571,0.6571428571428571,0.6566445635389226,0.3142857142857143,0.7072108843537415
mental_arithmetic,BPE_WindowedSeq_CNN,4096,456,5fold-subject,2,0.5333333333333333,0.5333333333333333,0.5236111111111111,0.0666666666666666,0.5947392290249434
mental_arithmetic,BPE_WindowedSeq_CNN,4096,456,5fold-subject,3,0.5857142857142857,0.5857142857142857,0.5857048912673757,0.1714285714285713,0.6464399092970522
mental_arithmetic,BPE_WindowedSeq_CNN,4096,456,5fold-subject,4,0.6041666666666666,0.6041666666666666,0.5854470081274206,0.2083333333333333,0.6357638888888889
mental_arithmetic,BPE_WindowedSeq_CNN,4096,789,5fold-subject,0,0.6333333333333333,0.6333333333333333,0.6215862020547143,0.2666666666666667,0.7332426303854875
mental_arithmetic,BPE_WindowedSeq_CNN,4096,789,5fold-subject,1,0.5666666666666667,0.5666666666666667,0.5638081760288511,0.1333333333333333,0.6249433106575965
mental_arithmetic,BPE_WindowedSeq_CNN,4096,789,5fold-subject,2,0.6238095238095238,0.6238095238095238,0.6103713098006059,0.2476190476190476,0.6857142857142857
mental_arithmetic,BPE_WindowedSeq_CNN,4096,789,5fold-subject,3,0.5,0.5,0.3416141649995521,0.0,0.5718367346938775
mental_arithmetic,BPE_WindowedSeq_CNN,4096,789,5fold-subject,4,0.5541666666666667,0.5541666666666667,0.5433124077466166,0.1083333333333332,0.5927083333333334
mental_arithmetic,BPE_WindowedSeq_CNN,4096,2024,5fold-subject,0,0.5571428571428572,0.5571428571428572,0.5568916619398752,0.1142857142857143,0.5942857142857143
mental_arithmetic,BPE_WindowedSeq_CNN,4096,2024,5fold-subject,1,0.6095238095238096,0.6095238095238096,0.6089563084748841,0.219047619047619,0.665124716553288
mental_arithmetic,BPE_WindowedSeq_CNN,4096,2024,5fold-subject,2,0.5428571428571428,0.5428571428571429,0.5426912258415751,0.0857142857142857,0.5523809523809524
mental_arithmetic,BPE_WindowedSeq_CNN,4096,2024,5fold-subject,3,0.6333333333333333,0.6333333333333333,0.6332584881268286,0.2666666666666667,0.6627664399092971
mental_arithmetic,BPE_WindowedSeq_CNN,4096,2024,5fold-subject,4,0.625,0.625,0.6249739565247587,0.25,0.7036111111111111
mental_arithmetic,BPE_Bigram_LogReg,4096,42,5fold-subject,0,0.5,0.5,0.3333333333333333,0.0,0.5779591836734694
mental_arithmetic,BPE_Bigram_LogReg,4096,42,5fold-subject,1,0.5,0.5,0.3333333333333333,0.0,0.6291609977324263
mental_arithmetic,BPE_Bigram_LogReg,4096,42,5fold-subject,2,0.6238095238095238,0.6238095238095238,0.5938899904531101,0.2476190476190476,0.7112471655328799
mental_arithmetic,BPE_Bigram_LogReg,4096,42,5fold-subject,3,0.5,0.5,0.3333333333333333,0.0,0.6623582766439909
mental_arithmetic,BPE_Bigram_LogReg,4096,42,5fold-subject,4,0.4875,0.4875,0.4216187621230823,-0.0249999999999999,0.5482291666666665
mental_arithmetic,BPE_Bigram_LogReg,4096,123,5fold-subject,0,0.6095238095238096,0.6095238095238096,0.5990126676602086,0.219047619047619,0.6238095238095238
mental_arithmetic,BPE_Bigram_LogReg,4096,123,5fold-subject,1,0.5904761904761905,0.5904761904761904,0.5895454545454546,0.1809523809523809,0.6343310657596372
mental_arithmetic,BPE_Bigram_LogReg,4096,123,5fold-subject,2,0.6,0.6000000000000001,0.5955612619222304,0.1999999999999999,0.6663492063492064
mental_arithmetic,BPE_Bigram_LogReg,4096,123,5fold-subject,3,0.4952380952380952,0.4952380952380952,0.4191629266256131,-0.0095238095238094,0.4776417233560091
mental_arithmetic,BPE_Bigram_LogReg,4096,123,5fold-subject,4,0.525,0.525,0.3927556818181818,0.05,0.6370138888888889
mental_arithmetic,BPE_Bigram_LogReg,4096,456,5fold-subject,0,0.5,0.5,0.3333333333333333,0.0,0.6126984126984127
mental_arithmetic,BPE_Bigram_LogReg,4096,456,5fold-subject,1,0.5,0.5,0.3333333333333333,0.0,0.5563265306122449
mental_arithmetic,BPE_Bigram_LogReg,4096,456,5fold-subject,2,0.6190476190476191,0.6190476190476191,0.6061515378844711,0.2380952380952381,0.7039002267573696
mental_arithmetic,BPE_Bigram_LogReg,4096,456,5fold-subject,3,0.6142857142857143,0.6142857142857143,0.6128018938790376,0.2285714285714285,0.686530612244898
mental_arithmetic,BPE_Bigram_LogReg,4096,456,5fold-subject,4,0.4416666666666666,0.4416666666666666,0.3678748329271169,-0.1166666666666667,0.481736111111111
mental_arithmetic,BPE_Bigram_LogReg,4096,789,5fold-subject,0,0.5,0.5,0.3333333333333333,0.0,0.7380952380952382
mental_arithmetic,BPE_Bigram_LogReg,4096,789,5fold-subject,1,0.5238095238095238,0.5238095238095238,0.5210291031840161,0.0476190476190476,0.5699773242630385
mental_arithmetic,BPE_Bigram_LogReg,4096,789,5fold-subject,2,0.6904761904761905,0.6904761904761905,0.690131892579056,0.3809523809523809,0.7343764172335601
mental_arithmetic,BPE_Bigram_LogReg,4096,789,5fold-subject,3,0.5,0.5,0.3333333333333333,0.0,0.7779138321995465
mental_arithmetic,BPE_Bigram_LogReg,4096,789,5fold-subject,4,0.5,0.5,0.3333333333333333,0.0,0.3869791666666666
mental_arithmetic,BPE_Bigram_LogReg,4096,2024,5fold-subject,0,0.5,0.5,0.3333333333333333,0.0,0.6630385487528345
mental_arithmetic,BPE_Bigram_LogReg,4096,2024,5fold-subject,1,0.6476190476190476,0.6476190476190475,0.6429556106975463,0.2952380952380952,0.7231292517006802
mental_arithmetic,BPE_Bigram_LogReg,4096,2024,5fold-subject,2,0.580952380952381,0.580952380952381,0.496512641673932,0.1619047619047618,0.5905215419501135
mental_arithmetic,BPE_Bigram_LogReg,4096,2024,5fold-subject,3,0.5476190476190477,0.5476190476190477,0.4372514174494372,0.0952380952380952,0.5908390022675736
mental_arithmetic,BPE_Bigram_LogReg,4096,2024,5fold-subject,4,0.5625,0.5625,0.520538823036968,0.125,0.6260763888888888
mental_arithmetic,BPE_Seq_CNN,4096,42,5fold-subject,0,0.5047619047619047,0.5047619047619047,0.4467524571891782,0.0095238095238094,0.5176417233560091
mental_arithmetic,BPE_Seq_CNN,4096,42,5fold-subject,1,0.4666666666666667,0.4666666666666667,0.4627192982456141,-0.0666666666666666,0.4964172335600907
mental_arithmetic,BPE_Seq_CNN,4096,42,5fold-subject,2,0.4619047619047619,0.4619047619047619,0.4615995462280204,-0.0761904761904761,0.4848072562358277
mental_arithmetic,BPE_Seq_CNN,4096,42,5fold-subject,3,0.5142857142857142,0.5142857142857142,0.4645535446455354,0.0285714285714285,0.5180045351473923
mental_arithmetic,BPE_Seq_CNN,4096,42,5fold-subject,4,0.5208333333333334,0.5208333333333334,0.5033738191632928,0.0416666666666666,0.4845833333333333
mental_arithmetic,BPE_Seq_CNN,4096,123,5fold-subject,0,0.5047619047619047,0.5047619047619047,0.454054594540546,0.0095238095238094,0.536780045351474
mental_arithmetic,BPE_Seq_CNN,4096,123,5fold-subject,1,0.4904761904761904,0.4904761904761905,0.4064819461686785,-0.0190476190476189,0.5131065759637188
mental_arithmetic,BPE_Seq_CNN,4096,123,5fold-subject,2,0.5666666666666667,0.5666666666666667,0.5511872049601916,0.1333333333333333,0.556281179138322
mental_arithmetic,BPE_Seq_CNN,4096,123,5fold-subject,3,0.5285714285714286,0.5285714285714285,0.5284751990202081,0.0571428571428571,0.5212698412698412
mental_arithmetic,BPE_Seq_CNN,4096,123,5fold-subject,4,0.5166666666666667,0.5166666666666666,0.5055413469735721,0.0333333333333333,0.556111111111111
mental_arithmetic,BPE_Seq_CNN,4096,456,5fold-subject,0,0.5285714285714286,0.5285714285714286,0.5272743809545465,0.0571428571428571,0.5615419501133787
mental_arithmetic,BPE_Seq_CNN,4096,456,5fold-subject,1,0.4857142857142857,0.4857142857142857,0.4463431305536569,-0.0285714285714284,0.5194557823129251
mental_arithmetic,BPE_Seq_CNN,4096,456,5fold-subject,2,0.5238095238095238,0.5238095238095238,0.5076894223555889,0.0476190476190476,0.5703401360544217
mental_arithmetic,BPE_Seq_CNN,4096,456,5fold-subject,3,0.5285714285714286,0.5285714285714286,0.5206474372276406,0.0571428571428571,0.5297052154195012
mental_arithmetic,BPE_Seq_CNN,4096,456,5fold-subject,4,0.5041666666666667,0.5041666666666667,0.4120432321152856,0.0083333333333333,0.5470833333333333
mental_arithmetic,BPE_Seq_CNN,4096,789,5fold-subject,0,0.5380952380952381,0.5380952380952382,0.511499076716468,0.0761904761904761,0.5536507936507936
mental_arithmetic,BPE_Seq_CNN,4096,789,5fold-subject,1,0.5142857142857142,0.5142857142857143,0.5121173469387754,0.0285714285714285,0.5523809523809524
mental_arithmetic,BPE_Seq_CNN,4096,789,5fold-subject,2,0.5190476190476191,0.519047619047619,0.488903347068604,0.038095238095238,0.5852154195011338
mental_arithmetic,BPE_Seq_CNN,4096,789,5fold-subject,3,0.4666666666666667,0.4666666666666667,0.4289044289044289,-0.0666666666666666,0.4907029478458049
mental_arithmetic,BPE_Seq_CNN,4096,789,5fold-subject,4,0.5125,0.5125,0.4173185864580523,0.025,0.4915972222222222
mental_arithmetic,BPE_Seq_CNN,4096,2024,5fold-subject,0,0.4428571428571428,0.4428571428571428,0.4418319362093641,-0.1142857142857143,0.4244897959183673
mental_arithmetic,BPE_Seq_CNN,4096,2024,5fold-subject,1,0.4904761904761904,0.4904761904761905,0.4899094231686,-0.0190476190476189,0.5191836734693878
mental_arithmetic,BPE_Seq_CNN,4096,2024,5fold-subject,2,0.4904761904761904,0.4904761904761905,0.4895386083282219,-0.0190476190476189,0.4627664399092971
mental_arithmetic,BPE_Seq_CNN,4096,2024,5fold-subject,3,0.4857142857142857,0.4857142857142857,0.4597942073170732,-0.0285714285714284,0.4868027210884353
mental_arithmetic,BPE_Seq_CNN,4096,2024,5fold-subject,4,0.5291666666666667,0.5291666666666667,0.4782106782106782,0.0583333333333333,0.55375
mental_arithmetic,BPE_Seq_Transformer,4096,42,5fold-subject,0,0.5333333333333333,0.5333333333333333,0.5298793859649122,0.0666666666666666,0.5426757369614513
mental_arithmetic,BPE_Seq_Transformer,4096,42,5fold-subject,1,0.5571428571428572,0.5571428571428572,0.5413231874867892,0.1142857142857143,0.5404988662131519
mental_arithmetic,BPE_Seq_Transformer,4096,42,5fold-subject,2,0.5142857142857142,0.5142857142857142,0.3643162393162393,0.0285714285714285,0.5002267573696145
mental_arithmetic,BPE_Seq_Transformer,4096,42,5fold-subject,3,0.4857142857142857,0.4857142857142857,0.4214285714285714,-0.0285714285714284,0.5563718820861678
mental_arithmetic,BPE_Seq_Transformer,4096,42,5fold-subject,4,0.5,0.5,0.3333333333333333,0.0,0.4804166666666667
mental_arithmetic,BPE_Seq_Transformer,4096,123,5fold-subject,0,0.4714285714285714,0.4714285714285714,0.4625440962855364,-0.0571428571428571,0.4595011337868481
mental_arithmetic,BPE_Seq_Transformer,4096,123,5fold-subject,1,0.4952380952380952,0.4952380952380952,0.4565960355434039,-0.0095238095238094,0.5162811791383219
mental_arithmetic,BPE_Seq_Transformer,4096,123,5fold-subject,2,0.4904761904761904,0.4904761904761905,0.4899094231686,-0.0190476190476189,0.5166439909297051
mental_arithmetic,BPE_Seq_Transformer,4096,123,5fold-subject,3,0.5428571428571428,0.5428571428571429,0.5408163265306123,0.0857142857142857,0.5046712018140589
mental_arithmetic,BPE_Seq_Transformer,4096,123,5fold-subject,4,0.5458333333333333,0.5458333333333333,0.4571600506318607,0.0916666666666666,0.5792361111111113
mental_arithmetic,BPE_Seq_Transformer,4096,456,5fold-subject,0,0.5,0.5,0.3333333333333333,0.0,0.4351927437641723
mental_arithmetic,BPE_Seq_Transformer,4096,456,5fold-subject,1,0.5476190476190477,0.5476190476190476,0.5411155836687751,0.0952380952380952,0.5476643990929705
mental_arithmetic,BPE_Seq_Transformer,4096,456,5fold-subject,2,0.5190476190476191,0.5190476190476191,0.3743178264845571,0.038095238095238,0.5458503401360545
mental_arithmetic,BPE_Seq_Transformer,4096,456,5fold-subject,3,0.5,0.5,0.4801857658124897,0.0,0.4848072562358276
mental_arithmetic,BPE_Seq_Transformer,4096,456,5fold-subject,4,0.5,0.5,0.4791666666666667,0.0,0.5560416666666668
mental_arithmetic,BPE_Seq_Transformer,4096,789,5fold-subject,0,0.4619047619047619,0.4619047619047619,0.4426830127527654,-0.0761904761904761,0.4629478458049886
mental_arithmetic,BPE_Seq_Transformer,4096,789,5fold-subject,1,0.5333333333333333,0.5333333333333333,0.5332910014513788,0.0666666666666666,0.5413151927437642
mental_arithmetic,BPE_Seq_Transformer,4096,789,5fold-subject,2,0.5190476190476191,0.519047619047619,0.4078561657221028,0.038095238095238,0.5895691609977325
mental_arithmetic,BPE_Seq_Transformer,4096,789,5fold-subject,3,0.4952380952380952,0.4952380952380952,0.4945044963211917,-0.0095238095238094,0.5258049886621315
mental_arithmetic,BPE_Seq_Transformer,4096,789,5fold-subject,4,0.5583333333333333,0.5583333333333333,0.5245215311004785,0.1166666666666667,0.5408333333333334
mental_arithmetic,BPE_Seq_Transformer,4096,2024,5fold-subject,0,0.4666666666666667,0.4666666666666667,0.422623723487824,-0.0666666666666666,0.5059410430839002
mental_arithmetic,BPE_Seq_Transformer,4096,2024,5fold-subject,1,0.4857142857142857,0.4857142857142857,0.4856676342525399,-0.0285714285714284,0.5053968253968254
mental_arithmetic,BPE_Seq_Transformer,4096,2024,5fold-subject,2,0.5190476190476191,0.5190476190476191,0.5109635470706232,0.038095238095238,0.5079365079365079
mental_arithmetic,BPE_Seq_Transformer,4096,2024,5fold-subject,3,0.5666666666666667,0.5666666666666667,0.4993581514762516,0.1333333333333333,0.5371428571428571
mental_arithmetic,BPE_Seq_Transformer,4096,2024,5fold-subject,4,0.5,0.5,0.4263405306350091,0.0,0.5375
mental_arithmetic,BPE_Seq_CW_Transformer,4096,42,5fold-subject,0,0.5,0.5,0.3333333333333333,0.0,0.3995464852607709
mental_arithmetic,BPE_Seq_CW_Transformer,4096,42,5fold-subject,1,0.5142857142857142,0.5142857142857143,0.39258166969147,0.0285714285714285,0.4934240362811791
mental_arithmetic,BPE_Seq_CW_Transformer,4096,42,5fold-subject,2,0.5,0.5,0.3333333333333333,0.0,0.5008616780045352
mental_arithmetic,BPE_Seq_CW_Transformer,4096,42,5fold-subject,3,0.5,0.5,0.3333333333333333,0.0,0.4356916099773243
mental_arithmetic,BPE_Seq_CW_Transformer,4096,42,5fold-subject,4,0.5,0.5,0.3333333333333333,0.0,0.5219444444444443
mental_arithmetic,BPE_Seq_CW_Transformer,4096,123,5fold-subject,0,0.5047619047619047,0.5047619047619047,0.3438288667227496,0.0095238095238094,0.4526984126984127
mental_arithmetic,BPE_Seq_CW_Transformer,4096,123,5fold-subject,1,0.5,0.5,0.3333333333333333,0.0,0.4751020408163264
mental_arithmetic,BPE_Seq_CW_Transformer,4096,123,5fold-subject,2,0.5,0.5,0.3333333333333333,0.0,0.5110204081632652
mental_arithmetic,BPE_Seq_CW_Transformer,4096,123,5fold-subject,3,0.5,0.5,0.3333333333333333,0.0,0.5536507936507937
mental_arithmetic,BPE_Seq_CW_Transformer,4096,123,5fold-subject,4,0.5,0.5,0.3333333333333333,0.0,0.5125694444444444
mental_arithmetic,BPE_Seq_CW_Transformer,4096,456,5fold-subject,0,0.5,0.5,0.3333333333333333,0.0,0.4978684807256236
mental_arithmetic,BPE_Seq_CW_Transformer,4096,456,5fold-subject,1,0.5,0.5,0.3333333333333333,0.0,0.5072108843537415
mental_arithmetic,BPE_Seq_CW_Transformer,4096,456,5fold-subject,2,0.5,0.5,0.3333333333333333,0.0,0.5652607709750566
mental_arithmetic,BPE_Seq_CW_Transformer,4096,456,5fold-subject,3,0.4857142857142857,0.4857142857142857,0.37,-0.0285714285714284,0.4682086167800453
mental_arithmetic,BPE_Seq_CW_Transformer,4096,456,5fold-subject,4,0.5,0.5,0.3333333333333333,0.0,0.5277777777777779
mental_arithmetic,BPE_Seq_CW_Transformer,4096,789,5fold-subject,0,0.5,0.5,0.3333333333333333,0.0,0.5712471655328798
mental_arithmetic,BPE_Seq_CW_Transformer,4096,789,5fold-subject,1,0.5,0.5,0.3333333333333333,0.0,0.5072108843537415
mental_arithmetic,BPE_Seq_CW_Transformer,4096,789,5fold-subject,2,0.5047619047619047,0.5047619047619047,0.3438288667227496,0.0095238095238094,0.5181859410430839
mental_arithmetic,BPE_Seq_CW_Transformer,4096,789,5fold-subject,3,0.5,0.5,0.3333333333333333,0.0,0.54702947845805
mental_arithmetic,BPE_Seq_CW_Transformer,4096,789,5fold-subject,4,0.5,0.5,0.3333333333333333,0.0,0.5453472222222222
mental_arithmetic,BPE_Seq_CW_Transformer,4096,2024,5fold-subject,0,0.5,0.5,0.3333333333333333,0.0,0.5449433106575964
mental_arithmetic,BPE_Seq_CW_Transformer,4096,2024,5fold-subject,1,0.5,0.5,0.3333333333333333,0.0,0.4333786848072562
mental_arithmetic,BPE_Seq_CW_Transformer,4096,2024,5fold-subject,2,0.4571428571428571,0.4571428571428571,0.4499586435070306,-0.0857142857142856,0.4824489795918367
mental_arithmetic,BPE_Seq_CW_Transformer,4096,2024,5fold-subject,3,0.5,0.5,0.3333333333333333,0.0,0.4936961451247166
mental_arithmetic,BPE_Seq_CW_Transformer,4096,2024,5fold-subject,4,0.5,0.5,0.3333333333333333,0.0,0.6056944444444444
mental_arithmetic,EEGNet,4096,42,5fold-subject,0,0.5,0.5,0.3333333333333333,0.0,0.5131972789115646
mental_arithmetic,EEGNet,4096,42,5fold-subject,1,0.5,0.5,0.3333333333333333,0.0,0.529251700680272
mental_arithmetic,EEGNet,4096,42,5fold-subject,2,0.5,0.5,0.3333333333333333,0.0,0.5220861678004536
mental_arithmetic,EEGNet,4096,42,5fold-subject,3,0.5,0.5,0.3333333333333333,0.0,0.5156916099773242
mental_arithmetic,EEGNet,4096,42,5fold-subject,4,0.5,0.5,0.3333333333333333,0.0,0.5116319444444445
mental_arithmetic,EEGNet,4096,123,5fold-subject,0,0.5,0.5,0.3333333333333333,0.0,0.4982312925170068
mental_arithmetic,EEGNet,4096,123,5fold-subject,1,0.5,0.5,0.3333333333333333,0.0,0.5612244897959184
mental_arithmetic,EEGNet,4096,123,5fold-subject,2,0.5,0.5,0.3333333333333333,0.0,0.5194557823129252
mental_arithmetic,EEGNet,4096,123,5fold-subject,3,0.5,0.5,0.3333333333333333,0.0,0.5784126984126984
mental_arithmetic,EEGNet,4096,123,5fold-subject,4,0.5,0.5,0.3333333333333333,0.0,0.4570486111111111
mental_arithmetic,EEGNet,4096,456,5fold-subject,0,0.5,0.5,0.3333333333333333,0.0,0.5445804988662132
mental_arithmetic,EEGNet,4096,456,5fold-subject,1,0.5,0.5,0.3333333333333333,0.0,0.5135147392290249
mental_arithmetic,EEGNet,4096,456,5fold-subject,2,0.5,0.5,0.3333333333333333,0.0,0.5036734693877551
mental_arithmetic,EEGNet,4096,456,5fold-subject,3,0.5,0.5,0.3333333333333333,0.0,0.4339229024943311
mental_arithmetic,EEGNet,4096,456,5fold-subject,4,0.5,0.5,0.3333333333333333,0.0,0.5047222222222223
mental_arithmetic,EEGNet,4096,789,5fold-subject,0,0.5,0.5,0.3333333333333333,0.0,0.5090702947845805
mental_arithmetic,EEGNet,4096,789,5fold-subject,1,0.5,0.5,0.3333333333333333,0.0,0.4927437641723355
mental_arithmetic,EEGNet,4096,789,5fold-subject,2,0.5,0.5,0.3333333333333333,0.0,0.5028571428571429
mental_arithmetic,EEGNet,4096,789,5fold-subject,3,0.5,0.5,0.3333333333333333,0.0,0.5675736961451247
mental_arithmetic,EEGNet,4096,789,5fold-subject,4,0.5,0.5,0.3333333333333333,0.0,0.5109027777777778
mental_arithmetic,EEGNet,4096,2024,5fold-subject,0,0.5,0.5,0.3333333333333333,0.0,0.4832199546485261
mental_arithmetic,EEGNet,4096,2024,5fold-subject,1,0.5,0.5,0.3333333333333333,0.0,0.5333333333333333
mental_arithmetic,EEGNet,4096,2024,5fold-subject,2,0.5,0.5,0.3333333333333333,0.0,0.5078004535147392
mental_arithmetic,EEGNet,4096,2024,5fold-subject,3,0.5,0.5,0.3333333333333333,0.0,0.50421768707483
mental_arithmetic,EEGNet,4096,2024,5fold-subject,4,0.5625,0.5625,0.5529933481152993,0.125,0.6077083333333333
mental_arithmetic,Patching_LogReg,4096,42,5fold-subject,0,0.5,0.5,0.3333333333333333,0.0,0.6446258503401361
mental_arithmetic,Patching_LogReg,4096,42,5fold-subject,1,0.5,0.5,0.3333333333333333,0.0,0.5857596371882086
mental_arithmetic,Patching_LogReg,4096,42,5fold-subject,2,0.5,0.5,0.3333333333333333,0.0,0.6267573696145124
mental_arithmetic,Patching_LogReg,4096,42,5fold-subject,3,0.5,0.5,0.3333333333333333,0.0,0.6879818594104308
mental_arithmetic,Patching_LogReg,4096,42,5fold-subject,4,0.5,0.5,0.3333333333333333,0.0,0.6580555555555555
mental_arithmetic,Patching_LogReg,4096,123,5fold-subject,0,0.5,0.5,0.3333333333333333,0.0,0.5938321995464853
mental_arithmetic,Patching_LogReg,4096,123,5fold-subject,1,0.5,0.5,0.3333333333333333,0.0,0.6228571428571429
mental_arithmetic,Patching_LogReg,4096,123,5fold-subject,2,0.5,0.5,0.3333333333333333,0.0,0.6507936507936506
mental_arithmetic,Patching_LogReg,4096,123,5fold-subject,3,0.5,0.5,0.3333333333333333,0.0,0.7647165532879818
mental_arithmetic,Patching_LogReg,4096,123,5fold-subject,4,0.5,0.5,0.3333333333333333,0.0,0.6572222222222223
mental_arithmetic,Patching_LogReg,4096,456,5fold-subject,0,0.5,0.5,0.3333333333333333,0.0,0.5959183673469388
mental_arithmetic,Patching_LogReg,4096,456,5fold-subject,1,0.5,0.5,0.3333333333333333,0.0,0.6868027210884353
mental_arithmetic,Patching_LogReg,4096,456,5fold-subject,2,0.5,0.5,0.3333333333333333,0.0,0.6337414965986394
mental_arithmetic,Patching_LogReg,4096,456,5fold-subject,3,0.5,0.5,0.3333333333333333,0.0,0.6145124716553289
mental_arithmetic,Patching_LogReg,4096,456,5fold-subject,4,0.5,0.5,0.3333333333333333,0.0,0.6734722222222221
mental_arithmetic,Patching_LogReg,4096,789,5fold-subject,0,0.5,0.5,0.3333333333333333,0.0,0.5765079365079365
mental_arithmetic,Patching_LogReg,4096,789,5fold-subject,1,0.5,0.5,0.3333333333333333,0.0,0.5813151927437641
mental_arithmetic,Patching_LogReg,4096,789,5fold-subject,2,0.5,0.5,0.3333333333333333,0.0,0.7431292517006802
mental_arithmetic,Patching_LogReg,4096,789,5fold-subject,3,0.5,0.5,0.3333333333333333,0.0,0.694875283446712
mental_arithmetic,Patching_LogReg,4096,789,5fold-subject,4,0.5,0.5,0.3333333333333333,0.0,0.6770138888888889
mental_arithmetic,Patching_LogReg,4096,2024,5fold-subject,0,0.5,0.5,0.3333333333333333,0.0,0.659501133786848
mental_arithmetic,Patching_LogReg,4096,2024,5fold-subject,1,0.5,0.5,0.3333333333333333,0.0,0.6607709750566894
mental_arithmetic,Patching_LogReg,4096,2024,5fold-subject,2,0.5,0.5,0.3333333333333333,0.0,0.571609977324263
mental_arithmetic,Patching_LogReg,4096,2024,5fold-subject,3,0.5,0.5,0.3333333333333333,0.0,0.6481632653061224
mental_arithmetic,Patching_LogReg,4096,2024,5fold-subject,4,0.5,0.5,0.3333333333333333,0.0,0.6764583333333332
mental_arithmetic,VQ_LogReg,4096,42,5fold-subject,0,0.6761904761904762,0.6761904761904762,0.6567307692307692,0.3523809523809523,0.7414058956916099
mental_arithmetic,VQ_LogReg,4096,42,5fold-subject,1,0.6476190476190476,0.6476190476190475,0.6402777777777777,0.2952380952380952,0.6816326530612244
mental_arithmetic,VQ_LogReg,4096,42,5fold-subject,2,0.580952380952381,0.580952380952381,0.5651764705882353,0.1619047619047618,0.6493424036281179
mental_arithmetic,VQ_LogReg,4096,42,5fold-subject,3,0.6666666666666666,0.6666666666666667,0.6641995614035088,0.3333333333333333,0.7004988662131519
mental_arithmetic,VQ_LogReg,4096,42,5fold-subject,4,0.7333333333333333,0.7333333333333334,0.7301665378399269,0.4666666666666667,0.825
mental_arithmetic,VQ_LogReg,4096,123,5fold-subject,0,0.5904761904761905,0.5904761904761905,0.5819444444444445,0.1809523809523809,0.6626757369614512
mental_arithmetic,VQ_LogReg,4096,123,5fold-subject,1,0.7285714285714285,0.7285714285714286,0.7278246435798904,0.4571428571428572,0.7489342403628118
mental_arithmetic,VQ_LogReg,4096,123,5fold-subject,2,0.6619047619047619,0.661904761904762,0.6577999127860275,0.3238095238095237,0.7003174603174603
mental_arithmetic,VQ_LogReg,4096,123,5fold-subject,3,0.6571428571428571,0.6571428571428571,0.6566445635389226,0.3142857142857143,0.7378684807256236
mental_arithmetic,VQ_LogReg,4096,123,5fold-subject,4,0.6666666666666666,0.6666666666666666,0.6655285345968922,0.3333333333333333,0.7802777777777777
mental_arithmetic,VQ_LogReg,4096,456,5fold-subject,0,0.5714285714285714,0.5714285714285714,0.5552941176470588,0.1428571428571429,0.6326530612244898
mental_arithmetic,VQ_LogReg,4096,456,5fold-subject,1,0.7142857142857143,0.7142857142857142,0.7126174619104096,0.4285714285714286,0.7974603174603174
mental_arithmetic,VQ_LogReg,4096,456,5fold-subject,2,0.5714285714285714,0.5714285714285714,0.5700245700245701,0.1428571428571429,0.5853968253968252
mental_arithmetic,VQ_LogReg,4096,456,5fold-subject,3,0.6142857142857143,0.6142857142857143,0.614206981016534,0.2285714285714285,0.6621315192743764
mental_arithmetic,VQ_LogReg,4096,456,5fold-subject,4,0.7166666666666667,0.7166666666666667,0.7142657048812942,0.4333333333333333,0.773125
mental_arithmetic,VQ_LogReg,4096,789,5fold-subject,0,0.6142857142857143,0.6142857142857143,0.6140669313669881,0.2285714285714285,0.6488888888888888
mental_arithmetic,VQ_LogReg,4096,789,5fold-subject,1,0.580952380952381,0.5809523809523809,0.5790816326530612,0.1619047619047618,0.658140589569161
mental_arithmetic,VQ_LogReg,4096,789,5fold-subject,2,0.6904761904761905,0.6904761904761905,0.6844587253519498,0.3809523809523809,0.740408163265306
mental_arithmetic,VQ_LogReg,4096,789,5fold-subject,3,0.7523809523809524,0.7523809523809524,0.7522910806641865,0.5047619047619047,0.7920181405895692
mental_arithmetic,VQ_LogReg,4096,789,5fold-subject,4,0.6666666666666666,0.6666666666666667,0.6647810601298973,0.3333333333333333,0.7418055555555556
mental_arithmetic,VQ_LogReg,4096,2024,5fold-subject,0,0.6285714285714286,0.6285714285714286,0.6145882352941177,0.2571428571428571,0.7214512471655329
mental_arithmetic,VQ_LogReg,4096,2024,5fold-subject,1,0.6523809523809524,0.6523809523809524,0.6075168335082823,0.3047619047619048,0.8070748299319728
mental_arithmetic,VQ_LogReg,4096,2024,5fold-subject,2,0.5523809523809524,0.5523809523809524,0.5503826530612246,0.1047619047619047,0.5839455782312926
mental_arithmetic,VQ_LogReg,4096,2024,5fold-subject,3,0.7,0.7,0.6980210449430508,0.4,0.7774149659863946
mental_arithmetic,VQ_LogReg,4096,2024,5fold-subject,4,0.75,0.75,0.7448798809439445,0.5,0.8017361111111111
mental_arithmetic,Chronos_Binning,4096,42,5fold-subject,0,0.6095238095238096,0.6095238095238096,0.6072438646108931,0.219047619047619,0.6235827664399093
mental_arithmetic,Chronos_Binning,4096,42,5fold-subject,1,0.5666666666666667,0.5666666666666667,0.5661846496106786,0.1333333333333333,0.622312925170068
mental_arithmetic,Chronos_Binning,4096,42,5fold-subject,2,0.6142857142857143,0.6142857142857143,0.603265306122449,0.2285714285714285,0.662766439909297
mental_arithmetic,Chronos_Binning,4096,42,5fold-subject,3,0.5,0.5,0.4994438264738599,0.0,0.5269841269841269
mental_arithmetic,Chronos_Binning,4096,42,5fold-subject,4,0.6,0.6,0.5995550611790879,0.1999999999999999,0.6545833333333333
mental_arithmetic,Chronos_Binning,4096,123,5fold-subject,0,0.5666666666666667,0.5666666666666667,0.5665782132407975,0.1333333333333333,0.6052154195011338
mental_arithmetic,Chronos_Binning,4096,123,5fold-subject,1,0.5476190476190477,0.5476190476190477,0.546374405966484,0.0952380952380952,0.561451247165533
mental_arithmetic,Chronos_Binning,4096,123,5fold-subject,2,0.5476190476190477,0.5476190476190477,0.5473624503686898,0.0952380952380952,0.5685260770975057
mental_arithmetic,Chronos_Binning,4096,123,5fold-subject,3,0.6285714285714286,0.6285714285714286,0.6280316105004996,0.2571428571428571,0.6365532879818594
mental_arithmetic,Chronos_Binning,4096,123,5fold-subject,4,0.5833333333333334,0.5833333333333333,0.5826086956521739,0.1666666666666666,0.6473611111111109
mental_arithmetic,Chronos_Binning,4096,456,5fold-subject,0,0.5095238095238095,0.5095238095238095,0.507008547008547,0.019047619047619,0.513922902494331
mental_arithmetic,Chronos_Binning,4096,456,5fold-subject,1,0.580952380952381,0.5809523809523809,0.5790816326530612,0.1619047619047618,0.6154195011337867
mental_arithmetic,Chronos_Binning,4096,456,5fold-subject,2,0.5714285714285714,0.5714285714285714,0.571078431372549,0.1428571428571429,0.5977324263038549
mental_arithmetic,Chronos_Binning,4096,456,5fold-subject,3,0.6,0.6,0.5986895986895987,0.1999999999999999,0.6622222222222222
mental_arithmetic,Chronos_Binning,4096,456,5fold-subject,4,0.6,0.6000000000000001,0.5993043478260869,0.1999999999999999,0.6429166666666667
mental_arithmetic,Chronos_Binning,4096,789,5fold-subject,0,0.5952380952380952,0.5952380952380952,0.594787859526458,0.1904761904761904,0.5914739229024943
mental_arithmetic,Chronos_Binning,4096,789,5fold-subject,1,0.5857142857142857,0.5857142857142856,0.5856297203510921,0.1714285714285713,0.6104308390022675
mental_arithmetic,Chronos_Binning,4096,789,5fold-subject,2,0.6142857142857143,0.6142857142857143,0.6123076923076923,0.2285714285714285,0.6184126984126984
mental_arithmetic,Chronos_Binning,4096,789,5fold-subject,3,0.5952380952380952,0.5952380952380952,0.5941244684963278,0.1904761904761904,0.6700680272108842
mental_arithmetic,Chronos_Binning,4096,789,5fold-subject,4,0.5708333333333333,0.5708333333333333,0.5708258823937915,0.1416666666666667,0.5950694444444444
mental_arithmetic,Chronos_Binning,4096,2024,5fold-subject,0,0.6142857142857143,0.6142857142857143,0.6142769677316946,0.2285714285714285,0.6475283446712018
mental_arithmetic,Chronos_Binning,4096,2024,5fold-subject,1,0.5761904761904761,0.5761904761904761,0.5757190529159384,0.1523809523809524,0.6312018140589569
mental_arithmetic,Chronos_Binning,4096,2024,5fold-subject,2,0.5761904761904761,0.5761904761904761,0.5761808657792693,0.1523809523809524,0.59718820861678
mental_arithmetic,Chronos_Binning,4096,2024,5fold-subject,3,0.5857142857142857,0.5857142857142857,0.5854792966534317,0.1714285714285713,0.6073469387755102
mental_arithmetic,Chronos_Binning,4096,2024,5fold-subject,4,0.5458333333333333,0.5458333333333334,0.5451937620612319,0.0916666666666666,0.5855555555555556
mental_arithmetic,PSD_LogReg,4096,42,5fold-subject,0,0.6523809523809524,0.6523809523809523,0.6523099952371232,0.3047619047619048,0.7287981859410431
mental_arithmetic,PSD_LogReg,4096,42,5fold-subject,1,0.6333333333333333,0.6333333333333333,0.6280621046578494,0.2666666666666667,0.6739229024943311
mental_arithmetic,PSD_LogReg,4096,42,5fold-subject,2,0.7142857142857143,0.7142857142857143,0.712171052631579,0.4285714285714286,0.7843990929705216
mental_arithmetic,PSD_LogReg,4096,42,5fold-subject,3,0.6857142857142857,0.6857142857142857,0.6856002177660829,0.3714285714285714,0.7264399092970522
mental_arithmetic,PSD_LogReg,4096,42,5fold-subject,4,0.7166666666666667,0.7166666666666666,0.7133019464549224,0.4333333333333333,0.7643055555555556
mental_arithmetic,PSD_LogReg,4096,123,5fold-subject,0,0.6047619047619047,0.6047619047619047,0.5733274583241537,0.2095238095238095,0.7560997732426303
mental_arithmetic,PSD_LogReg,4096,123,5fold-subject,1,0.6095238095238096,0.6095238095238095,0.5840177794956034,0.219047619047619,0.7110204081632653
mental_arithmetic,PSD_LogReg,4096,123,5fold-subject,2,0.6857142857142857,0.6857142857142857,0.6791666666666667,0.3714285714285714,0.6955102040816327
mental_arithmetic,PSD_LogReg,4096,123,5fold-subject,3,0.6285714285714286,0.6285714285714286,0.5955555555555556,0.2571428571428571,0.7120181405895691
mental_arithmetic,PSD_LogReg,4096,123,5fold-subject,4,0.8041666666666667,0.8041666666666667,0.80293156763745,0.6083333333333334,0.8137499999999999
mental_arithmetic,PSD_LogReg,4096,456,5fold-subject,0,0.5904761904761905,0.5904761904761905,0.5485451454854515,0.1809523809523809,0.6761904761904761
mental_arithmetic,PSD_LogReg,4096,456,5fold-subject,1,0.7714285714285715,0.7714285714285715,0.767870302137067,0.5428571428571429,0.8160544217687076
mental_arithmetic,PSD_LogReg,4096,456,5fold-subject,2,0.6047619047619047,0.6047619047619047,0.6014998056654245,0.2095238095238095,0.5877551020408163
mental_arithmetic,PSD_LogReg,4096,456,5fold-subject,3,0.7285714285714285,0.7285714285714285,0.7155080213903744,0.4571428571428572,0.8592290249433107
mental_arithmetic,PSD_LogReg,4096,456,5fold-subject,4,0.6916666666666667,0.6916666666666667,0.6916452531425794,0.3833333333333333,0.778611111111111
mental_arithmetic,PSD_LogReg,4096,789,5fold-subject,0,0.7142857142857143,0.7142857142857142,0.7141820161509844,0.4285714285714286,0.7473015873015872
mental_arithmetic,PSD_LogReg,4096,789,5fold-subject,1,0.6952380952380952,0.6952380952380952,0.6918561995597945,0.3904761904761904,0.7893877551020408
mental_arithmetic,PSD_LogReg,4096,789,5fold-subject,2,0.780952380952381,0.780952380952381,0.7796733874646473,0.5619047619047619,0.8303854875283447
mental_arithmetic,PSD_LogReg,4096,789,5fold-subject,3,0.6904761904761905,0.6904761904761905,0.6904130094577126,0.3809523809523809,0.7592743764172336
mental_arithmetic,PSD_LogReg,4096,789,5fold-subject,4,0.575,0.575,0.5486392801829043,0.15,0.6948958333333333
mental_arithmetic,PSD_LogReg,4096,2024,5fold-subject,0,0.7666666666666667,0.7666666666666666,0.7643097643097643,0.5333333333333333,0.8482539682539683
mental_arithmetic,PSD_LogReg,4096,2024,5fold-subject,1,0.7571428571428571,0.7571428571428571,0.7530608009960573,0.5142857142857142,0.85578231292517
mental_arithmetic,PSD_LogReg,4096,2024,5fold-subject,2,0.5904761904761905,0.5904761904761904,0.5895454545454546,0.1809523809523809,0.6587755102040818
mental_arithmetic,PSD_LogReg,4096,2024,5fold-subject,3,0.7142857142857143,0.7142857142857142,0.7136363636363636,0.4285714285714286,0.7676190476190476
mental_arithmetic,PSD_LogReg,4096,2024,5fold-subject,4,0.65,0.6499999999999999,0.6475524475524476,0.3,0.7088888888888889
epfl_p300,BPE_Hist_LogReg,4096,42,LOSO,0,0.6354166666666666,0.5159722222222223,0.4980375955381119,0.0237603305785124,0.5258053626543211
epfl_p300,BPE_Hist_LogReg,4096,42,LOSO,1,0.6521990740740741,0.5010416666666666,0.4926642250722146,0.0016611295681062,0.5015215084876543
epfl_p300,BPE_Hist_LogReg,4096,42,LOSO,2,0.6203703703703703,0.5347222222222222,0.5036352649601092,0.0483558994197292,0.5449291087962962
epfl_p300,BPE_Hist_LogReg,4096,42,LOSO,3,0.6047453703703703,0.528125,0.4944933793342713,0.0380281690140844,0.538136574074074
epfl_p300,BPE_Hist_LogReg,4096,42,LOSO,4,0.5694444444444444,0.5444444444444445,0.4872076326621781,0.0542372881355933,0.5584780092592592
epfl_p300,BPE_Hist_LogReg,4096,42,LOSO,5,0.5694444444444444,0.5208333333333334,0.4771532729162702,0.0261780104712041,0.5309100115740741
epfl_p300,BPE_Hist_LogReg,4096,42,LOSO,6,0.6319444444444444,0.5152777777777777,0.4965994371482176,0.0225409836065573,0.5218303915895062
epfl_p300,BPE_Hist_LogReg,4096,42,LOSO,7,0.6487268518518519,0.5100694444444445,0.4979377026816806,0.0156756756756756,0.5192587770061728
epfl_p300,BPE_Hist_LogReg,4096,42,LOSO,8,0.5729166666666666,0.5770833333333334,0.5015127422146546,0.0911330049261084,0.6293523341049383
epfl_p300,BPE_Hist_LogReg,4096,42,LOSO,9,0.5729166666666666,0.5229166666666667,0.4795180722891566,0.0289473684210526,0.5419897762345679
epfl_p300,BPE_Hist_LogReg,4096,123,LOSO,0,0.6331018518518519,0.5145833333333334,0.4965257097478658,0.0216049382716049,0.5258029513888889
epfl_p300,BPE_Hist_LogReg,4096,123,LOSO,1,0.6533564814814815,0.5017361111111112,0.4933922882539303,0.0027746947835737,0.5014949845679013
epfl_p300,BPE_Hist_LogReg,4096,123,LOSO,2,0.6209490740740741,0.5350694444444444,0.504027715273417,0.0488867376573087,0.5449676890432098
epfl_p300,BPE_Hist_LogReg,4096,123,LOSO,3,0.6041666666666666,0.5277777777777778,0.4941027620885245,0.0375234521575985,0.5381245177469136
epfl_p300,BPE_Hist_LogReg,4096,123,LOSO,4,0.5682870370370371,0.5423611111111111,0.4858291585564313,0.0516949152542374,0.5584273726851852
epfl_p300,BPE_Hist_LogReg,4096,123,LOSO,5,0.5682870370370371,0.5201388888888889,0.4763653379954894,0.0252613240418116,0.5308955439814815
epfl_p300,BPE_Hist_LogReg,4096,123,LOSO,6,0.6319444444444444,0.5152777777777777,0.4965994371482176,0.0225409836065573,0.5218653549382717
epfl_p300,BPE_Hist_LogReg,4096,123,LOSO,7,0.6504629629629629,0.5111111111111111,0.4990544683808467,0.0173535791757049,0.5192997685185186
epfl_p300,BPE_Hist_LogReg,4096,123,LOSO,8,0.5723379629629629,0.5767361111111111,0.5010921735053671,0.09064807219032,0.6293535397376542
epfl_p300,BPE_Hist_LogReg,4096,123,LOSO,9,0.5734953703703703,0.5204861111111111,0.478660479815295,0.0259911894273128,0.5420138888888889
epfl_p300,BPE_Hist_LogReg,4096,456,LOSO,0,0.6331018518518519,0.5145833333333334,0.4965257097478658,0.0216049382716049,0.5258270640432099
epfl_p300,BPE_Hist_LogReg,4096,456,LOSO,1,0.6498842592592593,0.4996527777777778,0.491210404723863,-0.0005512679162074,0.5015215084876543
epfl_p300,BPE_Hist_LogReg,4096,456,LOSO,2,0.6203703703703703,0.5347222222222222,0.5036352649601092,0.0483558994197292,0.5449532214506172
epfl_p300,BPE_Hist_LogReg,4096,456,LOSO,3,0.6047453703703703,0.529513888888889,0.4951904631347256,0.0398313027179005,0.5381148726851852
epfl_p300,BPE_Hist_LogReg,4096,456,LOSO,4,0.5694444444444444,0.5444444444444445,0.4872076326621781,0.0542372881355933,0.5583863811728395
epfl_p300,BPE_Hist_LogReg,4096,456,LOSO,5,0.5700231481481481,0.5211805555555555,0.4775472999505585,0.0266375545851527,0.5309871720679012
epfl_p300,BPE_Hist_LogReg,4096,456,LOSO,6,0.6325231481481481,0.515625,0.4969778236204228,0.0230769230769231,0.5218701774691357
epfl_p300,BPE_Hist_LogReg,4096,456,LOSO,7,0.6481481481481481,0.5097222222222222,0.4975658371702881,0.0151187904967603,0.5192322530864198
epfl_p300,BPE_Hist_LogReg,4096,456,LOSO,8,0.5723379629629629,0.5767361111111111,0.5010921735053671,0.09064807219032,0.6293571566358025
epfl_p300,BPE_Hist_LogReg,4096,456,LOSO,9,0.5729166666666666,0.5215277777777778,0.4788944879676107,0.0272407732864675,0.5419656635802469
epfl_p300,BPE_Hist_LogReg,4096,789,LOSO,0,0.6319444444444444,0.5138888888888888,0.4957707448223969,0.0205338809034908,0.5258125964506173
epfl_p300,BPE_Hist_LogReg,4096,789,LOSO,1,0.6498842592592593,0.5010416666666666,0.4921634205521674,0.0016501650165016,0.5014756944444444
epfl_p300,BPE_Hist_LogReg,4096,789,LOSO,2,0.6203703703703703,0.5319444444444444,0.5021703805851507,0.0446601941747571,0.5449580439814815
epfl_p300,BPE_Hist_LogReg,4096,789,LOSO,3,0.6076388888888888,0.5298611111111111,0.4964480968263247,0.0405660377358492,0.5381558641975309
epfl_p300,BPE_Hist_LogReg,4096,789,LOSO,4,0.5682870370370371,0.5423611111111111,0.4858291585564313,0.0516949152542374,0.5584563078703704
epfl_p300,BPE_Hist_LogReg,4096,789,LOSO,5,0.5694444444444444,0.5208333333333334,0.4771532729162702,0.0261780104712041,0.5309220679012345
epfl_p300,BPE_Hist_LogReg,4096,789,LOSO,6,0.6313657407407407,0.5177083333333333,0.4978630109990269,0.0259938837920489,0.5217833719135803
epfl_p300,BPE_Hist_LogReg,4096,789,LOSO,7,0.6498842592592593,0.5107638888888889,0.4986820166847049,0.0167930660888407,0.519288917824074
epfl_p300,BPE_Hist_LogReg,4096,789,LOSO,8,0.5723379629629629,0.5767361111111111,0.5010921735053671,0.09064807219032,0.6293680073302468
epfl_p300,BPE_Hist_LogReg,4096,789,LOSO,9,0.5729166666666666,0.5243055555555556,0.4801384705945658,0.030647985989492,0.5419945987654322
epfl_p300,BPE_Hist_LogReg,4096,2024,LOSO,0,0.6313657407407407,0.5135416666666667,0.4953935018050541,0.02,0.5258101851851852
epfl_p300,BPE_Hist_LogReg,4096,2024,LOSO,1,0.6516203703703703,0.5006944444444444,0.4923004841480556,0.0011061946902654,0.5015166859567901
epfl_p300,BPE_Hist_LogReg,4096,2024,LOSO,2,0.6215277777777778,0.5326388888888889,0.502952084051709,0.0457198443579767,0.5449242862654321
epfl_p300,BPE_Hist_LogReg,4096,2024,LOSO,3,0.6047453703703703,0.528125,0.4944933793342713,0.0380281690140844,0.538112461419753
epfl_p300,BPE_Hist_LogReg,4096,2024,LOSO,4,0.5694444444444444,0.5430555555555556,0.4866400356499974,0.0526315789473683,0.5584514853395062
epfl_p300,BPE_Hist_LogReg,4096,2024,LOSO,5,0.5694444444444444,0.5208333333333334,0.4771532729162702,0.0261780104712041,0.5309124228395061
epfl_p300,BPE_Hist_LogReg,4096,2024,LOSO,6,0.6319444444444444,0.5152777777777777,0.4965994371482176,0.0225409836065573,0.5218086902006173
epfl_p300,BPE_Hist_LogReg,4096,2024,LOSO,7,0.6481481481481481,0.5097222222222222,0.4975658371702881,0.0151187904967603,0.5192575713734568
epfl_p300,BPE_Hist_LogReg,4096,2024,LOSO,8,0.5723379629629629,0.5767361111111111,0.5010921735053671,0.09064807219032,0.6293668016975309
epfl_p300,BPE_Hist_LogReg,4096,2024,LOSO,9,0.5734953703703703,0.521875,0.4792880246990811,0.0277044854881266,0.5419692804783951
epfl_p300,BPE_Hist_RF,4096,42,LOSO,0,0.8333333333333334,0.5,0.4545454545454545,0.0,0.5127652391975309
epfl_p300,BPE_Hist_RF,4096,42,LOSO,1,0.8333333333333334,0.5,0.4545454545454545,0.0,0.5165629822530864
epfl_p300,BPE_Hist_RF,4096,42,LOSO,2,0.8333333333333334,0.5,0.4545454545454545,0.0,0.5760754243827161
epfl_p300,BPE_Hist_RF,4096,42,LOSO,3,0.8333333333333334,0.5,0.4545454545454545,0.0,0.5610411844135803
epfl_p300,BPE_Hist_RF,4096,42,LOSO,4,0.8333333333333334,0.5,0.4545454545454545,0.0,0.5849657600308642
epfl_p300,BPE_Hist_RF,4096,42,LOSO,5,0.8333333333333334,0.5,0.4545454545454545,0.0,0.5355468750000001
epfl_p300,BPE_Hist_RF,4096,42,LOSO,6,0.8333333333333334,0.5,0.4545454545454545,0.0,0.5198302469135803
epfl_p300,BPE_Hist_RF,4096,42,LOSO,7,0.8333333333333334,0.5,0.4545454545454545,0.0,0.510865162037037
epfl_p300,BPE_Hist_RF,4096,42,LOSO,8,0.8333333333333334,0.5,0.4545454545454545,0.0,0.5916570216049383
epfl_p300,BPE_Hist_RF,4096,42,LOSO,9,0.8333333333333334,0.5,0.4545454545454545,0.0,0.5528211805555556
epfl_p300,BPE_Hist_RF,4096,123,LOSO,0,0.8333333333333334,0.5,0.4545454545454545,0.0,0.5127652391975309
epfl_p300,BPE_Hist_RF,4096,123,LOSO,1,0.8333333333333334,0.5,0.4545454545454545,0.0,0.5165629822530864
epfl_p300,BPE_Hist_RF,4096,123,LOSO,2,0.8333333333333334,0.5,0.4545454545454545,0.0,0.5760754243827161
epfl_p300,BPE_Hist_RF,4096,123,LOSO,3,0.8333333333333334,0.5,0.4545454545454545,0.0,0.5610411844135803
epfl_p300,BPE_Hist_RF,4096,123,LOSO,4,0.8333333333333334,0.5,0.4545454545454545,0.0,0.5849657600308642
epfl_p300,BPE_Hist_RF,4096,123,LOSO,5,0.8333333333333334,0.5,0.4545454545454545,0.0,0.5355468750000001
epfl_p300,BPE_Hist_RF,4096,123,LOSO,6,0.8333333333333334,0.5,0.4545454545454545,0.0,0.5198302469135803
epfl_p300,BPE_Hist_RF,4096,123,LOSO,7,0.8333333333333334,0.5,0.4545454545454545,0.0,0.510865162037037
epfl_p300,BPE_Hist_RF,4096,123,LOSO,8,0.8333333333333334,0.5,0.4545454545454545,0.0,0.5916570216049383
epfl_p300,BPE_Hist_RF,4096,123,LOSO,9,0.8333333333333334,0.5,0.4545454545454545,0.0,0.5528211805555556
epfl_p300,BPE_Hist_RF,4096,456,LOSO,0,0.8333333333333334,0.5,0.4545454545454545,0.0,0.5127652391975309
epfl_p300,BPE_Hist_RF,4096,456,LOSO,1,0.8333333333333334,0.5,0.4545454545454545,0.0,0.5165629822530864
epfl_p300,BPE_Hist_RF,4096,456,LOSO,2,0.8333333333333334,0.5,0.4545454545454545,0.0,0.5760754243827161
epfl_p300,BPE_Hist_RF,4096,456,LOSO,3,0.8333333333333334,0.5,0.4545454545454545,0.0,0.5610411844135803
epfl_p300,BPE_Hist_RF,4096,456,LOSO,4,0.8333333333333334,0.5,0.4545454545454545,0.0,0.5849657600308642
epfl_p300,BPE_Hist_RF,4096,456,LOSO,5,0.8333333333333334,0.5,0.4545454545454545,0.0,0.5355468750000001
epfl_p300,BPE_Hist_RF,4096,456,LOSO,6,0.8333333333333334,0.5,0.4545454545454545,0.0,0.5198302469135803
epfl_p300,BPE_Hist_RF,4096,456,LOSO,7,0.8333333333333334,0.5,0.4545454545454545,0.0,0.510865162037037
epfl_p300,BPE_Hist_RF,4096,456,LOSO,8,0.8333333333333334,0.5,0.4545454545454545,0.0,0.5916570216049383
epfl_p300,BPE_Hist_RF,4096,456,LOSO,9,0.8333333333333334,0.5,0.4545454545454545,0.0,0.5528211805555556
epfl_p300,BPE_Hist_RF,4096,789,LOSO,0,0.8333333333333334,0.5,0.4545454545454545,0.0,0.5127652391975309
epfl_p300,BPE_Hist_RF,4096,789,LOSO,1,0.8333333333333334,0.5,0.4545454545454545,0.0,0.5165629822530864
epfl_p300,BPE_Hist_RF,4096,789,LOSO,2,0.8333333333333334,0.5,0.4545454545454545,0.0,0.5760754243827161
epfl_p300,BPE_Hist_RF,4096,789,LOSO,3,0.8333333333333334,0.5,0.4545454545454545,0.0,0.5610411844135803
epfl_p300,BPE_Hist_RF,4096,789,LOSO,4,0.8333333333333334,0.5,0.4545454545454545,0.0,0.5849657600308642
epfl_p300,BPE_Hist_RF,4096,789,LOSO,5,0.8333333333333334,0.5,0.4545454545454545,0.0,0.5355468750000001
epfl_p300,BPE_Hist_RF,4096,789,LOSO,6,0.8333333333333334,0.5,0.4545454545454545,0.0,0.5198302469135803
epfl_p300,BPE_Hist_RF,4096,789,LOSO,7,0.8333333333333334,0.5,0.4545454545454545,0.0,0.510865162037037
epfl_p300,BPE_Hist_RF,4096,789,LOSO,8,0.8333333333333334,0.5,0.4545454545454545,0.0,0.5916570216049383
epfl_p300,BPE_Hist_RF,4096,789,LOSO,9,0.8333333333333334,0.5,0.4545454545454545,0.0,0.5528211805555556
epfl_p300,BPE_Hist_RF,4096,2024,LOSO,0,0.8333333333333334,0.5,0.4545454545454545,0.0,0.5127652391975309
epfl_p300,BPE_Hist_RF,4096,2024,LOSO,1,0.8333333333333334,0.5,0.4545454545454545,0.0,0.5165629822530864
epfl_p300,BPE_Hist_RF,4096,2024,LOSO,2,0.8333333333333334,0.5,0.4545454545454545,0.0,0.5760754243827161
epfl_p300,BPE_Hist_RF,4096,2024,LOSO,3,0.8333333333333334,0.5,0.4545454545454545,0.0,0.5610411844135803
epfl_p300,BPE_Hist_RF,4096,2024,LOSO,4,0.8333333333333334,0.5,0.4545454545454545,0.0,0.5849657600308642
epfl_p300,BPE_Hist_RF,4096,2024,LOSO,5,0.8333333333333334,0.5,0.4545454545454545,0.0,0.5355468750000001
epfl_p300,BPE_Hist_RF,4096,2024,LOSO,6,0.8333333333333334,0.5,0.4545454545454545,0.0,0.5198302469135803
epfl_p300,BPE_Hist_RF,4096,2024,LOSO,7,0.8333333333333334,0.5,0.4545454545454545,0.0,0.510865162037037
epfl_p300,BPE_Hist_RF,4096,2024,LOSO,8,0.8333333333333334,0.5,0.4545454545454545,0.0,0.5916570216049383
epfl_p300,BPE_Hist_RF,4096,2024,LOSO,9,0.8333333333333334,0.5,0.4545454545454545,0.0,0.5528211805555556
epfl_p300,BPE_Windowed_LogReg,4096,42,LOSO,0,0.71875,0.6215277777777778,0.5901296267374668,0.1935840707964601,0.6758728780864197
epfl_p300,BPE_Windowed_LogReg,4096,42,LOSO,1,0.7424768518518519,0.6260416666666667,0.603517483004246,0.2137809187279151,0.699365837191358
epfl_p300,BPE_Windowed_LogReg,4096,42,LOSO,2,0.7037037037037037,0.6666666666666667,0.6049382716049383,0.2380952380952381,0.7457151813271604
epfl_p300,BPE_Windowed_LogReg,4096,42,LOSO,3,0.7627314814814815,0.7215277777777778,0.6636121055580351,0.3415417558886509,0.7972873263888889
epfl_p300,BPE_Windowed_LogReg,4096,42,LOSO,4,0.7337962962962963,0.7333333333333333,0.6498739355882213,0.327485380116959,0.8035903742283951
epfl_p300,BPE_Windowed_LogReg,4096,42,LOSO,5,0.7129629629629629,0.6347222222222222,0.594494395418683,0.2068230277185501,0.6935715663580246
epfl_p300,BPE_Windowed_LogReg,4096,42,LOSO,6,0.7135416666666666,0.6128472222222222,0.5829333047279359,0.1795580110497238,0.6604697145061729
epfl_p300,BPE_Windowed_LogReg,4096,42,LOSO,7,0.7216435185185185,0.6690972222222222,0.6157932081716424,0.2523316062176166,0.7235797646604939
epfl_p300,BPE_Windowed_LogReg,4096,42,LOSO,8,0.7303240740740741,0.7326388888888888,0.6473994412673947,0.3239845261121857,0.8143349729938273
epfl_p300,BPE_Windowed_LogReg,4096,42,LOSO,9,0.7204861111111112,0.7170138888888888,0.6353377529045217,0.3013500482160077,0.787037037037037
epfl_p300,BPE_Windowed_LogReg,4096,123,LOSO,0,0.7199074074074074,0.6222222222222222,0.5910427151158584,0.1951219512195122,0.6757474922839507
epfl_p300,BPE_Windowed_LogReg,4096,123,LOSO,1,0.7424768518518519,0.6260416666666667,0.603517483004246,0.2137809187279151,0.699245273919753
epfl_p300,BPE_Windowed_LogReg,4096,123,LOSO,2,0.7037037037037037,0.6666666666666667,0.6049382716049383,0.2380952380952381,0.7456669560185185
epfl_p300,BPE_Windowed_LogReg,4096,123,LOSO,3,0.7633101851851852,0.721875,0.6641332380980894,0.342443729903537,0.7973572530864198
epfl_p300,BPE_Windowed_LogReg,4096,123,LOSO,4,0.734375,0.7336805555555556,0.6503743539446569,0.3282926829268293,0.8035542052469136
epfl_p300,BPE_Windowed_LogReg,4096,123,LOSO,5,0.7123842592592593,0.634375,0.5940354385143902,0.206070287539936,0.6935329861111111
epfl_p300,BPE_Windowed_LogReg,4096,123,LOSO,6,0.7141203703703703,0.6131944444444444,0.5833827893175074,0.1803097345132742,0.6604070216049382
epfl_p300,BPE_Windowed_LogReg,4096,123,LOSO,7,0.7216435185185185,0.6690972222222222,0.6157932081716424,0.2523316062176166,0.723584587191358
epfl_p300,BPE_Windowed_LogReg,4096,123,LOSO,8,0.7303240740740741,0.7326388888888888,0.6473994412673947,0.3239845261121857,0.8143156828703704
epfl_p300,BPE_Windowed_LogReg,4096,123,LOSO,9,0.7210648148148148,0.7173611111111111,0.6358268680523005,0.3021235521235521,0.7870707947530865
epfl_p300,BPE_Windowed_LogReg,4096,456,LOSO,0,0.7216435185185185,0.6232638888888888,0.5924158577519731,0.1974416017797553,0.6756944444444445
epfl_p300,BPE_Windowed_LogReg,4096,456,LOSO,1,0.7430555555555556,0.6277777777777778,0.6048251352047387,0.216470588235294,0.6993055555555556
epfl_p300,BPE_Windowed_LogReg,4096,456,LOSO,2,0.7037037037037037,0.6666666666666667,0.6049382716049383,0.2380952380952381,0.7456645447530864
epfl_p300,BPE_Windowed_LogReg,4096,456,LOSO,3,0.7633101851851852,0.7232638888888889,0.6647310384413773,0.3438502673796791,0.7972463348765432
epfl_p300,BPE_Windowed_LogReg,4096,456,LOSO,4,0.7337962962962963,0.7333333333333333,0.6498739355882213,0.327485380116959,0.803587962962963
epfl_p300,BPE_Windowed_LogReg,4096,456,LOSO,5,0.7123842592592593,0.634375,0.5940354385143902,0.206070287539936,0.6935185185185185
epfl_p300,BPE_Windowed_LogReg,4096,456,LOSO,6,0.7135416666666666,0.6128472222222222,0.5829333047279359,0.1795580110497238,0.6604214891975309
epfl_p300,BPE_Windowed_LogReg,4096,456,LOSO,7,0.7216435185185185,0.6690972222222222,0.6157932081716424,0.2523316062176166,0.7235894097222223
epfl_p300,BPE_Windowed_LogReg,4096,456,LOSO,8,0.7297453703703703,0.7322916666666667,0.6469017662000118,0.3231884057971014,0.8142795138888888
epfl_p300,BPE_Windowed_LogReg,4096,456,LOSO,9,0.7210648148148148,0.7173611111111111,0.6358268680523005,0.3021235521235521,0.7870129243827159
epfl_p300,BPE_Windowed_LogReg,4096,789,LOSO,0,0.7204861111111112,0.6225694444444445,0.5914999586421508,0.1958934517203107,0.6757740162037038
epfl_p300,BPE_Windowed_LogReg,4096,789,LOSO,1,0.7418981481481481,0.6256944444444444,0.6030450682462014,0.2129411764705882,0.6993851273148148
epfl_p300,BPE_Windowed_LogReg,4096,789,LOSO,2,0.7037037037037037,0.6666666666666667,0.6049382716049383,0.2380952380952381,0.7456597222222223
epfl_p300,BPE_Windowed_LogReg,4096,789,LOSO,3,0.7633101851851852,0.721875,0.6641332380980894,0.342443729903537,0.797289737654321
epfl_p300,BPE_Windowed_LogReg,4096,789,LOSO,4,0.7337962962962963,0.7333333333333333,0.6498739355882213,0.327485380116959,0.8035590277777778
epfl_p300,BPE_Windowed_LogReg,4096,789,LOSO,5,0.7123842592592593,0.634375,0.5940354385143902,0.206070287539936,0.6935088734567901
epfl_p300,BPE_Windowed_LogReg,4096,789,LOSO,6,0.7146990740740741,0.6135416666666667,0.5838327170725488,0.181063122923588,0.6604962384259259
epfl_p300,BPE_Windowed_LogReg,4096,789,LOSO,7,0.7216435185185185,0.6690972222222222,0.6157932081716424,0.2523316062176166,0.7236014660493827
epfl_p300,BPE_Windowed_LogReg,4096,789,LOSO,8,0.7297453703703703,0.7322916666666667,0.6469017662000118,0.3231884057971014,0.814306037808642
epfl_p300,BPE_Windowed_LogReg,4096,789,LOSO,9,0.7204861111111112,0.7170138888888888,0.6353377529045217,0.3013500482160077,0.7870912905092593
epfl_p300,BPE_Windowed_LogReg,4096,2024,LOSO,0,0.7193287037037037,0.621875,0.5905859387022032,0.1943521594684385,0.675658275462963
epfl_p300,BPE_Windowed_LogReg,4096,2024,LOSO,1,0.7418981481481481,0.6256944444444444,0.6030450682462014,0.2129411764705882,0.699389949845679
epfl_p300,BPE_Windowed_LogReg,4096,2024,LOSO,2,0.7037037037037037,0.6666666666666667,0.6049382716049383,0.2380952380952381,0.7456741898148147
epfl_p300,BPE_Windowed_LogReg,4096,2024,LOSO,3,0.7633101851851852,0.7232638888888889,0.6647310384413773,0.3438502673796791,0.7972849151234569
epfl_p300,BPE_Windowed_LogReg,4096,2024,LOSO,4,0.734375,0.7336805555555556,0.6503743539446569,0.3282926829268293,0.8035132137345679
epfl_p300,BPE_Windowed_LogReg,4096,2024,LOSO,5,0.7123842592592593,0.634375,0.5940354385143902,0.206070287539936,0.6934510030864197
epfl_p300,BPE_Windowed_LogReg,4096,2024,LOSO,6,0.7135416666666666,0.6128472222222222,0.5829333047279359,0.1795580110497238,0.6603443287037036
epfl_p300,BPE_Windowed_LogReg,4096,2024,LOSO,7,0.7216435185185185,0.6690972222222222,0.6157932081716424,0.2523316062176166,0.7236858603395062
epfl_p300,BPE_Windowed_LogReg,4096,2024,LOSO,8,0.7297453703703703,0.7322916666666667,0.6469017662000118,0.3231884057971014,0.8142795138888889
epfl_p300,BPE_Windowed_LogReg,4096,2024,LOSO,9,0.7204861111111112,0.7170138888888888,0.6353377529045217,0.3013500482160077,0.7870563271604939
epfl_p300,BPE_WindowedSeq_CNN,4096,42,LOSO,0,0.8287037037037037,0.5083333333333333,0.4785672342924251,0.0263157894736841,0.6061318479938271
epfl_p300,BPE_WindowedSeq_CNN,4096,42,LOSO,1,0.8321759259259259,0.5034722222222222,0.464249059185768,0.0113636363636364,0.6521773726851852
epfl_p300,BPE_WindowedSeq_CNN,4096,42,LOSO,2,0.8304398148148148,0.5482638888888889,0.5512344721529141,0.1365422396856582,0.6928481867283951
epfl_p300,BPE_WindowedSeq_CNN,4096,42,LOSO,3,0.8339120370370371,0.5211805555555555,0.5016034160651135,0.0661605206073754,0.6982952353395062
epfl_p300,BPE_WindowedSeq_CNN,4096,42,LOSO,4,0.8350694444444444,0.5107638888888889,0.4782735821972301,0.0349887133182845,0.7187379436728394
epfl_p300,BPE_WindowedSeq_CNN,4096,42,LOSO,5,0.8298611111111112,0.5590277777777778,0.5673628166653609,0.1615969581749048,0.669507137345679
epfl_p300,BPE_WindowedSeq_CNN,4096,42,LOSO,6,0.8327546296296297,0.5079861111111111,0.474133237860065,0.0258426966292133,0.5907986111111112
epfl_p300,BPE_WindowedSeq_CNN,4096,42,LOSO,7,0.8206018518518519,0.5284722222222222,0.5217262425582218,0.0810276679841898,0.5902199074074074
epfl_p300,BPE_WindowedSeq_CNN,4096,42,LOSO,8,0.8339120370370371,0.503125,0.4615331997850198,0.0103448275862069,0.711349826388889
epfl_p300,BPE_WindowedSeq_CNN,4096,42,LOSO,9,0.8425925925925926,0.5638888888888889,0.5741065603479522,0.184,0.7324676890432099
epfl_p300,BPE_WindowedSeq_CNN,4096,123,LOSO,0,0.8200231481481481,0.5184027777777778,0.5043929826632347,0.0537525354969572,0.6060836226851852
epfl_p300,BPE_WindowedSeq_CNN,4096,123,LOSO,1,0.8310185185185185,0.5111111111111111,0.4826241207472879,0.0352422907488985,0.6488233024691358
epfl_p300,BPE_WindowedSeq_CNN,4096,123,LOSO,2,0.8223379629629629,0.5378472222222223,0.5364964811036796,0.1058252427184467,0.7201003086419754
epfl_p300,BPE_WindowedSeq_CNN,4096,123,LOSO,3,0.8333333333333334,0.5069444444444444,0.4711800434392679,0.0226244343891401,0.7080439814814815
epfl_p300,BPE_WindowedSeq_CNN,4096,123,LOSO,4,0.8315972222222222,0.5211805555555555,0.5030944929587068,0.0653104925053534,0.7209972993827162
epfl_p300,BPE_WindowedSeq_CNN,4096,123,LOSO,5,0.8327546296296297,0.5440972222222222,0.5440837204971156,0.1277665995975856,0.687160011574074
epfl_p300,BPE_WindowedSeq_CNN,4096,123,LOSO,6,0.8339120370370371,0.503125,0.4615331997850198,0.0103448275862069,0.5911771797839506
epfl_p300,BPE_WindowedSeq_CNN,4096,123,LOSO,7,0.8275462962962963,0.5284722222222222,0.518981287738387,0.084016393442623,0.6179482542438272
epfl_p300,BPE_WindowedSeq_CNN,4096,123,LOSO,8,0.8292824074074074,0.5559027777777777,0.5628816403600464,0.1539196940726576,0.7082971643518519
epfl_p300,BPE_WindowedSeq_CNN,4096,123,LOSO,9,0.8402777777777778,0.5652777777777778,0.5762478142814494,0.18503937007874,0.7475935570987654
epfl_p300,BPE_WindowedSeq_CNN,4096,456,LOSO,0,0.8229166666666666,0.5159722222222222,0.4982673614932953,0.0477178423236516,0.5873649691358025
epfl_p300,BPE_WindowedSeq_CNN,4096,456,LOSO,1,0.8252314814814815,0.5104166666666666,0.4857386121753937,0.032051282051282,0.632908950617284
epfl_p300,BPE_WindowedSeq_CNN,4096,456,LOSO,2,0.8240740740740741,0.5194444444444444,0.5041606886657102,0.0578512396694214,0.6925226658950618
epfl_p300,BPE_WindowedSeq_CNN,4096,456,LOSO,3,0.8368055555555556,0.5229166666666667,0.5032295948326483,0.0723684210526315,0.7029320987654321
epfl_p300,BPE_WindowedSeq_CNN,4096,456,LOSO,4,0.8339120370370371,0.5170138888888889,0.4929572280811168,0.0538461538461539,0.69028018904321
epfl_p300,BPE_WindowedSeq_CNN,4096,456,LOSO,5,0.8373842592592593,0.5135416666666667,0.4824599269043713,0.0442176870748299,0.6480010609567901
epfl_p300,BPE_WindowedSeq_CNN,4096,456,LOSO,6,0.828125,0.5079861111111111,0.4783112530609631,0.0251641137855578,0.6082441165123458
epfl_p300,BPE_WindowedSeq_CNN,4096,456,LOSO,7,0.8171296296296297,0.548611111111111,0.5532984293193718,0.1286764705882351,0.6365692515432098
epfl_p300,BPE_WindowedSeq_CNN,4096,456,LOSO,8,0.8420138888888888,0.5579861111111111,0.5649494670966659,0.1693711967545638,0.7321976273148149
epfl_p300,BPE_WindowedSeq_CNN,4096,456,LOSO,9,0.8339120370370371,0.5503472222222222,0.5539433884710067,0.1441351888667993,0.7066478587962963
epfl_p300,BPE_WindowedSeq_CNN,4096,789,LOSO,0,0.8298611111111112,0.5034722222222222,0.4666375505507565,0.0112107623318387,0.5973427854938271
epfl_p300,BPE_WindowedSeq_CNN,4096,789,LOSO,1,0.828125,0.5065972222222223,0.4752902325438735,0.020879120879121,0.6511115933641974
epfl_p300,BPE_WindowedSeq_CNN,4096,789,LOSO,2,0.8263888888888888,0.5166666666666666,0.4974699005409178,0.0506329113924051,0.7158998842592593
epfl_p300,BPE_WindowedSeq_CNN,4096,789,LOSO,3,0.8344907407407407,0.5159722222222223,0.4902886186240697,0.0508849557522125,0.6930049189814815
epfl_p300,BPE_WindowedSeq_CNN,4096,789,LOSO,4,0.8379629629629629,0.5736111111111111,0.5879645873003437,0.2015209125475284,0.7665750385802469
epfl_p300,BPE_WindowedSeq_CNN,4096,789,LOSO,5,0.8229166666666666,0.5548611111111111,0.5617077852967604,0.1468401486988846,0.6713517554012345
epfl_p300,BPE_WindowedSeq_CNN,4096,789,LOSO,6,0.8321759259259259,0.5048611111111111,0.4675076826298183,0.015837104072398,0.6153260030864198
epfl_p300,BPE_WindowedSeq_CNN,4096,789,LOSO,7,0.8304398148148148,0.5302083333333333,0.520846286848314,0.0900621118012422,0.6227478780864197
epfl_p300,BPE_WindowedSeq_CNN,4096,789,LOSO,8,0.8315972222222222,0.5211805555555555,0.5030944929587068,0.0653104925053534,0.7101417824074073
epfl_p300,BPE_WindowedSeq_CNN,4096,789,LOSO,9,0.8333333333333334,0.5,0.4545454545454545,0.0,0.5975911458333334
epfl_p300,BPE_WindowedSeq_CNN,4096,2024,LOSO,0,0.8263888888888888,0.5291666666666667,0.5207029689788311,0.0853658536585365,0.5910927854938272
epfl_p300,BPE_WindowedSeq_CNN,4096,2024,LOSO,1,0.8315972222222222,0.5072916666666667,0.4736554530809884,0.023489932885906,0.6557388117283951
epfl_p300,BPE_WindowedSeq_CNN,4096,2024,LOSO,2,0.8188657407407407,0.5482638888888889,0.5526703857017026,0.1289424860853433,0.7186378761574073
epfl_p300,BPE_WindowedSeq_CNN,4096,2024,LOSO,3,0.8385416666666666,0.5461805555555556,0.5461257843280315,0.1371134020618557,0.7134235146604938
epfl_p300,BPE_WindowedSeq_CNN,4096,2024,LOSO,4,0.8362268518518519,0.5281250000000001,0.5140544649644502,0.0870967741935483,0.7281177662037036
epfl_p300,BPE_WindowedSeq_CNN,4096,2024,LOSO,5,0.8356481481481481,0.5319444444444444,0.5216767512943672,0.0974576271186439,0.688037712191358
epfl_p300,BPE_WindowedSeq_CNN,4096,2024,LOSO,6,0.8304398148148148,0.4996527777777778,0.457043737499933,-0.0011389521640092,0.5852864583333333
epfl_p300,BPE_WindowedSeq_CNN,4096,2024,LOSO,7,0.8333333333333334,0.5444444444444444,0.5445173383317713,0.129032258064516,0.6466869212962963
epfl_p300,BPE_WindowedSeq_CNN,4096,2024,LOSO,8,0.8298611111111112,0.5243055555555556,0.5101738580442127,0.0735294117647059,0.6950110918209876
epfl_p300,BPE_WindowedSeq_CNN,4096,2024,LOSO,9,0.8362268518518519,0.5461805555555556,0.5467059934762236,0.1354378818737271,0.7210744598765433
epfl_p300,BPE_Bigram_LogReg,4096,42,LOSO,0,0.6990740740740741,0.5027777777777778,0.5014204545454546,0.0051020408163264,0.5192214023919752
epfl_p300,BPE_Bigram_LogReg,4096,42,LOSO,1,0.7685185185185185,0.513888888888889,0.5127178388133777,0.0322580645161291,0.5315574363425926
epfl_p300,BPE_Bigram_LogReg,4096,42,LOSO,2,0.5920138888888888,0.559375,0.5036795036795036,0.0748031496062991,0.5878737461419753
epfl_p300,BPE_Bigram_LogReg,4096,42,LOSO,3,0.6168981481481481,0.5368055555555555,0.5034370675450187,0.0506692160611855,0.5436619888117283
epfl_p300,BPE_Bigram_LogReg,4096,42,LOSO,4,0.4583333333333333,0.5347222222222222,0.4246679424884215,0.0343878954607976,0.574510513117284
epfl_p300,BPE_Bigram_LogReg,4096,42,LOSO,5,0.4224537037037037,0.5423611111111111,0.4027321579226622,0.0391527599486521,0.5667281539351852
epfl_p300,BPE_Bigram_LogReg,4096,42,LOSO,6,0.7575231481481481,0.5309027777777777,0.5323947627944765,0.0661218424962852,0.5205271026234568
epfl_p300,BPE_Bigram_LogReg,4096,42,LOSO,7,0.7355324074074074,0.5204861111111111,0.5206220956878838,0.0412587412587412,0.5338963638117284
epfl_p300,BPE_Bigram_LogReg,4096,42,LOSO,8,0.6423611111111112,0.5979166666666667,0.5435465008924725,0.1320224719101124,0.6215747974537038
epfl_p300,BPE_Bigram_LogReg,4096,42,LOSO,9,0.484375,0.5434027777777778,0.4426119239534366,0.044674767691208,0.5643036265432099
epfl_p300,BPE_Bigram_LogReg,4096,123,LOSO,0,0.6377314814814815,0.5118055555555555,0.4961507791598041,0.0177824267782427,0.5192696277006172
epfl_p300,BPE_Bigram_LogReg,4096,123,LOSO,1,0.7528935185185185,0.5197916666666667,0.5204912998976459,0.0426008968609865,0.5315996334876544
epfl_p300,BPE_Bigram_LogReg,4096,123,LOSO,2,0.6394675925925926,0.5614583333333334,0.524743034006524,0.0865102639296188,0.5878110532407408
epfl_p300,BPE_Bigram_LogReg,4096,123,LOSO,3,0.6307870370370371,0.5354166666666667,0.507716049382716,0.0505952380952381,0.5436173804012345
epfl_p300,BPE_Bigram_LogReg,4096,123,LOSO,4,0.4363425925925926,0.5451388888888888,0.4128001987253111,0.0425950196592397,0.5745322145061729
epfl_p300,BPE_Bigram_LogReg,4096,123,LOSO,5,0.1828703703703703,0.5027777777777778,0.1654012814846943,0.0018850141376058,0.5666726948302468
epfl_p300,BPE_Bigram_LogReg,4096,123,LOSO,6,0.7505787037037037,0.529513888888889,0.5305576128509703,0.0616835994194484,0.5205343364197531
epfl_p300,BPE_Bigram_LogReg,4096,123,LOSO,7,0.7349537037037037,0.5201388888888889,0.5202467435477144,0.0405027932960893,0.5338758680555555
epfl_p300,BPE_Bigram_LogReg,4096,123,LOSO,8,0.5850694444444444,0.5899305555555556,0.5124243682349539,0.1074688796680497,0.6215699749228395
epfl_p300,BPE_Bigram_LogReg,4096,123,LOSO,9,0.4855324074074074,0.5413194444444445,0.4427106705754272,0.0427135678391961,0.5642975983796296
epfl_p300,BPE_Bigram_LogReg,4096,456,LOSO,0,0.7100694444444444,0.5024305555555555,0.5019671574732713,0.004635761589404,0.5192551601080246
epfl_p300,BPE_Bigram_LogReg,4096,456,LOSO,1,0.7748842592592593,0.5149305555555556,0.5131495370085355,0.0355371900826446,0.5316020447530865
epfl_p300,BPE_Bigram_LogReg,4096,456,LOSO,2,0.6834490740740741,0.5614583333333334,0.5408485802347696,0.0973597359735973,0.5878279320987654
epfl_p300,BPE_Bigram_LogReg,4096,456,LOSO,3,0.5943287037037037,0.5371527777777778,0.4947947924986289,0.0484162895927602,0.5436378761574074
epfl_p300,BPE_Bigram_LogReg,4096,456,LOSO,4,0.5046296296296297,0.5430555555555555,0.4540421391735454,0.0460624071322436,0.5745273919753087
epfl_p300,BPE_Bigram_LogReg,4096,456,LOSO,5,0.4230324074074074,0.5427083333333333,0.4032006135600512,0.0394990366088632,0.5667148919753087
epfl_p300,BPE_Bigram_LogReg,4096,456,LOSO,6,0.7523148148148148,0.5305555555555556,0.5317274792514569,0.064139941690962,0.5205512152777778
epfl_p300,BPE_Bigram_LogReg,4096,456,LOSO,7,0.7517361111111112,0.5107638888888889,0.5105607695685042,0.0235204855842184,0.53388671875
epfl_p300,BPE_Bigram_LogReg,4096,456,LOSO,8,0.5896990740740741,0.5913194444444445,0.5153009409907603,0.1100418410041842,0.6215760030864198
epfl_p300,BPE_Bigram_LogReg,4096,456,LOSO,9,0.4861111111111111,0.5402777777777777,0.4427547336998758,0.041726618705036,0.5642891589506173
epfl_p300,BPE_Bigram_LogReg,4096,789,LOSO,0,0.6429398148148148,0.5107638888888889,0.4969024024371196,0.0164718384697131,0.5192527488425926
epfl_p300,BPE_Bigram_LogReg,4096,789,LOSO,1,0.7795138888888888,0.5163194444444444,0.5142109787456973,0.0394957983193275,0.5316309799382717
epfl_p300,BPE_Bigram_LogReg,4096,789,LOSO,2,0.6226851851851852,0.5625,0.5184341724626085,0.0842696629213483,0.5878315489969137
epfl_p300,BPE_Bigram_LogReg,4096,789,LOSO,3,0.4450231481481481,0.5225694444444444,0.4134355190442531,0.022093813732155,0.5436487268518518
epfl_p300,BPE_Bigram_LogReg,4096,789,LOSO,4,0.4571759259259259,0.5381944444444444,0.4247939233836453,0.0376196990424076,0.5745068962191358
epfl_p300,BPE_Bigram_LogReg,4096,789,LOSO,5,0.4027777777777778,0.5402777777777777,0.3882824945424509,0.0361145703611457,0.5667438271604938
epfl_p300,BPE_Bigram_LogReg,4096,789,LOSO,6,0.7453703703703703,0.5277777777777778,0.5284544777970727,0.0571428571428571,0.5205934124228395
epfl_p300,BPE_Bigram_LogReg,4096,789,LOSO,7,0.6776620370370371,0.5163194444444444,0.5088842569324146,0.0273573923166472,0.5339277102623456
epfl_p300,BPE_Bigram_LogReg,4096,789,LOSO,8,0.5914351851851852,0.5923611111111111,0.5165732545459156,0.1115771812080538,0.6215989101080247
epfl_p300,BPE_Bigram_LogReg,4096,789,LOSO,9,0.5092592592592593,0.5416666666666667,0.4561487894821228,0.045045045045045,0.5642156153549382
epfl_p300,BPE_Bigram_LogReg,4096,2024,LOSO,0,0.3096064814814814,0.5121527777777778,0.308628229176134,0.009684560044272,0.5192973572530863
epfl_p300,BPE_Bigram_LogReg,4096,2024,LOSO,1,0.7824074074074074,0.5138888888888888,0.5103930552206414,0.0342465753424658,0.5315839602623457
epfl_p300,BPE_Bigram_LogReg,4096,2024,LOSO,2,0.6475694444444444,0.5621527777777777,0.5282673703830381,0.0892323030907277,0.587815875771605
epfl_p300,BPE_Bigram_LogReg,4096,2024,LOSO,3,0.6064814814814815,0.5375000000000001,0.4998084437974101,0.0502793296089385,0.5436222029320987
epfl_p300,BPE_Bigram_LogReg,4096,2024,LOSO,4,0.458912037037037,0.5378472222222223,0.4257930405553567,0.0374056280027452,0.5745213638117284
epfl_p300,BPE_Bigram_LogReg,4096,2024,LOSO,5,0.4670138888888889,0.5440972222222222,0.4323524114058256,0.0439446366782005,0.5667438271604938
epfl_p300,BPE_Bigram_LogReg,4096,2024,LOSO,6,0.7181712962962963,0.5211805555555555,0.5195788230955384,0.0400788436268069,0.5205524209104938
epfl_p300,BPE_Bigram_LogReg,4096,2024,LOSO,7,0.7285879629629629,0.521875,0.5213649772769553,0.0428571428571428,0.5338686342592593
epfl_p300,BPE_Bigram_LogReg,4096,2024,LOSO,8,0.5931712962962963,0.590625,0.5167952458517551,0.110126582278481,0.6216423128858025
epfl_p300,BPE_Bigram_LogReg,4096,2024,LOSO,9,0.3819444444444444,0.5319444444444444,0.3713812347401465,0.0279126213592233,0.5643349729938272
epfl_p300,BPE_Seq_CNN,4096,42,LOSO,0,0.8333333333333334,0.5,0.4545454545454545,0.0,0.5412398726851853
epfl_p300,BPE_Seq_CNN,4096,42,LOSO,1,0.8333333333333334,0.5,0.4545454545454545,0.0,0.5434727044753087
epfl_p300,BPE_Seq_CNN,4096,42,LOSO,2,0.8333333333333334,0.5,0.4545454545454545,0.0,0.6032769097222221
epfl_p300,BPE_Seq_CNN,4096,42,LOSO,3,0.8333333333333334,0.5,0.4545454545454545,0.0,0.5810233410493827
epfl_p300,BPE_Seq_CNN,4096,42,LOSO,4,0.8333333333333334,0.5,0.4545454545454545,0.0,0.6271387924382716
epfl_p300,BPE_Seq_CNN,4096,42,LOSO,5,0.8333333333333334,0.5,0.4545454545454545,0.0,0.5466218171296297
epfl_p300,BPE_Seq_CNN,4096,42,LOSO,6,0.8333333333333334,0.5,0.4545454545454545,0.0,0.5881438078703705
epfl_p300,BPE_Seq_CNN,4096,42,LOSO,7,0.8333333333333334,0.5,0.4545454545454545,0.0,0.5543860918209876
epfl_p300,BPE_Seq_CNN,4096,42,LOSO,8,0.8333333333333334,0.5,0.4545454545454545,0.0,0.6920838155864197
epfl_p300,BPE_Seq_CNN,4096,42,LOSO,9,0.8339120370370371,0.5017361111111112,0.4581491877198139,0.0057736720554271,0.6098017939814815
epfl_p300,BPE_Seq_CNN,4096,123,LOSO,0,0.8333333333333334,0.5,0.4545454545454545,0.0,0.5391034915123456
epfl_p300,BPE_Seq_CNN,4096,123,LOSO,1,0.8333333333333334,0.5,0.4545454545454545,0.0,0.5441478587962963
epfl_p300,BPE_Seq_CNN,4096,123,LOSO,2,0.8333333333333334,0.5,0.4545454545454545,0.0,0.6073423032407407
epfl_p300,BPE_Seq_CNN,4096,123,LOSO,3,0.8333333333333334,0.5,0.4545454545454545,0.0,0.5794282889660494
epfl_p300,BPE_Seq_CNN,4096,123,LOSO,4,0.8333333333333334,0.5,0.4545454545454545,0.0,0.6239125192901235
epfl_p300,BPE_Seq_CNN,4096,123,LOSO,5,0.8333333333333334,0.5,0.4545454545454545,0.0,0.5485122492283951
epfl_p300,BPE_Seq_CNN,4096,123,LOSO,6,0.8333333333333334,0.5,0.4545454545454545,0.0,0.5950882523148148
epfl_p300,BPE_Seq_CNN,4096,123,LOSO,7,0.8333333333333334,0.5,0.4545454545454545,0.0,0.5387201003086419
epfl_p300,BPE_Seq_CNN,4096,123,LOSO,8,0.8333333333333334,0.5,0.4545454545454545,0.0,0.7081886574074073
epfl_p300,BPE_Seq_CNN,4096,123,LOSO,9,0.8333333333333334,0.5,0.4545454545454545,0.0,0.5869176793981481
epfl_p300,BPE_Seq_CNN,4096,456,LOSO,0,0.8333333333333334,0.5,0.4545454545454545,0.0,0.5036675347222223
epfl_p300,BPE_Seq_CNN,4096,456,LOSO,1,0.8333333333333334,0.5,0.4545454545454545,0.0,0.5507161458333334
epfl_p300,BPE_Seq_CNN,4096,456,LOSO,2,0.8333333333333334,0.5,0.4545454545454545,0.0,0.6060329861111111
epfl_p300,BPE_Seq_CNN,4096,456,LOSO,3,0.8333333333333334,0.5,0.4545454545454545,0.0,0.5863305362654321
epfl_p300,BPE_Seq_CNN,4096,456,LOSO,4,0.8333333333333334,0.5,0.4545454545454545,0.0,0.6287109375
epfl_p300,BPE_Seq_CNN,4096,456,LOSO,5,0.8333333333333334,0.5,0.4545454545454545,0.0,0.5428626543209877
epfl_p300,BPE_Seq_CNN,4096,456,LOSO,6,0.8333333333333334,0.5,0.4545454545454545,0.0,0.5791811342592592
epfl_p300,BPE_Seq_CNN,4096,456,LOSO,7,0.8333333333333334,0.5,0.4545454545454545,0.0,0.5420572916666666
epfl_p300,BPE_Seq_CNN,4096,456,LOSO,8,0.8333333333333334,0.5,0.4545454545454545,0.0,0.6863474151234568
epfl_p300,BPE_Seq_CNN,4096,456,LOSO,9,0.8333333333333334,0.5,0.4545454545454545,0.0,0.5938850308641976
epfl_p300,BPE_Seq_CNN,4096,789,LOSO,0,0.8333333333333334,0.5,0.4545454545454545,0.0,0.5113739390432099
epfl_p300,BPE_Seq_CNN,4096,789,LOSO,1,0.8333333333333334,0.5,0.4545454545454545,0.0,0.5538001543209876
epfl_p300,BPE_Seq_CNN,4096,789,LOSO,2,0.8333333333333334,0.5,0.4545454545454545,0.0,0.5991753472222222
epfl_p300,BPE_Seq_CNN,4096,789,LOSO,3,0.8333333333333334,0.5,0.4545454545454545,0.0,0.5831356095679012
epfl_p300,BPE_Seq_CNN,4096,789,LOSO,4,0.8333333333333334,0.5,0.4545454545454545,0.0,0.6290412808641975
epfl_p300,BPE_Seq_CNN,4096,789,LOSO,5,0.8333333333333334,0.5,0.4545454545454545,0.0,0.5579499421296297
epfl_p300,BPE_Seq_CNN,4096,789,LOSO,6,0.8333333333333334,0.5,0.4545454545454545,0.0,0.5858241705246914
epfl_p300,BPE_Seq_CNN,4096,789,LOSO,7,0.8333333333333334,0.5,0.4545454545454545,0.0,0.5276017554012346
epfl_p300,BPE_Seq_CNN,4096,789,LOSO,8,0.8333333333333334,0.5,0.4545454545454545,0.0,0.6885874807098765
epfl_p300,BPE_Seq_CNN,4096,789,LOSO,9,0.8333333333333334,0.5,0.4545454545454545,0.0,0.591695601851852
epfl_p300,BPE_Seq_CNN,4096,2024,LOSO,0,0.8333333333333334,0.5,0.4545454545454545,0.0,0.532204861111111
epfl_p300,BPE_Seq_CNN,4096,2024,LOSO,1,0.8333333333333334,0.5,0.4545454545454545,0.0,0.5406901041666666
epfl_p300,BPE_Seq_CNN,4096,2024,LOSO,2,0.8333333333333334,0.5,0.4545454545454545,0.0,0.5981577932098766
epfl_p300,BPE_Seq_CNN,4096,2024,LOSO,3,0.8333333333333334,0.5,0.4545454545454545,0.0,0.5902946566358024
epfl_p300,BPE_Seq_CNN,4096,2024,LOSO,4,0.8333333333333334,0.5,0.4545454545454545,0.0,0.6300805362654321
epfl_p300,BPE_Seq_CNN,4096,2024,LOSO,5,0.8333333333333334,0.5,0.4545454545454545,0.0,0.5513720100308642
epfl_p300,BPE_Seq_CNN,4096,2024,LOSO,6,0.8333333333333334,0.5,0.4545454545454545,0.0,0.5864945023148148
epfl_p300,BPE_Seq_CNN,4096,2024,LOSO,7,0.8333333333333334,0.5,0.4545454545454545,0.0,0.5395085841049383
epfl_p300,BPE_Seq_CNN,4096,2024,LOSO,8,0.8333333333333334,0.5,0.4545454545454545,0.0,0.6790943287037038
epfl_p300,BPE_Seq_CNN,4096,2024,LOSO,9,0.8333333333333334,0.5,0.4545454545454545,0.0,0.5918523341049382
epfl_p300,BPE_Seq_Transformer,4096,42,LOSO,0,0.8333333333333334,0.5,0.4545454545454545,0.0,0.5184847608024692
epfl_p300,BPE_Seq_Transformer,4096,42,LOSO,1,0.8333333333333334,0.5,0.4545454545454545,0.0,0.5607542438271604
epfl_p300,BPE_Seq_Transformer,4096,42,LOSO,2,0.8333333333333334,0.5,0.4545454545454545,0.0,0.6240837191358024
epfl_p300,BPE_Seq_Transformer,4096,42,LOSO,3,0.8333333333333334,0.5,0.4545454545454545,0.0,0.6015239197530864
epfl_p300,BPE_Seq_Transformer,4096,42,LOSO,4,0.8333333333333334,0.5,0.4545454545454545,0.0,0.6195336612654321
epfl_p300,BPE_Seq_Transformer,4096,42,LOSO,5,0.8333333333333334,0.5,0.4545454545454545,0.0,0.5370032793209877
epfl_p300,BPE_Seq_Transformer,4096,42,LOSO,6,0.8339120370370371,0.503125,0.4615331997850198,0.0103448275862069,0.5867500964506173
epfl_p300,BPE_Seq_Transformer,4096,42,LOSO,7,0.8321759259259259,0.4993055555555555,0.4542008843967151,-0.0023041474654377,0.5507836612654321
epfl_p300,BPE_Seq_Transformer,4096,42,LOSO,8,0.8333333333333334,0.5,0.4545454545454545,0.0,0.7056712962962963
epfl_p300,BPE_Seq_Transformer,4096,42,LOSO,9,0.8333333333333334,0.5,0.4545454545454545,0.0,0.5838577835648149
epfl_p300,BPE_Seq_Transformer,4096,123,LOSO,0,0.8333333333333334,0.5,0.4545454545454545,0.0,0.5305145640432098
epfl_p300,BPE_Seq_Transformer,4096,123,LOSO,1,0.8333333333333334,0.5,0.4545454545454545,0.0,0.5581380208333333
epfl_p300,BPE_Seq_Transformer,4096,123,LOSO,2,0.8333333333333334,0.5,0.4545454545454545,0.0,0.6257426697530865
epfl_p300,BPE_Seq_Transformer,4096,123,LOSO,3,0.8333333333333334,0.5,0.4545454545454545,0.0,0.6024763695987654
epfl_p300,BPE_Seq_Transformer,4096,123,LOSO,4,0.8333333333333334,0.5,0.4545454545454545,0.0,0.6173611111111111
epfl_p300,BPE_Seq_Transformer,4096,123,LOSO,5,0.8333333333333334,0.5,0.4545454545454545,0.0,0.5575110918209876
epfl_p300,BPE_Seq_Transformer,4096,123,LOSO,6,0.8333333333333334,0.5,0.4545454545454545,0.0,0.5959997106481482
epfl_p300,BPE_Seq_Transformer,4096,123,LOSO,7,0.8327546296296297,0.4996527777777778,0.4543732238711714,-0.0011547344110856,0.5394796489197531
epfl_p300,BPE_Seq_Transformer,4096,123,LOSO,8,0.8333333333333334,0.5,0.4545454545454545,0.0,0.6775993441358025
epfl_p300,BPE_Seq_Transformer,4096,123,LOSO,9,0.8339120370370371,0.5017361111111112,0.4581491877198139,0.0057736720554271,0.5759982638888889
epfl_p300,BPE_Seq_Transformer,4096,456,LOSO,0,0.8333333333333334,0.5,0.4545454545454545,0.0,0.5154152199074074
epfl_p300,BPE_Seq_Transformer,4096,456,LOSO,1,0.8333333333333334,0.5,0.4545454545454545,0.0,0.5670500578703703
epfl_p300,BPE_Seq_Transformer,4096,456,LOSO,2,0.8333333333333334,0.5,0.4545454545454545,0.0,0.612598861882716
epfl_p300,BPE_Seq_Transformer,4096,456,LOSO,3,0.8333333333333334,0.5,0.4545454545454545,0.0,0.5862919560185185
epfl_p300,BPE_Seq_Transformer,4096,456,LOSO,4,0.8333333333333334,0.5,0.4545454545454545,0.0,0.6105034722222222
epfl_p300,BPE_Seq_Transformer,4096,456,LOSO,5,0.8333333333333334,0.5,0.4545454545454545,0.0,0.5516541280864198
epfl_p300,BPE_Seq_Transformer,4096,456,LOSO,6,0.8333333333333334,0.5,0.4545454545454545,0.0,0.5965880594135803
epfl_p300,BPE_Seq_Transformer,4096,456,LOSO,7,0.8333333333333334,0.5,0.4545454545454545,0.0,0.5298225308641975
epfl_p300,BPE_Seq_Transformer,4096,456,LOSO,8,0.8333333333333334,0.5,0.4545454545454545,0.0,0.7022376543209876
epfl_p300,BPE_Seq_Transformer,4096,456,LOSO,9,0.8333333333333334,0.5,0.4545454545454545,0.0,0.586183449074074
epfl_p300,BPE_Seq_Transformer,4096,789,LOSO,0,0.8333333333333334,0.5,0.4545454545454545,0.0,0.5237654320987655
epfl_p300,BPE_Seq_Transformer,4096,789,LOSO,1,0.8333333333333334,0.5,0.4545454545454545,0.0,0.572535686728395
epfl_p300,BPE_Seq_Transformer,4096,789,LOSO,2,0.8333333333333334,0.5,0.4545454545454545,0.0,0.6093532986111112
epfl_p300,BPE_Seq_Transformer,4096,789,LOSO,3,0.8333333333333334,0.5,0.4545454545454545,0.0,0.5814621913580247
epfl_p300,BPE_Seq_Transformer,4096,789,LOSO,4,0.8333333333333334,0.5,0.4545454545454545,0.0,0.6145833333333333
epfl_p300,BPE_Seq_Transformer,4096,789,LOSO,5,0.8333333333333334,0.5,0.4545454545454545,0.0,0.5498360339506173
epfl_p300,BPE_Seq_Transformer,4096,789,LOSO,6,0.8333333333333334,0.5,0.4545454545454545,0.0,0.5944492669753086
epfl_p300,BPE_Seq_Transformer,4096,789,LOSO,7,0.8327546296296297,0.4996527777777778,0.4543732238711714,-0.0011547344110856,0.534471450617284
epfl_p300,BPE_Seq_Transformer,4096,789,LOSO,8,0.8333333333333334,0.5,0.4545454545454545,0.0,0.6980733989197531
epfl_p300,BPE_Seq_Transformer,4096,789,LOSO,9,0.8327546296296297,0.5010416666666667,0.4577808179019885,0.0034482758620689,0.5804615162037037
epfl_p300,BPE_Seq_Transformer,4096,2024,LOSO,0,0.8333333333333334,0.5,0.4545454545454545,0.0,0.530958236882716
epfl_p300,BPE_Seq_Transformer,4096,2024,LOSO,1,0.8333333333333334,0.5,0.4545454545454545,0.0,0.5575641396604939
epfl_p300,BPE_Seq_Transformer,4096,2024,LOSO,2,0.8333333333333334,0.5,0.4545454545454545,0.0,0.6193913966049382
epfl_p300,BPE_Seq_Transformer,4096,2024,LOSO,3,0.8333333333333334,0.5,0.4545454545454545,0.0,0.5835165895061728
epfl_p300,BPE_Seq_Transformer,4096,2024,LOSO,4,0.8333333333333334,0.5,0.4545454545454545,0.0,0.6190803433641976
epfl_p300,BPE_Seq_Transformer,4096,2024,LOSO,5,0.8333333333333334,0.5,0.4545454545454545,0.0,0.5388310185185186
epfl_p300,BPE_Seq_Transformer,4096,2024,LOSO,6,0.8333333333333334,0.5,0.4545454545454545,0.0,0.5922550154320988
epfl_p300,BPE_Seq_Transformer,4096,2024,LOSO,7,0.8321759259259259,0.5006944444444444,0.4575965917946764,0.0022935779816511,0.5489969135802469
epfl_p300,BPE_Seq_Transformer,4096,2024,LOSO,8,0.8333333333333334,0.5,0.4545454545454545,0.0,0.7059727044753086
epfl_p300,BPE_Seq_Transformer,4096,2024,LOSO,9,0.8333333333333334,0.5,0.4545454545454545,0.0,0.5732397762345679
epfl_p300,BPE_Seq_CW_Transformer,4096,42,LOSO,0,0.8356481481481481,0.5097222222222222,0.4753335614095108,0.0318181818181819,0.6474922839506173
epfl_p300,BPE_Seq_CW_Transformer,4096,42,LOSO,1,0.8321759259259259,0.5006944444444444,0.4575965917946764,0.0022935779816511,0.612232349537037
epfl_p300,BPE_Seq_CW_Transformer,4096,42,LOSO,2,0.8327546296296297,0.5065972222222223,0.470951106157893,0.0214446952595938,0.6443262924382717
epfl_p300,BPE_Seq_CW_Transformer,4096,42,LOSO,3,0.8368055555555556,0.5159722222222223,0.488407446446644,0.0515695067264575,0.6186137635030864
epfl_p300,BPE_Seq_CW_Transformer,4096,42,LOSO,4,0.8350694444444444,0.5232638888888889,0.505076562991489,0.0726681127982648,0.6743079668209877
epfl_p300,BPE_Seq_CW_Transformer,4096,42,LOSO,5,0.8206018518518519,0.5118055555555555,0.4917087649115083,0.0352697095435685,0.5906876929012346
epfl_p300,BPE_Seq_CW_Transformer,4096,42,LOSO,6,0.8310185185185185,0.5055555555555555,0.4702658665334044,0.0179372197309418,0.523951099537037
epfl_p300,BPE_Seq_CW_Transformer,4096,42,LOSO,7,0.8315972222222222,0.5017361111111112,0.4607499235920836,0.0056947608200453,0.6054349922839506
epfl_p300,BPE_Seq_CW_Transformer,4096,42,LOSO,8,0.8414351851851852,0.5284722222222222,0.5116751101503325,0.09070796460177,0.7657118055555555
epfl_p300,BPE_Seq_CW_Transformer,4096,42,LOSO,9,0.8321759259259259,0.5298611111111111,0.5194236766697227,0.0899581589958158,0.6834635416666667
epfl_p300,BPE_Seq_CW_Transformer,4096,123,LOSO,0,0.8344907407407407,0.5076388888888889,0.4716387273349298,0.0250000000000001,0.6394675925925926
epfl_p300,BPE_Seq_CW_Transformer,4096,123,LOSO,1,0.8327546296296297,0.4996527777777778,0.4543732238711714,-0.0011547344110856,0.5889081790123456
epfl_p300,BPE_Seq_CW_Transformer,4096,123,LOSO,2,0.8368055555555556,0.5145833333333334,0.4853231939163498,0.0472972972972972,0.6427348572530864
epfl_p300,BPE_Seq_CW_Transformer,4096,123,LOSO,3,0.8373842592592593,0.521875,0.5006617490536526,0.0695364238410596,0.6427975501543209
epfl_p300,BPE_Seq_CW_Transformer,4096,123,LOSO,4,0.8350694444444444,0.5315972222222223,0.5212984662460403,0.0961945031712474,0.6626832561728394
epfl_p300,BPE_Seq_CW_Transformer,4096,123,LOSO,5,0.8217592592592593,0.5125,0.4923076923076923,0.0374999999999999,0.5691719714506174
epfl_p300,BPE_Seq_CW_Transformer,4096,123,LOSO,6,0.8321759259259259,0.5118055555555556,0.4831597881153154,0.0376106194690266,0.556324749228395
epfl_p300,BPE_Seq_CW_Transformer,4096,123,LOSO,7,0.8298611111111112,0.4979166666666667,0.4535104364326375,-0.0068493150684931,0.5839650848765432
epfl_p300,BPE_Seq_CW_Transformer,4096,123,LOSO,8,0.8431712962962963,0.5322916666666667,0.5184317935713162,0.1026490066225165,0.7656322337962962
epfl_p300,BPE_Seq_CW_Transformer,4096,123,LOSO,9,0.8333333333333334,0.5305555555555556,0.5201703099208614,0.092436974789916,0.6763310185185185
epfl_p300,BPE_Seq_CW_Transformer,4096,456,LOSO,0,0.8339120370370371,0.5059027777777778,0.4681622957763848,0.0193621867881548,0.6261067708333333
epfl_p300,BPE_Seq_CW_Transformer,4096,456,LOSO,1,0.8321759259259259,0.4993055555555555,0.4542008843967151,-0.0023041474654377,0.59775390625
epfl_p300,BPE_Seq_CW_Transformer,4096,456,LOSO,2,0.8339120370370371,0.5100694444444445,0.4777724542070541,0.0325842696629212,0.6502483603395062
epfl_p300,BPE_Seq_CW_Transformer,4096,456,LOSO,3,0.8356481481481481,0.5166666666666667,0.4908683473389356,0.0533333333333333,0.6545765817901235
epfl_p300,BPE_Seq_CW_Transformer,4096,456,LOSO,4,0.8368055555555556,0.5145833333333334,0.4853231939163498,0.0472972972972972,0.6462926793981483
epfl_p300,BPE_Seq_CW_Transformer,4096,456,LOSO,5,0.8234953703703703,0.5149305555555556,0.4959135753465929,0.0448851774530272,0.5838445216049382
epfl_p300,BPE_Seq_CW_Transformer,4096,456,LOSO,6,0.8327546296296297,0.509375,0.4772729413759644,0.0302013422818792,0.5420428240740741
epfl_p300,BPE_Seq_CW_Transformer,4096,456,LOSO,7,0.8298611111111112,0.4979166666666667,0.4535104364326375,-0.0068493150684931,0.6077883873456791
epfl_p300,BPE_Seq_CW_Transformer,4096,456,LOSO,8,0.8564814814814815,0.5736111111111111,0.5890243855658318,0.221757322175732,0.7798779899691357
epfl_p300,BPE_Seq_CW_Transformer,4096,456,LOSO,9,0.8379629629629629,0.5375,0.5309719071715233,0.1139240506329114,0.6710382908950617
epfl_p300,BPE_Seq_CW_Transformer,4096,789,LOSO,0,0.8350694444444444,0.509375,0.4750928084261417,0.0306122448979592,0.631715374228395
epfl_p300,BPE_Seq_CW_Transformer,4096,789,LOSO,1,0.8321759259259259,0.5034722222222222,0.464249059185768,0.0113636363636364,0.5967472029320987
epfl_p300,BPE_Seq_CW_Transformer,4096,789,LOSO,2,0.8356481481481481,0.5152777777777778,0.4878439754207854,0.0491071428571426,0.6386091820987655
epfl_p300,BPE_Seq_CW_Transformer,4096,789,LOSO,3,0.8368055555555556,0.51875,0.494453781512605,0.06,0.6364945023148147
epfl_p300,BPE_Seq_CW_Transformer,4096,789,LOSO,4,0.8350694444444444,0.5204861111111111,0.4993895862706211,0.0645514223194747,0.6681303047839506
epfl_p300,BPE_Seq_CW_Transformer,4096,789,LOSO,5,0.8263888888888888,0.525,0.5132339519318527,0.074074074074074,0.572776813271605
epfl_p300,BPE_Seq_CW_Transformer,4096,789,LOSO,6,0.8327546296296297,0.509375,0.4772729413759644,0.0302013422818792,0.5404742959104938
epfl_p300,BPE_Seq_CW_Transformer,4096,789,LOSO,7,0.8310185185185185,0.5,0.4572280525113271,0.0,0.6018132716049382
epfl_p300,BPE_Seq_CW_Transformer,4096,789,LOSO,8,0.8628472222222222,0.6010416666666667,0.6298290855548415,0.2904191616766467,0.7788218557098765
epfl_p300,BPE_Seq_CW_Transformer,4096,789,LOSO,9,0.8379629629629629,0.5305555555555556,0.5178571428571428,0.0948275862068966,0.6855637538580247
epfl_p300,BPE_Seq_CW_Transformer,4096,2024,LOSO,0,0.8333333333333334,0.5027777777777778,0.4613373049547131,0.0091743119266053,0.6315851658950616
epfl_p300,BPE_Seq_CW_Transformer,4096,2024,LOSO,1,0.8327546296296297,0.5010416666666667,0.4577808179019885,0.0034482758620689,0.6205512152777778
epfl_p300,BPE_Seq_CW_Transformer,4096,2024,LOSO,2,0.8368055555555556,0.5215277777777778,0.5003424727764904,0.068281938325991,0.6361834490740741
epfl_p300,BPE_Seq_CW_Transformer,4096,2024,LOSO,3,0.8356481481481481,0.5194444444444445,0.4967988023706499,0.0616740088105726,0.6423418209876542
epfl_p300,BPE_Seq_CW_Transformer,4096,2024,LOSO,4,0.8362268518518519,0.5225694444444444,0.5029026418055641,0.0711159737417942,0.6735315393518518
epfl_p300,BPE_Seq_CW_Transformer,4096,2024,LOSO,5,0.8333333333333334,0.5277777777777778,0.514939804129499,0.0847457627118642,0.5858072916666667
epfl_p300,BPE_Seq_CW_Transformer,4096,2024,LOSO,6,0.8327546296296297,0.5079861111111111,0.474133237860065,0.0258426966292133,0.5571421682098765
epfl_p300,BPE_Seq_CW_Transformer,4096,2024,LOSO,7,0.828125,0.496875,0.452991452991453,-0.0102040816326529,0.6099344135802469
epfl_p300,BPE_Seq_CW_Transformer,4096,2024,LOSO,8,0.8333333333333334,0.5,0.4545454545454545,0.0,0.6527681327160493
epfl_p300,BPE_Seq_CW_Transformer,4096,2024,LOSO,9,0.8344907407407407,0.5284722222222222,0.5156627922930673,0.0872340425531915,0.6581693672839506
epfl_p300,EEGNet,4096,42,LOSO,0,0.8686342592592593,0.6309027777777778,0.6682361598024249,0.3563327032136105,0.8620804398148147
epfl_p300,EEGNet,4096,42,LOSO,1,0.9010416666666666,0.7336805555555556,0.7811431826110271,0.5674536256323778,0.9410590277777776
epfl_p300,EEGNet,4096,42,LOSO,2,0.8420138888888888,0.7857638888888889,0.7492567967287894,0.5012180267965896,0.8654079861111111
epfl_p300,EEGNet,4096,42,LOSO,3,0.8917824074074074,0.7447916666666667,0.7772801429218335,0.5568720379146919,0.8994936342592593
epfl_p300,EEGNet,4096,42,LOSO,4,0.8958333333333334,0.7944444444444445,0.8053932303072013,0.6109510086455332,0.9309244791666668
epfl_p300,EEGNet,4096,42,LOSO,5,0.8680555555555556,0.6541666666666667,0.691022021456804,0.3936170212765957,0.8552445023148149
epfl_p300,EEGNet,4096,42,LOSO,6,0.8576388888888888,0.5923611111111111,0.6167215467899636,0.2649402390438246,0.8598741319444444
epfl_p300,EEGNet,4096,42,LOSO,7,0.8587962962962963,0.7291666666666667,0.7369744879626303,0.4741379310344827,0.8468798225308641
epfl_p300,EEGNet,4096,42,LOSO,8,0.9270833333333334,0.8381944444444445,0.8600331197350422,0.720414201183432,0.9576268325617284
epfl_p300,EEGNet,4096,42,LOSO,9,0.913773148148148,0.7913194444444445,0.8255069489672615,0.6524105754276828,0.9458285108024692
epfl_p300,EEGNet,4096,123,LOSO,0,0.8657407407407407,0.65,0.6856013551665726,0.3829787234042553,0.8539954668209877
epfl_p300,EEGNet,4096,123,LOSO,1,0.8865740740740741,0.6819444444444445,0.7299414413839735,0.4712230215827337,0.9340277777777776
epfl_p300,EEGNet,4096,123,LOSO,2,0.8350694444444444,0.7829861111111112,0.7422400640631419,0.4880239520958084,0.86440731095679
epfl_p300,EEGNet,4096,123,LOSO,3,0.8987268518518519,0.7697916666666667,0.7977450986293619,0.5967741935483871,0.9103949652777776
epfl_p300,EEGNet,4096,123,LOSO,4,0.9010416666666666,0.815625,0.8196113336300253,0.639240506329114,0.9365644290123456
epfl_p300,EEGNet,4096,123,LOSO,5,0.8605324074074074,0.6038194444444445,0.6326527371890941,0.2925636007827787,0.856785300925926
epfl_p300,EEGNet,4096,123,LOSO,6,0.8616898148148148,0.6086805555555556,0.63916175564749,0.3038834951456312,0.8651065779320989
epfl_p300,EEGNet,4096,123,LOSO,7,0.8541666666666666,0.7236111111111111,0.7299330191019598,0.4600000000000001,0.8390552662037037
epfl_p300,EEGNet,4096,123,LOSO,8,0.9369212962962964,0.8677083333333333,0.881980747432709,0.7640692640692641,0.968188175154321
epfl_p300,EEGNet,4096,123,LOSO,9,0.910300925925926,0.8128472222222223,0.82964682117432,0.6595900439238653,0.9354697145061728
epfl_p300,EEGNet,4096,456,LOSO,0,0.8657407407407407,0.6430555555555555,0.678990439280624,0.3718411552346571,0.8585768711419752
epfl_p300,EEGNet,4096,456,LOSO,1,0.8917824074074074,0.703125,0.7511626134024548,0.5104712041884817,0.9335358796296296
epfl_p300,EEGNet,4096,456,LOSO,2,0.8315972222222222,0.7822916666666666,0.7390707383935702,0.4822064056939501,0.8640745563271606
epfl_p300,EEGNet,4096,456,LOSO,3,0.8767361111111112,0.7524305555555555,0.7659017607105172,0.5322108345534406,0.8928698881172838
epfl_p300,EEGNet,4096,456,LOSO,4,0.902199074074074,0.8065972222222222,0.8175546885493751,0.635251798561151,0.934765625
epfl_p300,EEGNet,4096,456,LOSO,5,0.8634259259259259,0.6319444444444444,0.6663874345549738,0.3492647058823529,0.8516179591049382
epfl_p300,EEGNet,4096,456,LOSO,6,0.8651620370370371,0.6052083333333333,0.636076695925224,0.3023952095808383,0.8893952546296297
epfl_p300,EEGNet,4096,456,LOSO,7,0.8524305555555556,0.703125,0.7162972620599739,0.4333333333333333,0.8453751929012345
epfl_p300,EEGNet,4096,456,LOSO,8,0.9380787037037036,0.8697916666666667,0.8841462383055034,0.7683982683982684,0.964696662808642
epfl_p300,EEGNet,4096,456,LOSO,9,0.9155092592592592,0.8090277777777778,0.8347516243974009,0.6701807228915663,0.9437861689814816
epfl_p300,EEGNet,4096,789,LOSO,0,0.8651620370370371,0.6246527777777778,0.6594670715152643,0.3393194706994328,0.8623215663580247
epfl_p300,EEGNet,4096,789,LOSO,1,0.8842592592592593,0.6791666666666667,0.7255809964840065,0.4623655913978495,0.9244068287037036
epfl_p300,EEGNet,4096,789,LOSO,2,0.8298611111111112,0.7923611111111111,0.7415757999963375,0.488399071925754,0.8628327546296296
epfl_p300,EEGNet,4096,789,LOSO,3,0.8923611111111112,0.7548611111111112,0.7832583005823692,0.5681114551083591,0.9029031635802468
epfl_p300,EEGNet,4096,789,LOSO,4,0.8993055555555556,0.7645833333333334,0.7958894401133947,0.5934579439252337,0.9258150077160494
epfl_p300,EEGNet,4096,789,LOSO,5,0.8686342592592593,0.6545138888888888,0.6917445381268257,0.3952042628774423,0.8664207175925925
epfl_p300,EEGNet,4096,789,LOSO,6,0.859375,0.5864583333333333,0.6087711207077271,0.254601226993865,0.8863474151234567
epfl_p300,EEGNet,4096,789,LOSO,7,0.8478009259259259,0.7086805555555555,0.7160762312928145,0.4323741007194244,0.8504099151234568
epfl_p300,EEGNet,4096,789,LOSO,8,0.9346064814814816,0.8579861111111111,0.8761812665066597,0.7525547445255475,0.9640842013888888
epfl_p300,EEGNet,4096,789,LOSO,9,0.9172453703703703,0.8225694444444445,0.8418772216658614,0.6840942562592047,0.9481192129629628
epfl_p300,EEGNet,4096,2024,LOSO,0,0.8674768518518519,0.6302083333333334,0.6668257973584305,0.3531073446327684,0.857055362654321
epfl_p300,EEGNet,4096,2024,LOSO,1,0.8946759259259259,0.7131944444444445,0.7611519533385989,0.5293103448275862,0.9390022183641976
epfl_p300,EEGNet,4096,2024,LOSO,2,0.8211805555555556,0.784375,0.7314101780548425,0.4690721649484536,0.8570216049382716
epfl_p300,EEGNet,4096,2024,LOSO,3,0.8796296296296297,0.7402777777777778,0.7623152676783574,0.5258358662613982,0.896462673611111
epfl_p300,EEGNet,4096,2024,LOSO,4,0.8964120370370371,0.789236111111111,0.8038623602185141,0.608029197080292,0.9323832947530863
epfl_p300,EEGNet,4096,2024,LOSO,5,0.8674768518518519,0.6288194444444445,0.6653131303733714,0.3506616257088846,0.8684413580246912
epfl_p300,EEGNet,4096,2024,LOSO,6,0.8611111111111112,0.5916666666666667,0.6165623751830649,0.2682926829268293,0.8788507908950616
epfl_p300,EEGNet,4096,2024,LOSO,7,0.8501157407407407,0.7045138888888889,0.715345333446122,0.431185944363104,0.836619888117284
epfl_p300,EEGNet,4096,2024,LOSO,8,0.9351851851851852,0.8569444444444445,0.8767195538014274,0.7536656891495601,0.966505111882716
epfl_p300,EEGNet,4096,2024,LOSO,9,0.9050925925925926,0.8055555555555556,0.820568473358035,0.641399416909621,0.931057098765432
epfl_p300,VQ_LogReg,4096,42,LOSO,0,0.8333333333333334,0.5,0.4545454545454545,0.0,0.5511935763888889
epfl_p300,VQ_LogReg,4096,42,LOSO,1,0.8333333333333334,0.5,0.4545454545454545,0.0,0.5228178047839507
epfl_p300,VQ_LogReg,4096,42,LOSO,2,0.8333333333333334,0.5,0.4545454545454545,0.0,0.5772424768518519
epfl_p300,VQ_LogReg,4096,42,LOSO,3,0.8333333333333334,0.5,0.4545454545454545,0.0,0.5530176986882717
epfl_p300,VQ_LogReg,4096,42,LOSO,4,0.8333333333333334,0.5,0.4545454545454545,0.0,0.5777174961419753
epfl_p300,VQ_LogReg,4096,42,LOSO,5,0.8333333333333334,0.5,0.4545454545454545,0.0,0.5791980131172839
epfl_p300,VQ_LogReg,4096,42,LOSO,6,0.8333333333333334,0.5,0.4545454545454545,0.0,0.5315055941358025
epfl_p300,VQ_LogReg,4096,42,LOSO,7,0.8333333333333334,0.5,0.4545454545454545,0.0,0.5205656828703704
epfl_p300,VQ_LogReg,4096,42,LOSO,8,0.8333333333333334,0.5,0.4545454545454545,0.0,0.6486376350308641
epfl_p300,VQ_LogReg,4096,42,LOSO,9,0.8333333333333334,0.5,0.4545454545454545,0.0,0.5806568287037036
epfl_p300,VQ_LogReg,4096,123,LOSO,0,0.8333333333333334,0.5,0.4545454545454545,0.0,0.5511887538580247
epfl_p300,VQ_LogReg,4096,123,LOSO,1,0.8333333333333334,0.5,0.4545454545454545,0.0,0.5228178047839507
epfl_p300,VQ_LogReg,4096,123,LOSO,2,0.8333333333333334,0.5,0.4545454545454545,0.0,0.5772400655864198
epfl_p300,VQ_LogReg,4096,123,LOSO,3,0.8333333333333334,0.5,0.4545454545454545,0.0,0.5530164930555556
epfl_p300,VQ_LogReg,4096,123,LOSO,4,0.8333333333333334,0.5,0.4545454545454545,0.0,0.5777223186728394
epfl_p300,VQ_LogReg,4096,123,LOSO,5,0.8333333333333334,0.5,0.4545454545454545,0.0,0.5792040412808642
epfl_p300,VQ_LogReg,4096,123,LOSO,6,0.8333333333333334,0.5,0.4545454545454545,0.0,0.5314983603395061
epfl_p300,VQ_LogReg,4096,123,LOSO,7,0.8333333333333334,0.5,0.4545454545454545,0.0,0.5205656828703704
epfl_p300,VQ_LogReg,4096,123,LOSO,8,0.8333333333333334,0.5,0.4545454545454545,0.0,0.6486376350308642
epfl_p300,VQ_LogReg,4096,123,LOSO,9,0.8333333333333334,0.5,0.4545454545454545,0.0,0.580666473765432
epfl_p300,VQ_LogReg,4096,456,LOSO,0,0.8333333333333334,0.5,0.4545454545454545,0.0,0.551195987654321
epfl_p300,VQ_LogReg,4096,456,LOSO,1,0.8333333333333334,0.5,0.4545454545454545,0.0,0.5228238329475309
epfl_p300,VQ_LogReg,4096,456,LOSO,2,0.8333333333333334,0.5,0.4545454545454545,0.0,0.5772352430555555
epfl_p300,VQ_LogReg,4096,456,LOSO,3,0.8333333333333334,0.5,0.4545454545454545,0.0,0.5530068479938272
epfl_p300,VQ_LogReg,4096,456,LOSO,4,0.8333333333333334,0.5,0.4545454545454545,0.0,0.5777174961419753
epfl_p300,VQ_LogReg,4096,456,LOSO,5,0.8333333333333334,0.5,0.4545454545454545,0.0,0.5791980131172839
epfl_p300,VQ_LogReg,4096,456,LOSO,6,0.8333333333333334,0.5,0.4545454545454545,0.0,0.5315055941358025
epfl_p300,VQ_LogReg,4096,456,LOSO,7,0.8333333333333334,0.5,0.4545454545454545,0.0,0.5205717110339507
epfl_p300,VQ_LogReg,4096,456,LOSO,8,0.8333333333333334,0.5,0.4545454545454545,0.0,0.6486376350308642
epfl_p300,VQ_LogReg,4096,456,LOSO,9,0.8333333333333334,0.5,0.4545454545454545,0.0,0.5806712962962963
epfl_p300,VQ_LogReg,4096,789,LOSO,0,0.8333333333333334,0.5,0.4545454545454545,0.0,0.5511935763888889
epfl_p300,VQ_LogReg,4096,789,LOSO,1,0.8333333333333334,0.5,0.4545454545454545,0.0,0.5228129822530865
epfl_p300,VQ_LogReg,4096,789,LOSO,2,0.8333333333333334,0.5,0.4545454545454545,0.0,0.5772376543209877
epfl_p300,VQ_LogReg,4096,789,LOSO,3,0.8333333333333334,0.5,0.4545454545454545,0.0,0.5530116705246915
epfl_p300,VQ_LogReg,4096,789,LOSO,4,0.8333333333333334,0.5,0.4545454545454545,0.0,0.5777150848765432
epfl_p300,VQ_LogReg,4096,789,LOSO,5,0.8333333333333334,0.5,0.4545454545454545,0.0,0.5792088638117284
epfl_p300,VQ_LogReg,4096,789,LOSO,6,0.8333333333333334,0.5,0.4545454545454545,0.0,0.5315007716049382
epfl_p300,VQ_LogReg,4096,789,LOSO,7,0.8333333333333334,0.5,0.4545454545454545,0.0,0.5205729166666666
epfl_p300,VQ_LogReg,4096,789,LOSO,8,0.8333333333333334,0.5,0.4545454545454545,0.0,0.6486400462962963
epfl_p300,VQ_LogReg,4096,789,LOSO,9,0.8333333333333334,0.5,0.4545454545454545,0.0,0.5806628568672839
epfl_p300,VQ_LogReg,4096,2024,LOSO,0,0.8333333333333334,0.5,0.4545454545454545,0.0,0.5511827256944444
epfl_p300,VQ_LogReg,4096,2024,LOSO,1,0.8333333333333334,0.5,0.4545454545454545,0.0,0.5228081597222223
epfl_p300,VQ_LogReg,4096,2024,LOSO,2,0.8333333333333334,0.5,0.4545454545454545,0.0,0.5772400655864198
epfl_p300,VQ_LogReg,4096,2024,LOSO,3,0.8333333333333334,0.5,0.4545454545454545,0.0,0.5530068479938272
epfl_p300,VQ_LogReg,4096,2024,LOSO,4,0.8333333333333334,0.5,0.4545454545454545,0.0,0.5777126736111111
epfl_p300,VQ_LogReg,4096,2024,LOSO,5,0.8333333333333334,0.5,0.4545454545454545,0.0,0.5792040412808641
epfl_p300,VQ_LogReg,4096,2024,LOSO,6,0.8333333333333334,0.5,0.4545454545454545,0.0,0.5314983603395061
epfl_p300,VQ_LogReg,4096,2024,LOSO,7,0.8333333333333334,0.5,0.4545454545454545,0.0,0.5205777391975308
epfl_p300,VQ_LogReg,4096,2024,LOSO,8,0.8333333333333334,0.5,0.4545454545454545,0.0,0.6486328125
epfl_p300,VQ_LogReg,4096,2024,LOSO,9,0.8333333333333334,0.5,0.4545454545454545,0.0,0.5806712962962963
epfl_p300,Chronos_Binning,4096,42,LOSO,0,0.8333333333333334,0.5,0.4545454545454545,0.0,0.5037905092592592
epfl_p300,Chronos_Binning,4096,42,LOSO,1,0.8333333333333334,0.5,0.4545454545454545,0.0,0.548290412808642
epfl_p300,Chronos_Binning,4096,42,LOSO,2,0.8333333333333334,0.5,0.4545454545454545,0.0,0.5387900270061728
epfl_p300,Chronos_Binning,4096,42,LOSO,3,0.8333333333333334,0.5,0.4545454545454545,0.0,0.5387285397376543
epfl_p300,Chronos_Binning,4096,42,LOSO,4,0.8333333333333334,0.5,0.4545454545454545,0.0,0.556201774691358
epfl_p300,Chronos_Binning,4096,42,LOSO,5,0.8333333333333334,0.5,0.4545454545454545,0.0,0.5154513888888889
epfl_p300,Chronos_Binning,4096,42,LOSO,6,0.8333333333333334,0.5,0.4545454545454545,0.0,0.5246889467592593
epfl_p300,Chronos_Binning,4096,42,LOSO,7,0.8333333333333334,0.5,0.4545454545454545,0.0,0.5274112654320987
epfl_p300,Chronos_Binning,4096,42,LOSO,8,0.8333333333333334,0.5,0.4545454545454545,0.0,0.6622588734567901
epfl_p300,Chronos_Binning,4096,42,LOSO,9,0.8333333333333334,0.5,0.4545454545454545,0.0,0.5694516782407407
epfl_p300,Chronos_Binning,4096,123,LOSO,0,0.8333333333333334,0.5,0.4545454545454545,0.0,0.5037880979938272
epfl_p300,Chronos_Binning,4096,123,LOSO,1,0.8333333333333334,0.5,0.4545454545454545,0.0,0.5482976466049383
epfl_p300,Chronos_Binning,4096,123,LOSO,2,0.8333333333333334,0.5,0.4545454545454545,0.0,0.5388093171296297
epfl_p300,Chronos_Binning,4096,123,LOSO,3,0.8333333333333334,0.5,0.4545454545454545,0.0,0.5387176890432099
epfl_p300,Chronos_Binning,4096,123,LOSO,4,0.8333333333333334,0.5,0.4545454545454545,0.0,0.5561993634259259
epfl_p300,Chronos_Binning,4096,123,LOSO,5,0.8333333333333334,0.5,0.4545454545454545,0.0,0.5154489776234568
epfl_p300,Chronos_Binning,4096,123,LOSO,6,0.8333333333333334,0.5,0.4545454545454545,0.0,0.5246913580246914
epfl_p300,Chronos_Binning,4096,123,LOSO,7,0.8333333333333334,0.5,0.4545454545454545,0.0,0.5274052372685185
epfl_p300,Chronos_Binning,4096,123,LOSO,8,0.8333333333333334,0.5,0.4545454545454545,0.0,0.6622685185185185
epfl_p300,Chronos_Binning,4096,123,LOSO,9,0.8333333333333334,0.5,0.4545454545454545,0.0,0.569458912037037
epfl_p300,Chronos_Binning,4096,456,LOSO,0,0.8333333333333334,0.5,0.4545454545454545,0.0,0.503783275462963
epfl_p300,Chronos_Binning,4096,456,LOSO,1,0.8333333333333334,0.5,0.4545454545454545,0.0,0.5482855902777779
epfl_p300,Chronos_Binning,4096,456,LOSO,2,0.8333333333333334,0.5,0.4545454545454545,0.0,0.5387876157407407
epfl_p300,Chronos_Binning,4096,456,LOSO,3,0.8333333333333334,0.5,0.4545454545454545,0.0,0.5387176890432099
epfl_p300,Chronos_Binning,4096,456,LOSO,4,0.8333333333333334,0.5,0.4545454545454545,0.0,0.5561921296296297
epfl_p300,Chronos_Binning,4096,456,LOSO,5,0.8333333333333334,0.5,0.4545454545454545,0.0,0.5154646508487655
epfl_p300,Chronos_Binning,4096,456,LOSO,6,0.8333333333333334,0.5,0.4545454545454545,0.0,0.5246985918209877
epfl_p300,Chronos_Binning,4096,456,LOSO,7,0.8333333333333334,0.5,0.4545454545454545,0.0,0.5274088541666666
epfl_p300,Chronos_Binning,4096,456,LOSO,8,0.8333333333333334,0.5,0.4545454545454545,0.0,0.6622661072530864
epfl_p300,Chronos_Binning,4096,456,LOSO,9,0.8333333333333334,0.5,0.4545454545454545,0.0,0.5694540895061728
epfl_p300,Chronos_Binning,4096,789,LOSO,0,0.8333333333333334,0.5,0.4545454545454545,0.0,0.5037880979938272
epfl_p300,Chronos_Binning,4096,789,LOSO,1,0.8333333333333334,0.5,0.4545454545454545,0.0,0.5482976466049383
epfl_p300,Chronos_Binning,4096,789,LOSO,2,0.8333333333333334,0.5,0.4545454545454545,0.0,0.538794849537037
epfl_p300,Chronos_Binning,4096,789,LOSO,3,0.8333333333333334,0.5,0.4545454545454545,0.0,0.5387140721450617
epfl_p300,Chronos_Binning,4096,789,LOSO,4,0.8333333333333334,0.5,0.4545454545454545,0.0,0.5562090084876543
epfl_p300,Chronos_Binning,4096,789,LOSO,5,0.8333333333333334,0.5,0.4545454545454545,0.0,0.5154429494598765
epfl_p300,Chronos_Binning,4096,789,LOSO,6,0.8333333333333334,0.5,0.4545454545454545,0.0,0.5246889467592593
epfl_p300,Chronos_Binning,4096,789,LOSO,7,0.8333333333333334,0.5,0.4545454545454545,0.0,0.5274040316358024
epfl_p300,Chronos_Binning,4096,789,LOSO,8,0.8333333333333334,0.5,0.4545454545454545,0.0,0.6622721354166666
epfl_p300,Chronos_Binning,4096,789,LOSO,9,0.8333333333333334,0.5,0.4545454545454545,0.0,0.5694565007716049
epfl_p300,Chronos_Binning,4096,2024,LOSO,0,0.8333333333333334,0.5,0.4545454545454545,0.0,0.5037808641975309
epfl_p300,Chronos_Binning,4096,2024,LOSO,1,0.8333333333333334,0.5,0.4545454545454545,0.0,0.5482952353395062
epfl_p300,Chronos_Binning,4096,2024,LOSO,2,0.8333333333333334,0.5,0.4545454545454545,0.0,0.538796055169753
epfl_p300,Chronos_Binning,4096,2024,LOSO,3,0.8333333333333334,0.5,0.4545454545454545,0.0,0.5387176890432099
epfl_p300,Chronos_Binning,4096,2024,LOSO,4,0.8333333333333334,0.5,0.4545454545454545,0.0,0.5562150366512346
epfl_p300,Chronos_Binning,4096,2024,LOSO,5,0.8333333333333334,0.5,0.4545454545454545,0.0,0.5154586226851852
epfl_p300,Chronos_Binning,4096,2024,LOSO,6,0.8333333333333334,0.5,0.4545454545454545,0.0,0.5246985918209877
epfl_p300,Chronos_Binning,4096,2024,LOSO,7,0.8333333333333334,0.5,0.4545454545454545,0.0,0.5273967978395062
epfl_p300,Chronos_Binning,4096,2024,LOSO,8,0.8333333333333334,0.5,0.4545454545454545,0.0,0.6622685185185185
epfl_p300,Chronos_Binning,4096,2024,LOSO,9,0.8333333333333334,0.5,0.4545454545454545,0.0,0.5694589120370369
ssvep_nakanishi,BPE_Hist_LogReg,4096,42,LOSO,0,0.0722222222222222,0.0722222222222222,0.0643358634220906,-0.0121212121212119,0.5025589225589225
ssvep_nakanishi,BPE_Hist_LogReg,4096,42,LOSO,1,0.0666666666666666,0.0666666666666666,0.065756486411221,-0.018181818181818,0.4775757575757576
ssvep_nakanishi,BPE_Hist_LogReg,4096,42,LOSO,2,0.0444444444444444,0.0444444444444444,0.0392745135688684,-0.0424242424242424,0.4731986531986532
ssvep_nakanishi,BPE_Hist_LogReg,4096,42,LOSO,3,0.1055555555555555,0.1055555555555555,0.0590589343081865,0.0242424242424242,0.522996632996633
ssvep_nakanishi,BPE_Hist_LogReg,4096,42,LOSO,4,0.0944444444444444,0.0944444444444444,0.0854187401096003,0.012121212121212,0.5263299663299663
ssvep_nakanishi,BPE_Hist_LogReg,4096,42,LOSO,5,0.0666666666666666,0.0666666666666666,0.0443581780538302,-0.018181818181818,0.5227104377104377
ssvep_nakanishi,BPE_Hist_LogReg,4096,42,LOSO,6,0.0888888888888888,0.0888888888888888,0.0709683641975308,0.0060606060606058,0.4819865319865319
ssvep_nakanishi,BPE_Hist_LogReg,4096,42,LOSO,7,0.0666666666666666,0.0666666666666666,0.0603904061624649,-0.018181818181818,0.525117845117845
ssvep_nakanishi,BPE_Hist_LogReg,4096,42,LOSO,8,0.1111111111111111,0.1111111111111111,0.0924141448527094,0.0303030303030302,0.4972053872053872
ssvep_nakanishi,BPE_Hist_LogReg,4096,123,LOSO,0,0.0611111111111111,0.0611111111111111,0.0577917736587185,-0.0242424242424241,0.5024915824915824
ssvep_nakanishi,BPE_Hist_LogReg,4096,123,LOSO,1,0.0666666666666666,0.0666666666666666,0.0657388386970964,-0.018181818181818,0.4775757575757576
ssvep_nakanishi,BPE_Hist_LogReg,4096,123,LOSO,2,0.0444444444444444,0.0444444444444444,0.0392361111111111,-0.0424242424242424,0.4731649831649832
ssvep_nakanishi,BPE_Hist_LogReg,4096,123,LOSO,3,0.1055555555555555,0.1055555555555555,0.0592388669981549,0.0242424242424242,0.522962962962963
ssvep_nakanishi,BPE_Hist_LogReg,4096,123,LOSO,4,0.0944444444444444,0.0944444444444444,0.0854187401096003,0.012121212121212,0.5262962962962963
ssvep_nakanishi,BPE_Hist_LogReg,4096,123,LOSO,5,0.0666666666666666,0.0666666666666666,0.0395783722619107,-0.0181818181818183,0.5226262626262625
ssvep_nakanishi,BPE_Hist_LogReg,4096,123,LOSO,6,0.0888888888888888,0.0888888888888888,0.0709282028285226,0.0060606060606058,0.4819191919191918
ssvep_nakanishi,BPE_Hist_LogReg,4096,123,LOSO,7,0.0666666666666666,0.0666666666666666,0.0603904061624649,-0.018181818181818,0.525151515151515
ssvep_nakanishi,BPE_Hist_LogReg,4096,123,LOSO,8,0.1166666666666666,0.1166666666666666,0.0955872995094009,0.0363636363636363,0.4972727272727272
ssvep_nakanishi,BPE_Hist_LogReg,4096,456,LOSO,0,0.0611111111111111,0.0611111111111111,0.0577917736587185,-0.0242424242424241,0.5025252525252525
ssvep_nakanishi,BPE_Hist_LogReg,4096,456,LOSO,1,0.0611111111111111,0.0611111111111111,0.0601895216465177,-0.0242424242424241,0.4775757575757576
ssvep_nakanishi,BPE_Hist_LogReg,4096,456,LOSO,2,0.0444444444444444,0.0444444444444444,0.0387332375478927,-0.0424242424242427,0.4731649831649832
ssvep_nakanishi,BPE_Hist_LogReg,4096,456,LOSO,3,0.1055555555555555,0.1055555555555555,0.0592388669981549,0.0242424242424242,0.522962962962963
ssvep_nakanishi,BPE_Hist_LogReg,4096,456,LOSO,4,0.0944444444444444,0.0944444444444444,0.0854187401096003,0.012121212121212,0.5262626262626262
ssvep_nakanishi,BPE_Hist_LogReg,4096,456,LOSO,5,0.0666666666666666,0.0666666666666666,0.0443581780538302,-0.018181818181818,0.5226094276094275
ssvep_nakanishi,BPE_Hist_LogReg,4096,456,LOSO,6,0.0888888888888888,0.0888888888888888,0.0709282028285226,0.0060606060606058,0.4819191919191918
ssvep_nakanishi,BPE_Hist_LogReg,4096,456,LOSO,7,0.0666666666666666,0.0666666666666666,0.0603904061624649,-0.018181818181818,0.5252188552188551
ssvep_nakanishi,BPE_Hist_LogReg,4096,456,LOSO,8,0.1111111111111111,0.1111111111111111,0.0924141448527094,0.0303030303030302,0.4972053872053872
ssvep_nakanishi,BPE_Hist_LogReg,4096,789,LOSO,0,0.0611111111111111,0.0611111111111111,0.0576537233498808,-0.0242424242424241,0.5024915824915824
ssvep_nakanishi,BPE_Hist_LogReg,4096,789,LOSO,1,0.0555555555555555,0.0555555555555555,0.051985901789474,-0.0303030303030302,0.4776430976430977
ssvep_nakanishi,BPE_Hist_LogReg,4096,789,LOSO,2,0.0444444444444444,0.0444444444444444,0.0387332375478927,-0.0424242424242427,0.4731313131313131
ssvep_nakanishi,BPE_Hist_LogReg,4096,789,LOSO,3,0.1,0.0999999999999999,0.0588945005611672,0.0181818181818179,0.5229292929292929
ssvep_nakanishi,BPE_Hist_LogReg,4096,789,LOSO,4,0.0944444444444444,0.0944444444444444,0.0852561134852801,0.012121212121212,0.5262289562289562
ssvep_nakanishi,BPE_Hist_LogReg,4096,789,LOSO,5,0.0666666666666666,0.0666666666666666,0.0443122249320214,-0.018181818181818,0.5225589225589226
ssvep_nakanishi,BPE_Hist_LogReg,4096,789,LOSO,6,0.0888888888888888,0.0888888888888888,0.070266827167147,0.0060606060606058,0.4819528619528619
ssvep_nakanishi,BPE_Hist_LogReg,4096,789,LOSO,7,0.0666666666666666,0.0666666666666666,0.0603904061624649,-0.018181818181818,0.525151515151515
ssvep_nakanishi,BPE_Hist_LogReg,4096,789,LOSO,8,0.1111111111111111,0.1111111111111111,0.0924336113392063,0.0303030303030302,0.4972053872053872
ssvep_nakanishi,BPE_Hist_LogReg,4096,2024,LOSO,0,0.0611111111111111,0.0611111111111111,0.0577917736587185,-0.0242424242424241,0.5025252525252525
ssvep_nakanishi,BPE_Hist_LogReg,4096,2024,LOSO,1,0.0611111111111111,0.0611111111111111,0.0602146144900388,-0.0242424242424241,0.4775757575757576
ssvep_nakanishi,BPE_Hist_LogReg,4096,2024,LOSO,2,0.0444444444444444,0.0444444444444444,0.0387332375478927,-0.0424242424242427,0.4731649831649832
ssvep_nakanishi,BPE_Hist_LogReg,4096,2024,LOSO,3,0.1055555555555555,0.1055555555555555,0.0592388669981549,0.0242424242424242,0.522962962962963
ssvep_nakanishi,BPE_Hist_LogReg,4096,2024,LOSO,4,0.0944444444444444,0.0944444444444444,0.0854187401096003,0.012121212121212,0.5262626262626262
ssvep_nakanishi,BPE_Hist_LogReg,4096,2024,LOSO,5,0.0666666666666666,0.0666666666666666,0.0444039004679736,-0.018181818181818,0.5226936026936027
ssvep_nakanishi,BPE_Hist_LogReg,4096,2024,LOSO,6,0.0888888888888888,0.0888888888888888,0.0709282028285226,0.0060606060606058,0.4819528619528619
ssvep_nakanishi,BPE_Hist_LogReg,4096,2024,LOSO,7,0.0666666666666666,0.0666666666666666,0.0603904061624649,-0.018181818181818,0.5251178451178452
ssvep_nakanishi,BPE_Hist_LogReg,4096,2024,LOSO,8,0.1111111111111111,0.1111111111111111,0.0924336113392063,0.0303030303030302,0.4973063973063973
ssvep_nakanishi,BPE_Hist_RF,4096,42,LOSO,0,0.0777777777777777,0.0777777777777777,0.0771706759781801,-0.0060606060606061,0.5085858585858586
ssvep_nakanishi,BPE_Hist_RF,4096,42,LOSO,1,0.1111111111111111,0.1111111111111111,0.1067461772098868,0.0303030303030302,0.5109427609427609
ssvep_nakanishi,BPE_Hist_RF,4096,42,LOSO,2,0.0555555555555555,0.0555555555555555,0.0555779918313724,-0.0303030303030304,0.4713468013468013
ssvep_nakanishi,BPE_Hist_RF,4096,42,LOSO,3,0.1,0.0999999999999999,0.0953804501598619,0.0181818181818181,0.5395959595959596
ssvep_nakanishi,BPE_Hist_RF,4096,42,LOSO,4,0.0722222222222222,0.0722222222222222,0.0664839962456595,-0.0121212121212122,0.4995959595959596
ssvep_nakanishi,BPE_Hist_RF,4096,42,LOSO,5,0.1222222222222222,0.1222222222222222,0.1168694192916654,0.0424242424242424,0.5070370370370371
ssvep_nakanishi,BPE_Hist_RF,4096,42,LOSO,6,0.0666666666666666,0.0666666666666666,0.0641237057903724,-0.018181818181818,0.5258585858585859
ssvep_nakanishi,BPE_Hist_RF,4096,42,LOSO,7,0.0888888888888888,0.0888888888888888,0.0791180656451761,0.0060606060606061,0.4950505050505049
ssvep_nakanishi,BPE_Hist_RF,4096,42,LOSO,8,0.0777777777777777,0.0777777777777777,0.0742971614130278,-0.0060606060606058,0.4953535353535354
ssvep_nakanishi,BPE_Hist_RF,4096,123,LOSO,0,0.0777777777777777,0.0777777777777777,0.0771706759781801,-0.0060606060606061,0.5085858585858586
ssvep_nakanishi,BPE_Hist_RF,4096,123,LOSO,1,0.1111111111111111,0.1111111111111111,0.1067461772098868,0.0303030303030302,0.5109427609427609
ssvep_nakanishi,BPE_Hist_RF,4096,123,LOSO,2,0.0555555555555555,0.0555555555555555,0.0555779918313724,-0.0303030303030304,0.4713468013468013
ssvep_nakanishi,BPE_Hist_RF,4096,123,LOSO,3,0.1,0.0999999999999999,0.0953804501598619,0.0181818181818181,0.5395959595959596
ssvep_nakanishi,BPE_Hist_RF,4096,123,LOSO,4,0.0722222222222222,0.0722222222222222,0.0664839962456595,-0.0121212121212122,0.4995959595959596
ssvep_nakanishi,BPE_Hist_RF,4096,123,LOSO,5,0.1222222222222222,0.1222222222222222,0.1168694192916654,0.0424242424242424,0.5070370370370371
ssvep_nakanishi,BPE_Hist_RF,4096,123,LOSO,6,0.0666666666666666,0.0666666666666666,0.0641237057903724,-0.018181818181818,0.5258585858585859
ssvep_nakanishi,BPE_Hist_RF,4096,123,LOSO,7,0.0888888888888888,0.0888888888888888,0.0791180656451761,0.0060606060606061,0.4950505050505049
ssvep_nakanishi,BPE_Hist_RF,4096,123,LOSO,8,0.0777777777777777,0.0777777777777777,0.0742971614130278,-0.0060606060606058,0.4953535353535354
ssvep_nakanishi,BPE_Hist_RF,4096,456,LOSO,0,0.0777777777777777,0.0777777777777777,0.0771706759781801,-0.0060606060606061,0.5085858585858586
ssvep_nakanishi,BPE_Hist_RF,4096,456,LOSO,1,0.1111111111111111,0.1111111111111111,0.1067461772098868,0.0303030303030302,0.5109427609427609
ssvep_nakanishi,BPE_Hist_RF,4096,456,LOSO,2,0.0555555555555555,0.0555555555555555,0.0555779918313724,-0.0303030303030304,0.4713468013468013
ssvep_nakanishi,BPE_Hist_RF,4096,456,LOSO,3,0.1,0.0999999999999999,0.0953804501598619,0.0181818181818181,0.5395959595959596
ssvep_nakanishi,BPE_Hist_RF,4096,456,LOSO,4,0.0722222222222222,0.0722222222222222,0.0664839962456595,-0.0121212121212122,0.4995959595959596
ssvep_nakanishi,BPE_Hist_RF,4096,456,LOSO,5,0.1222222222222222,0.1222222222222222,0.1168694192916654,0.0424242424242424,0.5070370370370371
ssvep_nakanishi,BPE_Hist_RF,4096,456,LOSO,6,0.0666666666666666,0.0666666666666666,0.0641237057903724,-0.018181818181818,0.5258585858585859
ssvep_nakanishi,BPE_Hist_RF,4096,456,LOSO,7,0.0888888888888888,0.0888888888888888,0.0791180656451761,0.0060606060606061,0.4950505050505049
ssvep_nakanishi,BPE_Hist_RF,4096,456,LOSO,8,0.0777777777777777,0.0777777777777777,0.0742971614130278,-0.0060606060606058,0.4953535353535354
ssvep_nakanishi,BPE_Hist_RF,4096,789,LOSO,0,0.0777777777777777,0.0777777777777777,0.0771706759781801,-0.0060606060606061,0.5085858585858586
ssvep_nakanishi,BPE_Hist_RF,4096,789,LOSO,1,0.1111111111111111,0.1111111111111111,0.1067461772098868,0.0303030303030302,0.5109427609427609
ssvep_nakanishi,BPE_Hist_RF,4096,789,LOSO,2,0.0555555555555555,0.0555555555555555,0.0555779918313724,-0.0303030303030304,0.4713468013468013
ssvep_nakanishi,BPE_Hist_RF,4096,789,LOSO,3,0.1,0.0999999999999999,0.0953804501598619,0.0181818181818181,0.5395959595959596
ssvep_nakanishi,BPE_Hist_RF,4096,789,LOSO,4,0.0722222222222222,0.0722222222222222,0.0664839962456595,-0.0121212121212122,0.4995959595959596
ssvep_nakanishi,BPE_Hist_RF,4096,789,LOSO,5,0.1222222222222222,0.1222222222222222,0.1168694192916654,0.0424242424242424,0.5070370370370371
ssvep_nakanishi,BPE_Hist_RF,4096,789,LOSO,6,0.0666666666666666,0.0666666666666666,0.0641237057903724,-0.018181818181818,0.5258585858585859
ssvep_nakanishi,BPE_Hist_RF,4096,789,LOSO,7,0.0888888888888888,0.0888888888888888,0.0791180656451761,0.0060606060606061,0.4950505050505049
ssvep_nakanishi,BPE_Hist_RF,4096,789,LOSO,8,0.0777777777777777,0.0777777777777777,0.0742971614130278,-0.0060606060606058,0.4953535353535354
ssvep_nakanishi,BPE_Hist_RF,4096,2024,LOSO,0,0.0777777777777777,0.0777777777777777,0.0771706759781801,-0.0060606060606061,0.5085858585858586
ssvep_nakanishi,BPE_Hist_RF,4096,2024,LOSO,1,0.1111111111111111,0.1111111111111111,0.1067461772098868,0.0303030303030302,0.5109427609427609
ssvep_nakanishi,BPE_Hist_RF,4096,2024,LOSO,2,0.0555555555555555,0.0555555555555555,0.0555779918313724,-0.0303030303030304,0.4713468013468013
ssvep_nakanishi,BPE_Hist_RF,4096,2024,LOSO,3,0.1,0.0999999999999999,0.0953804501598619,0.0181818181818181,0.5395959595959596
ssvep_nakanishi,BPE_Hist_RF,4096,2024,LOSO,4,0.0722222222222222,0.0722222222222222,0.0664839962456595,-0.0121212121212122,0.4995959595959596
ssvep_nakanishi,BPE_Hist_RF,4096,2024,LOSO,5,0.1222222222222222,0.1222222222222222,0.1168694192916654,0.0424242424242424,0.5070370370370371
ssvep_nakanishi,BPE_Hist_RF,4096,2024,LOSO,6,0.0666666666666666,0.0666666666666666,0.0641237057903724,-0.018181818181818,0.5258585858585859
ssvep_nakanishi,BPE_Hist_RF,4096,2024,LOSO,7,0.0888888888888888,0.0888888888888888,0.0791180656451761,0.0060606060606061,0.4950505050505049
ssvep_nakanishi,BPE_Hist_RF,4096,2024,LOSO,8,0.0777777777777777,0.0777777777777777,0.0742971614130278,-0.0060606060606058,0.4953535353535354
ssvep_nakanishi,BPE_Windowed_LogReg,4096,42,LOSO,0,0.0722222222222222,0.0722222222222222,0.0608803152662801,-0.0121212121212122,0.4694612794612794
ssvep_nakanishi,BPE_Windowed_LogReg,4096,42,LOSO,1,0.0611111111111111,0.0611111111111111,0.0566930258415765,-0.0242424242424241,0.4924242424242424
ssvep_nakanishi,BPE_Windowed_LogReg,4096,42,LOSO,2,0.0611111111111111,0.0611111111111111,0.0659072698986328,-0.0242424242424241,0.5186195286195288
ssvep_nakanishi,BPE_Windowed_LogReg,4096,42,LOSO,3,0.0777777777777777,0.0777777777777777,0.0789080352404335,-0.0060606060606061,0.4727272727272726
ssvep_nakanishi,BPE_Windowed_LogReg,4096,42,LOSO,4,0.0666666666666666,0.0666666666666666,0.0343468468468468,-0.018181818181818,0.497037037037037
ssvep_nakanishi,BPE_Windowed_LogReg,4096,42,LOSO,5,0.0833333333333333,0.0833333333333333,0.0750477626948215,0.0,0.4908754208754209
ssvep_nakanishi,BPE_Windowed_LogReg,4096,42,LOSO,6,0.1055555555555555,0.1055555555555555,0.1009662986557998,0.0242424242424244,0.4493939393939394
ssvep_nakanishi,BPE_Windowed_LogReg,4096,42,LOSO,7,0.0888888888888888,0.0888888888888888,0.0856305988468552,0.0060606060606061,0.5152861952861952
ssvep_nakanishi,BPE_Windowed_LogReg,4096,42,LOSO,8,0.0611111111111111,0.0611111111111111,0.0567270626525369,-0.0242424242424241,0.5049494949494949
ssvep_nakanishi,BPE_Windowed_LogReg,4096,123,LOSO,0,0.0722222222222222,0.0722222222222222,0.0608803152662801,-0.0121212121212122,0.4694949494949494
ssvep_nakanishi,BPE_Windowed_LogReg,4096,123,LOSO,1,0.0611111111111111,0.0611111111111111,0.0569134843953684,-0.0242424242424241,0.4924242424242424
ssvep_nakanishi,BPE_Windowed_LogReg,4096,123,LOSO,2,0.0611111111111111,0.0611111111111111,0.0659072698986328,-0.0242424242424241,0.5186531986531986
ssvep_nakanishi,BPE_Windowed_LogReg,4096,123,LOSO,3,0.0777777777777777,0.0777777777777777,0.0789080352404335,-0.0060606060606061,0.4727272727272726
ssvep_nakanishi,BPE_Windowed_LogReg,4096,123,LOSO,4,0.0666666666666666,0.0666666666666666,0.0344020715630885,-0.018181818181818,0.4972727272727272
ssvep_nakanishi,BPE_Windowed_LogReg,4096,123,LOSO,5,0.0833333333333333,0.0833333333333333,0.0750477626948215,0.0,0.4908754208754209
ssvep_nakanishi,BPE_Windowed_LogReg,4096,123,LOSO,6,0.1055555555555555,0.1055555555555555,0.1009662986557998,0.0242424242424244,0.4495959595959596
ssvep_nakanishi,BPE_Windowed_LogReg,4096,123,LOSO,7,0.0888888888888888,0.0888888888888888,0.0856305988468552,0.0060606060606061,0.5153198653198653
ssvep_nakanishi,BPE_Windowed_LogReg,4096,123,LOSO,8,0.0611111111111111,0.0611111111111111,0.0567270626525369,-0.0242424242424241,0.5049494949494949
ssvep_nakanishi,BPE_Windowed_LogReg,4096,456,LOSO,0,0.0722222222222222,0.0722222222222222,0.0608803152662801,-0.0121212121212122,0.4694276094276093
ssvep_nakanishi,BPE_Windowed_LogReg,4096,456,LOSO,1,0.0611111111111111,0.0611111111111111,0.0569134843953684,-0.0242424242424241,0.4924915824915825
ssvep_nakanishi,BPE_Windowed_LogReg,4096,456,LOSO,2,0.0611111111111111,0.0611111111111111,0.0659072698986328,-0.0242424242424241,0.5186195286195286
ssvep_nakanishi,BPE_Windowed_LogReg,4096,456,LOSO,3,0.0777777777777777,0.0777777777777777,0.0786061028732838,-0.0060606060606061,0.4726936026936026
ssvep_nakanishi,BPE_Windowed_LogReg,4096,456,LOSO,4,0.0666666666666666,0.0666666666666666,0.0343468468468468,-0.018181818181818,0.4971717171717171
ssvep_nakanishi,BPE_Windowed_LogReg,4096,456,LOSO,5,0.0833333333333333,0.0833333333333333,0.075560583207642,0.0,0.4908754208754207
ssvep_nakanishi,BPE_Windowed_LogReg,4096,456,LOSO,6,0.1055555555555555,0.1055555555555555,0.1009662986557998,0.0242424242424244,0.4493265993265993
ssvep_nakanishi,BPE_Windowed_LogReg,4096,456,LOSO,7,0.0888888888888888,0.0888888888888888,0.0856305988468552,0.0060606060606061,0.5152861952861952
ssvep_nakanishi,BPE_Windowed_LogReg,4096,456,LOSO,8,0.0611111111111111,0.0611111111111111,0.0567270626525369,-0.0242424242424241,0.504983164983165
ssvep_nakanishi,BPE_Windowed_LogReg,4096,789,LOSO,0,0.0722222222222222,0.0722222222222222,0.0608803152662801,-0.0121212121212122,0.4693939393939395
ssvep_nakanishi,BPE_Windowed_LogReg,4096,789,LOSO,1,0.0611111111111111,0.0611111111111111,0.0569134843953684,-0.0242424242424241,0.4923569023569023
ssvep_nakanishi,BPE_Windowed_LogReg,4096,789,LOSO,2,0.0611111111111111,0.0611111111111111,0.0659072698986328,-0.0242424242424241,0.518821548821549
ssvep_nakanishi,BPE_Windowed_LogReg,4096,789,LOSO,3,0.0777777777777777,0.0777777777777777,0.0784975262092348,-0.0060606060606061,0.4726262626262625
ssvep_nakanishi,BPE_Windowed_LogReg,4096,789,LOSO,4,0.0666666666666666,0.0666666666666666,0.0343468468468468,-0.018181818181818,0.4971717171717171
ssvep_nakanishi,BPE_Windowed_LogReg,4096,789,LOSO,5,0.0833333333333333,0.0833333333333333,0.0750477626948215,0.0,0.4908417508417508
ssvep_nakanishi,BPE_Windowed_LogReg,4096,789,LOSO,6,0.1055555555555555,0.1055555555555555,0.1009662986557998,0.0242424242424244,0.4493265993265993
ssvep_nakanishi,BPE_Windowed_LogReg,4096,789,LOSO,7,0.0888888888888888,0.0888888888888888,0.0856305988468552,0.0060606060606061,0.5152861952861952
ssvep_nakanishi,BPE_Windowed_LogReg,4096,789,LOSO,8,0.0611111111111111,0.0611111111111111,0.0563747018350599,-0.0242424242424241,0.5050505050505051
ssvep_nakanishi,BPE_Windowed_LogReg,4096,2024,LOSO,0,0.0722222222222222,0.0722222222222222,0.0608803152662801,-0.0121212121212122,0.4694612794612794
ssvep_nakanishi,BPE_Windowed_LogReg,4096,2024,LOSO,1,0.0611111111111111,0.0611111111111111,0.0569134843953684,-0.0242424242424241,0.4924242424242424
ssvep_nakanishi,BPE_Windowed_LogReg,4096,2024,LOSO,2,0.0611111111111111,0.0611111111111111,0.0659072698986328,-0.0242424242424241,0.5184848484848485
ssvep_nakanishi,BPE_Windowed_LogReg,4096,2024,LOSO,3,0.0777777777777777,0.0777777777777777,0.0789080352404335,-0.0060606060606061,0.4726599326599325
ssvep_nakanishi,BPE_Windowed_LogReg,4096,2024,LOSO,4,0.0666666666666666,0.0666666666666666,0.0343468468468468,-0.018181818181818,0.4971717171717171
ssvep_nakanishi,BPE_Windowed_LogReg,4096,2024,LOSO,5,0.0833333333333333,0.0833333333333333,0.0750477626948215,0.0,0.4908754208754209
ssvep_nakanishi,BPE_Windowed_LogReg,4096,2024,LOSO,6,0.1055555555555555,0.1055555555555555,0.1009662986557998,0.0242424242424244,0.4494276094276093
ssvep_nakanishi,BPE_Windowed_LogReg,4096,2024,LOSO,7,0.0888888888888888,0.0888888888888888,0.0856305988468552,0.0060606060606061,0.5153198653198653
ssvep_nakanishi,BPE_Windowed_LogReg,4096,2024,LOSO,8,0.0611111111111111,0.0611111111111111,0.0563747018350599,-0.0242424242424241,0.5047811447811447
ssvep_nakanishi,BPE_WindowedSeq_CNN,4096,42,LOSO,0,0.0833333333333333,0.0833333333333333,0.0129533678756476,0.0,0.4645622895622896
ssvep_nakanishi,BPE_WindowedSeq_CNN,4096,42,LOSO,1,0.0833333333333333,0.0833333333333333,0.0128205128205128,0.0,0.4930134680134679
ssvep_nakanishi,BPE_WindowedSeq_CNN,4096,42,LOSO,2,0.0833333333333333,0.0833333333333333,0.0128205128205128,0.0,0.4927272727272727
ssvep_nakanishi,BPE_WindowedSeq_CNN,4096,42,LOSO,3,0.0833333333333333,0.0833333333333333,0.0128205128205128,0.0,0.5444444444444444
ssvep_nakanishi,BPE_WindowedSeq_CNN,4096,42,LOSO,4,0.0833333333333333,0.0833333333333333,0.0128205128205128,0.0,0.4808417508417508
ssvep_nakanishi,BPE_WindowedSeq_CNN,4096,42,LOSO,5,0.0888888888888888,0.0888888888888889,0.0348223780610319,0.0060606060606061,0.4796969696969697
ssvep_nakanishi,BPE_WindowedSeq_CNN,4096,42,LOSO,6,0.0833333333333333,0.0833333333333333,0.0128205128205128,0.0,0.5040067340067339
ssvep_nakanishi,BPE_WindowedSeq_CNN,4096,42,LOSO,7,0.0833333333333333,0.0833333333333333,0.0128865979381443,-2.220446049250313e-16,0.5001851851851852
ssvep_nakanishi,BPE_WindowedSeq_CNN,4096,42,LOSO,8,0.0833333333333333,0.0833333333333333,0.0128205128205128,0.0,0.4741077441077441
ssvep_nakanishi,BPE_WindowedSeq_CNN,4096,123,LOSO,0,0.0833333333333333,0.0833333333333333,0.0128205128205128,0.0,0.4828619528619529
ssvep_nakanishi,BPE_WindowedSeq_CNN,4096,123,LOSO,1,0.0777777777777777,0.0777777777777777,0.0120898100172711,-0.0060606060606061,0.4866329966329967
ssvep_nakanishi,BPE_WindowedSeq_CNN,4096,123,LOSO,2,0.0833333333333333,0.0833333333333333,0.013089005235602,-2.220446049250313e-16,0.4874074074074073
ssvep_nakanishi,BPE_WindowedSeq_CNN,4096,123,LOSO,3,0.0833333333333333,0.0833333333333333,0.0128205128205128,0.0,0.5441414141414141
ssvep_nakanishi,BPE_WindowedSeq_CNN,4096,123,LOSO,4,0.0833333333333333,0.0833333333333333,0.0128205128205128,0.0,0.4942087542087541
ssvep_nakanishi,BPE_WindowedSeq_CNN,4096,123,LOSO,5,0.0833333333333333,0.0833333333333333,0.0128205128205128,0.0,0.4803198653198653
ssvep_nakanishi,BPE_WindowedSeq_CNN,4096,123,LOSO,6,0.0833333333333333,0.0833333333333333,0.0128205128205128,0.0,0.4731481481481481
ssvep_nakanishi,BPE_WindowedSeq_CNN,4096,123,LOSO,7,0.0833333333333333,0.0833333333333333,0.0128205128205128,0.0,0.4460101010101009
ssvep_nakanishi,BPE_WindowedSeq_CNN,4096,123,LOSO,8,0.0777777777777777,0.0777777777777777,0.0223214285714285,-0.0060606060606061,0.5325252525252525
ssvep_nakanishi,BPE_WindowedSeq_CNN,4096,456,LOSO,0,0.0833333333333333,0.0833333333333333,0.0128205128205128,0.0,0.4551178451178451
ssvep_nakanishi,BPE_WindowedSeq_CNN,4096,456,LOSO,1,0.0833333333333333,0.0833333333333333,0.0128205128205128,0.0,0.4701683501683502
ssvep_nakanishi,BPE_WindowedSeq_CNN,4096,456,LOSO,2,0.0833333333333333,0.0833333333333333,0.0128205128205128,0.0,0.533013468013468
ssvep_nakanishi,BPE_WindowedSeq_CNN,4096,456,LOSO,3,0.0833333333333333,0.0833333333333333,0.0128205128205128,0.0,0.5242760942760943
ssvep_nakanishi,BPE_WindowedSeq_CNN,4096,456,LOSO,4,0.0833333333333333,0.0833333333333333,0.0128205128205128,0.0,0.4995622895622895
ssvep_nakanishi,BPE_WindowedSeq_CNN,4096,456,LOSO,5,0.0944444444444444,0.0944444444444444,0.035478139475855,0.012121212121212,0.4845454545454545
ssvep_nakanishi,BPE_WindowedSeq_CNN,4096,456,LOSO,6,0.0833333333333333,0.0833333333333333,0.0128205128205128,0.0,0.4867845117845117
ssvep_nakanishi,BPE_WindowedSeq_CNN,4096,456,LOSO,7,0.0833333333333333,0.0833333333333333,0.0128205128205128,0.0,0.5125757575757576
ssvep_nakanishi,BPE_WindowedSeq_CNN,4096,456,LOSO,8,0.0833333333333333,0.0833333333333333,0.0128205128205128,0.0,0.4841245791245791
ssvep_nakanishi,BPE_WindowedSeq_CNN,4096,789,LOSO,0,0.0722222222222222,0.0722222222222222,0.0213626739261947,-0.0121212121212122,0.4995286195286195
ssvep_nakanishi,BPE_WindowedSeq_CNN,4096,789,LOSO,1,0.0833333333333333,0.0833333333333333,0.0128205128205128,0.0,0.498080808080808
ssvep_nakanishi,BPE_WindowedSeq_CNN,4096,789,LOSO,2,0.0833333333333333,0.0833333333333333,0.0128205128205128,0.0,0.5035858585858585
ssvep_nakanishi,BPE_WindowedSeq_CNN,4096,789,LOSO,3,0.0944444444444444,0.0944444444444444,0.0238095238095238,0.0121212121212123,0.5138888888888887
ssvep_nakanishi,BPE_WindowedSeq_CNN,4096,789,LOSO,4,0.0833333333333333,0.0833333333333333,0.0128205128205128,0.0,0.4754713804713804
ssvep_nakanishi,BPE_WindowedSeq_CNN,4096,789,LOSO,5,0.0833333333333333,0.0833333333333333,0.0128205128205128,0.0,0.5015656565656567
ssvep_nakanishi,BPE_WindowedSeq_CNN,4096,789,LOSO,6,0.0833333333333333,0.0833333333333333,0.0128205128205128,0.0,0.5176262626262625
ssvep_nakanishi,BPE_WindowedSeq_CNN,4096,789,LOSO,7,0.0722222222222222,0.0722222222222222,0.0209902647460464,-0.0121212121212122,0.5129966329966329
ssvep_nakanishi,BPE_WindowedSeq_CNN,4096,789,LOSO,8,0.0833333333333333,0.0833333333333333,0.0128205128205128,0.0,0.4842760942760942
ssvep_nakanishi,BPE_WindowedSeq_CNN,4096,2024,LOSO,0,0.0833333333333333,0.0833333333333333,0.0128205128205128,0.0,0.4519528619528619
ssvep_nakanishi,BPE_WindowedSeq_CNN,4096,2024,LOSO,1,0.0833333333333333,0.0833333333333333,0.0128205128205128,0.0,0.451094276094276
ssvep_nakanishi,BPE_WindowedSeq_CNN,4096,2024,LOSO,2,0.0833333333333333,0.0833333333333333,0.0128205128205128,0.0,0.495117845117845
ssvep_nakanishi,BPE_WindowedSeq_CNN,4096,2024,LOSO,3,0.0833333333333333,0.0833333333333333,0.0128205128205128,0.0,0.5052861952861952
ssvep_nakanishi,BPE_WindowedSeq_CNN,4096,2024,LOSO,4,0.0666666666666666,0.0666666666666666,0.0175084175084175,-0.018181818181818,0.496969696969697
ssvep_nakanishi,BPE_WindowedSeq_CNN,4096,2024,LOSO,5,0.0833333333333333,0.0833333333333333,0.0128205128205128,0.0,0.5274242424242424
ssvep_nakanishi,BPE_WindowedSeq_CNN,4096,2024,LOSO,6,0.0833333333333333,0.0833333333333333,0.0128205128205128,0.0,0.4438047138047138
ssvep_nakanishi,BPE_WindowedSeq_CNN,4096,2024,LOSO,7,0.0833333333333333,0.0833333333333333,0.0128205128205128,0.0,0.4857070707070707
ssvep_nakanishi,BPE_WindowedSeq_CNN,4096,2024,LOSO,8,0.0777777777777777,0.0777777777777777,0.0120274914089347,-0.0060606060606063,0.4771717171717172
ssvep_nakanishi,BPE_Bigram_LogReg,4096,42,LOSO,0,0.0888888888888888,0.0888888888888888,0.04530117605213,0.0060606060606061,0.5112794612794612
ssvep_nakanishi,BPE_Bigram_LogReg,4096,42,LOSO,1,0.0777777777777777,0.0777777777777777,0.0588017694960191,-0.0060606060606061,0.5185353535353535
ssvep_nakanishi,BPE_Bigram_LogReg,4096,42,LOSO,2,0.0611111111111111,0.0611111111111111,0.0310093415356573,-0.0242424242424241,0.4818855218855218
ssvep_nakanishi,BPE_Bigram_LogReg,4096,42,LOSO,3,0.1111111111111111,0.1111111111111111,0.0649446958270487,0.0303030303030302,0.5394276094276094
ssvep_nakanishi,BPE_Bigram_LogReg,4096,42,LOSO,4,0.1111111111111111,0.1111111111111111,0.0821310461419592,0.0303030303030302,0.5104545454545455
ssvep_nakanishi,BPE_Bigram_LogReg,4096,42,LOSO,5,0.0888888888888888,0.0888888888888888,0.0315159155373463,0.0060606060606061,0.5112962962962962
ssvep_nakanishi,BPE_Bigram_LogReg,4096,42,LOSO,6,0.0611111111111111,0.0611111111111111,0.0326908183493295,-0.0242424242424244,0.5034680134680135
ssvep_nakanishi,BPE_Bigram_LogReg,4096,42,LOSO,7,0.0611111111111111,0.0611111111111111,0.0397540129247446,-0.0242424242424241,0.5137710437710438
ssvep_nakanishi,BPE_Bigram_LogReg,4096,42,LOSO,8,0.0722222222222222,0.0722222222222222,0.0295126748251748,-0.0121212121212119,0.4789225589225589
ssvep_nakanishi,BPE_Bigram_LogReg,4096,123,LOSO,0,0.0777777777777777,0.0777777777777777,0.0312324929971988,-0.0060606060606061,0.5113804713804714
ssvep_nakanishi,BPE_Bigram_LogReg,4096,123,LOSO,1,0.0888888888888888,0.0888888888888888,0.0620880629032803,0.0060606060606058,0.5184511784511784
ssvep_nakanishi,BPE_Bigram_LogReg,4096,123,LOSO,2,0.0666666666666666,0.0666666666666666,0.0245911495911495,-0.018181818181818,0.4818518518518518
ssvep_nakanishi,BPE_Bigram_LogReg,4096,123,LOSO,3,0.1055555555555555,0.1055555555555555,0.0643518518518518,0.0242424242424242,0.5395286195286195
ssvep_nakanishi,BPE_Bigram_LogReg,4096,123,LOSO,4,0.0944444444444444,0.0944444444444444,0.0654804625199362,0.0121212121212123,0.5105050505050505
ssvep_nakanishi,BPE_Bigram_LogReg,4096,123,LOSO,5,0.0833333333333333,0.0833333333333333,0.0205626543541286,2.220446049250313e-16,0.5112457912457912
ssvep_nakanishi,BPE_Bigram_LogReg,4096,123,LOSO,6,0.0777777777777777,0.0777777777777777,0.0349306389222355,-0.0060606060606061,0.5034343434343435
ssvep_nakanishi,BPE_Bigram_LogReg,4096,123,LOSO,7,0.0944444444444444,0.0944444444444444,0.0606303116827096,0.012121212121212,0.5138047138047138
ssvep_nakanishi,BPE_Bigram_LogReg,4096,123,LOSO,8,0.0833333333333333,0.0833333333333333,0.0426450172321732,0.0,0.4789562289562289
ssvep_nakanishi,BPE_Bigram_LogReg,4096,456,LOSO,0,0.0888888888888888,0.0888888888888888,0.0442170180506894,0.0060606060606061,0.5113468013468013
ssvep_nakanishi,BPE_Bigram_LogReg,4096,456,LOSO,1,0.0888888888888888,0.0888888888888888,0.0588834776334776,0.0060606060606061,0.5184848484848484
ssvep_nakanishi,BPE_Bigram_LogReg,4096,456,LOSO,2,0.05,0.0499999999999999,0.0206027456027456,-0.0363636363636363,0.4819191919191919
ssvep_nakanishi,BPE_Bigram_LogReg,4096,456,LOSO,3,0.1,0.0999999999999999,0.0472392063157401,0.0181818181818181,0.5395286195286195
ssvep_nakanishi,BPE_Bigram_LogReg,4096,456,LOSO,4,0.0944444444444444,0.0944444444444444,0.0686590725171964,0.012121212121212,0.5105050505050505
ssvep_nakanishi,BPE_Bigram_LogReg,4096,456,LOSO,5,0.0944444444444444,0.0944444444444444,0.0426762371615312,0.0121212121212123,0.5112289562289561
ssvep_nakanishi,BPE_Bigram_LogReg,4096,456,LOSO,6,0.0722222222222222,0.0722222222222222,0.0368925458299837,-0.0121212121212122,0.5034511784511785
ssvep_nakanishi,BPE_Bigram_LogReg,4096,456,LOSO,7,0.0555555555555555,0.0555555555555555,0.0331842993607699,-0.0303030303030302,0.5136700336700336
ssvep_nakanishi,BPE_Bigram_LogReg,4096,456,LOSO,8,0.0722222222222222,0.0722222222222222,0.0399948289086826,-0.0121212121212122,0.478989898989899
ssvep_nakanishi,BPE_Bigram_LogReg,4096,789,LOSO,0,0.0833333333333333,0.0833333333333333,0.0346355271032459,0.0,0.5114646464646465
ssvep_nakanishi,BPE_Bigram_LogReg,4096,789,LOSO,1,0.0944444444444444,0.0944444444444444,0.0635194315669924,0.012121212121212,0.5184175084175083
ssvep_nakanishi,BPE_Bigram_LogReg,4096,789,LOSO,2,0.0611111111111111,0.0611111111111111,0.0309166119006544,-0.0242424242424241,0.4818181818181817
ssvep_nakanishi,BPE_Bigram_LogReg,4096,789,LOSO,3,0.1166666666666666,0.1166666666666666,0.0718272600940036,0.0363636363636363,0.5393097643097643
ssvep_nakanishi,BPE_Bigram_LogReg,4096,789,LOSO,4,0.0888888888888888,0.0888888888888888,0.060867137502027,0.0060606060606062,0.5105892255892256
ssvep_nakanishi,BPE_Bigram_LogReg,4096,789,LOSO,5,0.0833333333333333,0.0833333333333333,0.0236502627806975,2.220446049250313e-16,0.5112794612794612
ssvep_nakanishi,BPE_Bigram_LogReg,4096,789,LOSO,6,0.0833333333333333,0.0833333333333333,0.0388251320428668,-2.220446049250313e-16,0.5034175084175084
ssvep_nakanishi,BPE_Bigram_LogReg,4096,789,LOSO,7,0.0722222222222222,0.0722222222222222,0.0489290295208777,-0.0121212121212122,0.5136700336700338
ssvep_nakanishi,BPE_Bigram_LogReg,4096,789,LOSO,8,0.0777777777777777,0.0777777777777777,0.0352813444955898,-0.0060606060606061,0.4788888888888888
ssvep_nakanishi,BPE_Bigram_LogReg,4096,2024,LOSO,0,0.0833333333333333,0.0833333333333333,0.0448537020196321,0.0,0.5113636363636364
ssvep_nakanishi,BPE_Bigram_LogReg,4096,2024,LOSO,1,0.0833333333333333,0.0833333333333333,0.0570167684560162,0.0,0.5184848484848484
ssvep_nakanishi,BPE_Bigram_LogReg,4096,2024,LOSO,2,0.0777777777777777,0.0777777777777777,0.046922243384711,-0.0060606060606061,0.4819191919191919
ssvep_nakanishi,BPE_Bigram_LogReg,4096,2024,LOSO,3,0.1055555555555555,0.1055555555555555,0.0656975855304268,0.0242424242424242,0.5394949494949495
ssvep_nakanishi,BPE_Bigram_LogReg,4096,2024,LOSO,4,0.1,0.0999999999999999,0.0657867536581895,0.0181818181818181,0.5104882154882154
ssvep_nakanishi,BPE_Bigram_LogReg,4096,2024,LOSO,5,0.0777777777777777,0.0777777777777777,0.0323323057745435,-0.0060606060606063,0.511127946127946
ssvep_nakanishi,BPE_Bigram_LogReg,4096,2024,LOSO,6,0.0833333333333333,0.0833333333333333,0.0287783495330665,-2.220446049250313e-16,0.5034343434343435
ssvep_nakanishi,BPE_Bigram_LogReg,4096,2024,LOSO,7,0.0722222222222222,0.0722222222222222,0.0500131248464451,-0.0121212121212122,0.5136868686868687
ssvep_nakanishi,BPE_Bigram_LogReg,4096,2024,LOSO,8,0.0833333333333333,0.0833333333333333,0.0398423321234119,0.0,0.4790572390572391
ssvep_nakanishi,BPE_Seq_CNN,4096,42,LOSO,0,0.0666666666666666,0.0666666666666666,0.0455953112203112,-0.018181818181818,0.4622895622895622
ssvep_nakanishi,BPE_Seq_CNN,4096,42,LOSO,1,0.0944444444444444,0.0944444444444444,0.0429563492063492,0.012121212121212,0.4956902356902357
ssvep_nakanishi,BPE_Seq_CNN,4096,42,LOSO,2,0.0722222222222222,0.0722222222222222,0.0275560224089635,-0.0121212121212122,0.5135353535353535
ssvep_nakanishi,BPE_Seq_CNN,4096,42,LOSO,3,0.1111111111111111,0.1111111111111111,0.0782263367804727,0.0303030303030302,0.5107407407407406
ssvep_nakanishi,BPE_Seq_CNN,4096,42,LOSO,4,0.0666666666666666,0.0666666666666666,0.0445086831634439,-0.018181818181818,0.4975757575757575
ssvep_nakanishi,BPE_Seq_CNN,4096,42,LOSO,5,0.1166666666666666,0.1166666666666666,0.0734040496540496,0.0363636363636363,0.5242760942760943
ssvep_nakanishi,BPE_Seq_CNN,4096,42,LOSO,6,0.0611111111111111,0.0611111111111111,0.031335639668973,-0.0242424242424241,0.4634006734006734
ssvep_nakanishi,BPE_Seq_CNN,4096,42,LOSO,7,0.0833333333333333,0.0833333333333333,0.0647834452182278,0.0,0.5013131313131314
ssvep_nakanishi,BPE_Seq_CNN,4096,42,LOSO,8,0.0833333333333333,0.0833333333333333,0.0650170527412913,0.0,0.5263636363636364
ssvep_nakanishi,BPE_Seq_CNN,4096,123,LOSO,0,0.05,0.0499999999999999,0.0327415966386554,-0.0363636363636363,0.4889225589225588
ssvep_nakanishi,BPE_Seq_CNN,4096,123,LOSO,1,0.0888888888888888,0.0888888888888888,0.0635719514783672,0.0060606060606061,0.5094276094276093
ssvep_nakanishi,BPE_Seq_CNN,4096,123,LOSO,2,0.1,0.0999999999999999,0.0517491368784472,0.0181818181818181,0.5244107744107743
ssvep_nakanishi,BPE_Seq_CNN,4096,123,LOSO,3,0.0666666666666666,0.0666666666666666,0.0400952161436836,-0.018181818181818,0.4593602693602694
ssvep_nakanishi,BPE_Seq_CNN,4096,123,LOSO,4,0.0722222222222222,0.0722222222222222,0.0273223254313354,-0.0121212121212122,0.4708080808080808
ssvep_nakanishi,BPE_Seq_CNN,4096,123,LOSO,5,0.0722222222222222,0.0722222222222222,0.0471561969439728,-0.0121212121212122,0.4676767676767676
ssvep_nakanishi,BPE_Seq_CNN,4096,123,LOSO,6,0.05,0.0499999999999999,0.0286735594314003,-0.0363636363636366,0.4886195286195287
ssvep_nakanishi,BPE_Seq_CNN,4096,123,LOSO,7,0.1,0.0999999999999999,0.0717072699670322,0.0181818181818181,0.4626936026936026
ssvep_nakanishi,BPE_Seq_CNN,4096,123,LOSO,8,0.1,0.0999999999999999,0.0730430029912283,0.0181818181818181,0.4615824915824915
ssvep_nakanishi,BPE_Seq_CNN,4096,456,LOSO,0,0.0833333333333333,0.0833333333333333,0.0204813108038914,2.220446049250313e-16,0.485084175084175
ssvep_nakanishi,BPE_Seq_CNN,4096,456,LOSO,1,0.0777777777777777,0.0777777777777777,0.0316675318486038,-0.0060606060606061,0.5281481481481483
ssvep_nakanishi,BPE_Seq_CNN,4096,456,LOSO,2,0.0944444444444444,0.0944444444444444,0.0484999851004231,0.012121212121212,0.5142760942760943
ssvep_nakanishi,BPE_Seq_CNN,4096,456,LOSO,3,0.0666666666666666,0.0666666666666666,0.027753954640747,-0.018181818181818,0.5241750841750842
ssvep_nakanishi,BPE_Seq_CNN,4096,456,LOSO,4,0.1055555555555555,0.1055555555555555,0.0532130515683147,0.0242424242424242,0.4911784511784511
ssvep_nakanishi,BPE_Seq_CNN,4096,456,LOSO,5,0.0722222222222222,0.0722222222222222,0.0314260470881396,-0.0121212121212122,0.4996632996632996
ssvep_nakanishi,BPE_Seq_CNN,4096,456,LOSO,6,0.0777777777777777,0.0777777777777777,0.0498483192672795,-0.0060606060606063,0.4918518518518518
ssvep_nakanishi,BPE_Seq_CNN,4096,456,LOSO,7,0.0833333333333333,0.0833333333333333,0.0347372534872534,0.0,0.5325252525252525
ssvep_nakanishi,BPE_Seq_CNN,4096,456,LOSO,8,0.0722222222222222,0.0722222222222222,0.0334275127488277,-0.0121212121212122,0.5005387205387205
ssvep_nakanishi,BPE_Seq_CNN,4096,789,LOSO,0,0.0944444444444444,0.0944444444444444,0.0441478450504789,0.012121212121212,0.491952861952862
ssvep_nakanishi,BPE_Seq_CNN,4096,789,LOSO,1,0.0777777777777777,0.0777777777777777,0.0315145341883309,-0.0060606060606061,0.5044781144781144
ssvep_nakanishi,BPE_Seq_CNN,4096,789,LOSO,2,0.1,0.0999999999999999,0.0447852892250175,0.0181818181818179,0.5524242424242425
ssvep_nakanishi,BPE_Seq_CNN,4096,789,LOSO,3,0.0722222222222222,0.0722222222222222,0.0399755878928678,-0.0121212121212122,0.5365993265993266
ssvep_nakanishi,BPE_Seq_CNN,4096,789,LOSO,4,0.1055555555555555,0.1055555555555555,0.0567702958376332,0.0242424242424242,0.4803703703703703
ssvep_nakanishi,BPE_Seq_CNN,4096,789,LOSO,5,0.1055555555555555,0.1055555555555555,0.0475724171376345,0.0242424242424244,0.465084175084175
ssvep_nakanishi,BPE_Seq_CNN,4096,789,LOSO,6,0.0833333333333333,0.0833333333333333,0.0442746558924555,0.0,0.5235353535353536
ssvep_nakanishi,BPE_Seq_CNN,4096,789,LOSO,7,0.0888888888888888,0.0888888888888888,0.0728156445981001,0.0060606060606061,0.4813131313131313
ssvep_nakanishi,BPE_Seq_CNN,4096,789,LOSO,8,0.1166666666666666,0.1166666666666666,0.0881654678427925,0.0363636363636363,0.5128451178451179
ssvep_nakanishi,BPE_Seq_CNN,4096,2024,LOSO,0,0.0722222222222222,0.0722222222222222,0.0179653679653679,-0.0121212121212122,0.53989898989899
ssvep_nakanishi,BPE_Seq_CNN,4096,2024,LOSO,1,0.1,0.0999999999999999,0.0543066965397062,0.0181818181818181,0.5421548821548822
ssvep_nakanishi,BPE_Seq_CNN,4096,2024,LOSO,2,0.0666666666666666,0.0666666666666666,0.0381894340227673,-0.018181818181818,0.4810774410774411
ssvep_nakanishi,BPE_Seq_CNN,4096,2024,LOSO,3,0.0888888888888888,0.0888888888888888,0.0520986402521441,0.0060606060606061,0.4896632996632996
ssvep_nakanishi,BPE_Seq_CNN,4096,2024,LOSO,4,0.1,0.1,0.0632593726475583,0.0181818181818181,0.5286868686868688
ssvep_nakanishi,BPE_Seq_CNN,4096,2024,LOSO,5,0.0833333333333333,0.0833333333333333,0.0318807304342502,0.0,0.4743771043771044
ssvep_nakanishi,BPE_Seq_CNN,4096,2024,LOSO,6,0.0833333333333333,0.0833333333333333,0.0373938730646047,0.0,0.519057239057239
ssvep_nakanishi,BPE_Seq_CNN,4096,2024,LOSO,7,0.0611111111111111,0.0611111111111111,0.0333414554905783,-0.0242424242424241,0.4846127946127946
ssvep_nakanishi,BPE_Seq_CNN,4096,2024,LOSO,8,0.0833333333333333,0.0833333333333333,0.0408349146110056,0.0,0.4590235690235689
ssvep_nakanishi,BPE_Seq_Transformer,4096,42,LOSO,0,0.0666666666666666,0.0666666666666666,0.0262346930500364,-0.018181818181818,0.4574074074074074
ssvep_nakanishi,BPE_Seq_Transformer,4096,42,LOSO,1,0.0944444444444444,0.0944444444444444,0.0557724159550553,0.0121212121212119,0.494006734006734
ssvep_nakanishi,BPE_Seq_Transformer,4096,42,LOSO,2,0.1111111111111111,0.1111111111111111,0.0700747434181169,0.0303030303030302,0.5157575757575757
ssvep_nakanishi,BPE_Seq_Transformer,4096,42,LOSO,3,0.0666666666666666,0.0666666666666666,0.0306270812813657,-0.018181818181818,0.5046127946127945
ssvep_nakanishi,BPE_Seq_Transformer,4096,42,LOSO,4,0.0666666666666666,0.0666666666666666,0.0114942528735632,-0.018181818181818,0.4919191919191918
ssvep_nakanishi,BPE_Seq_Transformer,4096,42,LOSO,5,0.0777777777777777,0.0777777777777777,0.0332863408521303,-0.0060606060606061,0.4954882154882155
ssvep_nakanishi,BPE_Seq_Transformer,4096,42,LOSO,6,0.0833333333333333,0.0833333333333333,0.0339886314886314,0.0,0.523030303030303
ssvep_nakanishi,BPE_Seq_Transformer,4096,42,LOSO,7,0.0444444444444444,0.0444444444444444,0.0185720249193192,-0.0424242424242424,0.4777777777777777
ssvep_nakanishi,BPE_Seq_Transformer,4096,42,LOSO,8,0.0722222222222222,0.0722222222222222,0.0555559669934171,-0.0121212121212122,0.5239730639730639
ssvep_nakanishi,BPE_Seq_Transformer,4096,123,LOSO,0,0.0722222222222222,0.0722222222222222,0.01183970856102,-0.0121212121212122,0.4676767676767677
ssvep_nakanishi,BPE_Seq_Transformer,4096,123,LOSO,1,0.0833333333333333,0.0833333333333333,0.0128865979381443,-2.220446049250313e-16,0.4939057239057239
ssvep_nakanishi,BPE_Seq_Transformer,4096,123,LOSO,2,0.1055555555555555,0.1055555555555555,0.0477547352547352,0.0242424242424242,0.5042760942760942
ssvep_nakanishi,BPE_Seq_Transformer,4096,123,LOSO,3,0.0722222222222222,0.0722222222222222,0.0195121038650054,-0.0121212121212122,0.5429292929292929
ssvep_nakanishi,BPE_Seq_Transformer,4096,123,LOSO,4,0.0777777777777777,0.0777777777777777,0.0335782973985221,-0.0060606060606061,0.4824579124579125
ssvep_nakanishi,BPE_Seq_Transformer,4096,123,LOSO,5,0.0944444444444444,0.0944444444444444,0.0351851851851851,0.0121212121212119,0.4914141414141413
ssvep_nakanishi,BPE_Seq_Transformer,4096,123,LOSO,6,0.0944444444444444,0.0944444444444444,0.0395554528825447,0.012121212121212,0.5095959595959596
ssvep_nakanishi,BPE_Seq_Transformer,4096,123,LOSO,7,0.0777777777777777,0.0777777777777777,0.0173574741882388,-0.0060606060606061,0.4912794612794612
ssvep_nakanishi,BPE_Seq_Transformer,4096,123,LOSO,8,0.1055555555555555,0.1055555555555555,0.0585392377671789,0.0242424242424242,0.5350505050505051
ssvep_nakanishi,BPE_Seq_Transformer,4096,456,LOSO,0,0.0611111111111111,0.0611111111111111,0.0298826380915933,-0.0242424242424244,0.4823232323232323
ssvep_nakanishi,BPE_Seq_Transformer,4096,456,LOSO,1,0.0833333333333333,0.0833333333333333,0.0238162269412269,2.220446049250313e-16,0.4929966329966329
ssvep_nakanishi,BPE_Seq_Transformer,4096,456,LOSO,2,0.0611111111111111,0.0611111111111111,0.0296918528625845,-0.0242424242424241,0.508989898989899
ssvep_nakanishi,BPE_Seq_Transformer,4096,456,LOSO,3,0.0777777777777777,0.0777777777777777,0.0484063841206698,-0.0060606060606061,0.4899663299663299
ssvep_nakanishi,BPE_Seq_Transformer,4096,456,LOSO,4,0.0833333333333333,0.0833333333333333,0.0214650181532724,0.0,0.4785521885521884
ssvep_nakanishi,BPE_Seq_Transformer,4096,456,LOSO,5,0.0666666666666666,0.0666666666666666,0.0177383592017738,-0.0181818181818183,0.5031313131313132
ssvep_nakanishi,BPE_Seq_Transformer,4096,456,LOSO,6,0.1055555555555555,0.1055555555555555,0.0453153543860985,0.0242424242424242,0.5296632996632996
ssvep_nakanishi,BPE_Seq_Transformer,4096,456,LOSO,7,0.0777777777777777,0.0777777777777777,0.0485428020488996,-0.0060606060606061,0.4729966329966329
ssvep_nakanishi,BPE_Seq_Transformer,4096,456,LOSO,8,0.0833333333333333,0.0833333333333333,0.0263975155279503,0.0,0.4998316498316498
ssvep_nakanishi,BPE_Seq_Transformer,4096,789,LOSO,0,0.0777777777777777,0.0777777777777777,0.0255728726189037,-0.0060606060606061,0.4615488215488215
ssvep_nakanishi,BPE_Seq_Transformer,4096,789,LOSO,1,0.0666666666666666,0.0666666666666666,0.0267067003792667,-0.018181818181818,0.5227609427609428
ssvep_nakanishi,BPE_Seq_Transformer,4096,789,LOSO,2,0.0722222222222222,0.0722222222222222,0.0292045775702432,-0.0121212121212122,0.5201010101010102
ssvep_nakanishi,BPE_Seq_Transformer,4096,789,LOSO,3,0.1055555555555555,0.1055555555555555,0.038735119047619,0.0242424242424242,0.5207407407407406
ssvep_nakanishi,BPE_Seq_Transformer,4096,789,LOSO,4,0.1277777777777777,0.1277777777777778,0.0686841531484388,0.0484848484848484,0.4893939393939393
ssvep_nakanishi,BPE_Seq_Transformer,4096,789,LOSO,5,0.0444444444444444,0.0444444444444444,0.0161592707258341,-0.0424242424242424,0.4757912457912458
ssvep_nakanishi,BPE_Seq_Transformer,4096,789,LOSO,6,0.0833333333333333,0.0833333333333333,0.0308341447581953,-2.220446049250313e-16,0.4642760942760942
ssvep_nakanishi,BPE_Seq_Transformer,4096,789,LOSO,7,0.0722222222222222,0.0722222222222222,0.0302553840289689,-0.0121212121212122,0.4982491582491583
ssvep_nakanishi,BPE_Seq_Transformer,4096,789,LOSO,8,0.0944444444444444,0.0944444444444444,0.0519544688987185,0.012121212121212,0.5447811447811448
ssvep_nakanishi,BPE_Seq_Transformer,4096,2024,LOSO,0,0.05,0.0499999999999999,0.0330357142857142,-0.0363636363636361,0.4676430976430977
ssvep_nakanishi,BPE_Seq_Transformer,4096,2024,LOSO,1,0.0388888888888888,0.0388888888888888,0.02666879903722,-0.0484848484848485,0.5174074074074074
ssvep_nakanishi,BPE_Seq_Transformer,4096,2024,LOSO,2,0.0888888888888888,0.0888888888888888,0.0279168056945834,0.0060606060606061,0.5274074074074074
ssvep_nakanishi,BPE_Seq_Transformer,4096,2024,LOSO,3,0.0888888888888888,0.0888888888888888,0.0219202898550724,0.0060606060606062,0.4885858585858586
ssvep_nakanishi,BPE_Seq_Transformer,4096,2024,LOSO,4,0.1,0.0999999999999999,0.0516873902796232,0.0181818181818181,0.4783838383838384
ssvep_nakanishi,BPE_Seq_Transformer,4096,2024,LOSO,5,0.0833333333333333,0.0833333333333333,0.0307965860597439,2.220446049250313e-16,0.4964309764309765
ssvep_nakanishi,BPE_Seq_Transformer,4096,2024,LOSO,6,0.0777777777777777,0.0777777777777777,0.0123456790123456,-0.0060606060606061,0.4625589225589225
ssvep_nakanishi,BPE_Seq_Transformer,4096,2024,LOSO,7,0.0666666666666666,0.0666666666666666,0.0340741626370512,-0.018181818181818,0.4690572390572391
ssvep_nakanishi,BPE_Seq_Transformer,4096,2024,LOSO,8,0.0666666666666666,0.0666666666666666,0.0319497325521421,-0.018181818181818,0.4915488215488215
ssvep_nakanishi,BPE_Seq_CW_Transformer,4096,42,LOSO,0,0.0777777777777777,0.0777777777777777,0.0523610849697806,-0.0060606060606061,0.4508754208754209
ssvep_nakanishi,BPE_Seq_CW_Transformer,4096,42,LOSO,1,0.0666666666666666,0.0666666666666666,0.0125786163522012,-0.0181818181818183,0.4956228956228956
ssvep_nakanishi,BPE_Seq_CW_Transformer,4096,42,LOSO,2,0.0611111111111111,0.0611111111111111,0.0252396631853338,-0.0242424242424244,0.5337373737373736
ssvep_nakanishi,BPE_Seq_CW_Transformer,4096,42,LOSO,3,0.0833333333333333,0.0833333333333333,0.0293627789279963,0.0,0.4923905723905724
ssvep_nakanishi,BPE_Seq_CW_Transformer,4096,42,LOSO,4,0.0833333333333333,0.0833333333333333,0.0464807261103955,0.0,0.5165993265993266
ssvep_nakanishi,BPE_Seq_CW_Transformer,4096,42,LOSO,5,0.0888888888888888,0.0888888888888888,0.0247222538201948,0.0060606060606058,0.4558585858585859
ssvep_nakanishi,BPE_Seq_CW_Transformer,4096,42,LOSO,6,0.0833333333333333,0.0833333333333333,0.0128205128205128,0.0,0.5332659932659932
ssvep_nakanishi,BPE_Seq_CW_Transformer,4096,42,LOSO,7,0.0666666666666666,0.0666666666666666,0.0174749905027225,-0.018181818181818,0.4788215488215488
ssvep_nakanishi,BPE_Seq_CW_Transformer,4096,42,LOSO,8,0.1,0.0999999999999999,0.0690815074293011,0.0181818181818181,0.5417171717171717
ssvep_nakanishi,BPE_Seq_CW_Transformer,4096,123,LOSO,0,0.0944444444444444,0.0944444444444444,0.0554789398842796,0.012121212121212,0.474983164983165
ssvep_nakanishi,BPE_Seq_CW_Transformer,4096,123,LOSO,1,0.0722222222222222,0.0722222222222222,0.0179349517584811,-0.0121212121212122,0.4875757575757575
ssvep_nakanishi,BPE_Seq_CW_Transformer,4096,123,LOSO,2,0.0722222222222222,0.0722222222222222,0.0273134076325565,-0.0121212121212122,0.5184511784511785
ssvep_nakanishi,BPE_Seq_CW_Transformer,4096,123,LOSO,3,0.0833333333333333,0.0833333333333333,0.0357825402665358,0.0,0.5267003367003367
ssvep_nakanishi,BPE_Seq_CW_Transformer,4096,123,LOSO,4,0.0833333333333333,0.0833333333333333,0.0180395913154533,0.0,0.4941414141414142
ssvep_nakanishi,BPE_Seq_CW_Transformer,4096,123,LOSO,5,0.0666666666666666,0.0666666666666666,0.0315393631944044,-0.018181818181818,0.4815824915824915
ssvep_nakanishi,BPE_Seq_CW_Transformer,4096,123,LOSO,6,0.0888888888888888,0.0888888888888888,0.0324358232001544,0.0060606060606062,0.5316835016835018
ssvep_nakanishi,BPE_Seq_CW_Transformer,4096,123,LOSO,7,0.0888888888888888,0.0888888888888888,0.0577243238678907,0.0060606060606061,0.4608080808080808
ssvep_nakanishi,BPE_Seq_CW_Transformer,4096,123,LOSO,8,0.0777777777777777,0.0777777777777777,0.0120898100172711,-0.0060606060606058,0.5250505050505051
ssvep_nakanishi,BPE_Seq_CW_Transformer,4096,456,LOSO,0,0.0888888888888888,0.0888888888888888,0.0367239154975004,0.0060606060606061,0.4705387205387205
ssvep_nakanishi,BPE_Seq_CW_Transformer,4096,456,LOSO,1,0.1055555555555555,0.1055555555555555,0.0476634683724236,0.0242424242424242,0.5171380471380472
ssvep_nakanishi,BPE_Seq_CW_Transformer,4096,456,LOSO,2,0.0833333333333333,0.0833333333333333,0.0463733053677918,0.0,0.5119528619528618
ssvep_nakanishi,BPE_Seq_CW_Transformer,4096,456,LOSO,3,0.1,0.0999999999999999,0.0358440884141818,0.0181818181818181,0.5411784511784513
ssvep_nakanishi,BPE_Seq_CW_Transformer,4096,456,LOSO,4,0.0777777777777777,0.0777777777777777,0.0179194110809763,-0.0060606060606058,0.515892255892256
ssvep_nakanishi,BPE_Seq_CW_Transformer,4096,456,LOSO,5,0.0666666666666666,0.0666666666666666,0.0194752937389344,-0.018181818181818,0.4807070707070706
ssvep_nakanishi,BPE_Seq_CW_Transformer,4096,456,LOSO,6,0.0777777777777777,0.0777777777777777,0.0170335429769392,-0.0060606060606061,0.5312457912457913
ssvep_nakanishi,BPE_Seq_CW_Transformer,4096,456,LOSO,7,0.1,0.0999999999999999,0.0563697830046725,0.0181818181818181,0.4827272727272727
ssvep_nakanishi,BPE_Seq_CW_Transformer,4096,456,LOSO,8,0.0833333333333333,0.0833333333333333,0.013089005235602,-2.220446049250313e-16,0.5001683501683503
ssvep_nakanishi,BPE_Seq_CW_Transformer,4096,789,LOSO,0,0.0888888888888888,0.0888888888888888,0.0382909258667802,0.0060606060606061,0.4903030303030304
ssvep_nakanishi,BPE_Seq_CW_Transformer,4096,789,LOSO,1,0.1166666666666666,0.1166666666666666,0.0378570860189384,0.0363636363636363,0.5046127946127945
ssvep_nakanishi,BPE_Seq_CW_Transformer,4096,789,LOSO,2,0.0888888888888888,0.0888888888888888,0.0276290165530671,0.0060606060606061,0.5538383838383839
ssvep_nakanishi,BPE_Seq_CW_Transformer,4096,789,LOSO,3,0.0944444444444444,0.0944444444444444,0.0256524981357196,0.012121212121212,0.5283501683501682
ssvep_nakanishi,BPE_Seq_CW_Transformer,4096,789,LOSO,4,0.0944444444444444,0.0944444444444444,0.0358012326656394,0.012121212121212,0.4988215488215488
ssvep_nakanishi,BPE_Seq_CW_Transformer,4096,789,LOSO,5,0.0722222222222222,0.0722222222222222,0.0364978477266612,-0.0121212121212122,0.4847474747474747
ssvep_nakanishi,BPE_Seq_CW_Transformer,4096,789,LOSO,6,0.1111111111111111,0.1111111111111111,0.0478273280196737,0.0303030303030302,0.5160942760942762
ssvep_nakanishi,BPE_Seq_CW_Transformer,4096,789,LOSO,7,0.1055555555555555,0.1055555555555555,0.0529232314989097,0.0242424242424242,0.491885521885522
ssvep_nakanishi,BPE_Seq_CW_Transformer,4096,789,LOSO,8,0.1055555555555555,0.1055555555555555,0.0568286069778225,0.0242424242424242,0.5148484848484848
ssvep_nakanishi,BPE_Seq_CW_Transformer,4096,2024,LOSO,0,0.0722222222222222,0.0722222222222222,0.0470530259685607,-0.0121212121212122,0.4686868686868686
ssvep_nakanishi,BPE_Seq_CW_Transformer,4096,2024,LOSO,1,0.0888888888888888,0.0888888888888888,0.0358495670995671,0.0060606060606058,0.508989898989899
ssvep_nakanishi,BPE_Seq_CW_Transformer,4096,2024,LOSO,2,0.0833333333333333,0.0833333333333333,0.0128205128205128,0.0,0.5290235690235691
ssvep_nakanishi,BPE_Seq_CW_Transformer,4096,2024,LOSO,3,0.1055555555555555,0.1055555555555555,0.0304889384643985,0.0242424242424242,0.4831986531986532
ssvep_nakanishi,BPE_Seq_CW_Transformer,4096,2024,LOSO,4,0.0833333333333333,0.0833333333333333,0.0315541601255887,0.0,0.5006734006734007
ssvep_nakanishi,BPE_Seq_CW_Transformer,4096,2024,LOSO,5,0.0944444444444444,0.0944444444444444,0.0353573213393303,0.012121212121212,0.4597979797979797
ssvep_nakanishi,BPE_Seq_CW_Transformer,4096,2024,LOSO,6,0.0888888888888888,0.0888888888888888,0.0398518944862383,0.0060606060606058,0.5042087542087541
ssvep_nakanishi,BPE_Seq_CW_Transformer,4096,2024,LOSO,7,0.0777777777777777,0.0777777777777777,0.0217905875800612,-0.0060606060606061,0.4989898989898989
ssvep_nakanishi,BPE_Seq_CW_Transformer,4096,2024,LOSO,8,0.1222222222222222,0.1222222222222222,0.0565119024198308,0.0424242424242424,0.5373063973063973
ssvep_nakanishi,EEGNet,4096,42,LOSO,0,0.0833333333333333,0.0833333333333333,0.0128205128205128,0.0,0.5012121212121211
ssvep_nakanishi,EEGNet,4096,42,LOSO,1,0.0833333333333333,0.0833333333333333,0.0128205128205128,0.0,0.505016835016835
ssvep_nakanishi,EEGNet,4096,42,LOSO,2,0.0833333333333333,0.0833333333333333,0.0128205128205128,0.0,0.5134006734006734
ssvep_nakanishi,EEGNet,4096,42,LOSO,3,0.0833333333333333,0.0833333333333333,0.0128205128205128,0.0,0.4946801346801346
ssvep_nakanishi,EEGNet,4096,42,LOSO,4,0.0833333333333333,0.0833333333333333,0.0128205128205128,0.0,0.5093939393939394
ssvep_nakanishi,EEGNet,4096,42,LOSO,5,0.0777777777777777,0.0777777777777777,0.0174806271400252,-0.0060606060606063,0.5013804713804714
ssvep_nakanishi,EEGNet,4096,42,LOSO,6,0.0833333333333333,0.0833333333333333,0.0128205128205128,0.0,0.5014141414141414
ssvep_nakanishi,EEGNet,4096,42,LOSO,7,0.0888888888888888,0.0888888888888888,0.0243517805405801,0.0060606060606061,0.5087542087542087
ssvep_nakanishi,EEGNet,4096,42,LOSO,8,0.0833333333333333,0.0833333333333333,0.0128205128205128,0.0,0.4996296296296296
ssvep_nakanishi,EEGNet,4096,123,LOSO,0,0.0722222222222222,0.0722222222222222,0.0200384207737148,-0.0121212121212119,0.4992929292929293
ssvep_nakanishi,EEGNet,4096,123,LOSO,1,0.0833333333333333,0.0833333333333333,0.0128205128205128,0.0,0.4926262626262627
ssvep_nakanishi,EEGNet,4096,123,LOSO,2,0.0833333333333333,0.0833333333333333,0.022079772079772,0.0,0.4912794612794613
ssvep_nakanishi,EEGNet,4096,123,LOSO,3,0.0833333333333333,0.0833333333333333,0.0128205128205128,0.0,0.4917171717171718
ssvep_nakanishi,EEGNet,4096,123,LOSO,4,0.0777777777777777,0.0777777777777777,0.0124777183600713,-0.0060606060606058,0.5018855218855218
ssvep_nakanishi,EEGNet,4096,123,LOSO,5,0.0888888888888888,0.0888888888888888,0.0246019588729517,0.0060606060606061,0.505016835016835
ssvep_nakanishi,EEGNet,4096,123,LOSO,6,0.0833333333333333,0.0833333333333333,0.0128205128205128,0.0,0.5015488215488216
ssvep_nakanishi,EEGNet,4096,123,LOSO,7,0.0833333333333333,0.0833333333333333,0.0238095238095238,0.0,0.5048148148148147
ssvep_nakanishi,EEGNet,4096,123,LOSO,8,0.0833333333333333,0.0833333333333333,0.0128205128205128,0.0,0.5097979797979798
ssvep_nakanishi,EEGNet,4096,456,LOSO,0,0.0833333333333333,0.0833333333333333,0.0128205128205128,0.0,0.4817171717171717
ssvep_nakanishi,EEGNet,4096,456,LOSO,1,0.0944444444444444,0.0944444444444444,0.0349647266313933,0.012121212121212,0.5083838383838385
ssvep_nakanishi,EEGNet,4096,456,LOSO,2,0.0833333333333333,0.0833333333333333,0.0128205128205128,0.0,0.5027609427609429
ssvep_nakanishi,EEGNet,4096,456,LOSO,3,0.0833333333333333,0.0833333333333333,0.0293009459676126,0.0,0.4923905723905724
ssvep_nakanishi,EEGNet,4096,456,LOSO,4,0.0833333333333333,0.0833333333333333,0.0340606539645561,0.0,0.4926599326599327
ssvep_nakanishi,EEGNet,4096,456,LOSO,5,0.0833333333333333,0.0833333333333333,0.0187728937728937,-2.220446049250313e-16,0.5045454545454545
ssvep_nakanishi,EEGNet,4096,456,LOSO,6,0.0833333333333333,0.0833333333333333,0.0128205128205128,0.0,0.505
ssvep_nakanishi,EEGNet,4096,456,LOSO,7,0.0833333333333333,0.0833333333333333,0.0236893748247827,0.0,0.5085858585858586
ssvep_nakanishi,EEGNet,4096,456,LOSO,8,0.0833333333333333,0.0833333333333333,0.0128205128205128,0.0,0.4909090909090909
ssvep_nakanishi,EEGNet,4096,789,LOSO,0,0.0833333333333333,0.0833333333333333,0.0128205128205128,0.0,0.4916835016835016
ssvep_nakanishi,EEGNet,4096,789,LOSO,1,0.0833333333333333,0.0833333333333333,0.0129533678756476,2.220446049250313e-16,0.4966666666666666
ssvep_nakanishi,EEGNet,4096,789,LOSO,2,0.0833333333333333,0.0833333333333333,0.0128205128205128,0.0,0.4923569023569023
ssvep_nakanishi,EEGNet,4096,789,LOSO,3,0.0833333333333333,0.0833333333333333,0.0128205128205128,0.0,0.4936363636363636
ssvep_nakanishi,EEGNet,4096,789,LOSO,4,0.0777777777777777,0.0777777777777777,0.0122164048865619,-0.0060606060606063,0.5001346801346801
ssvep_nakanishi,EEGNet,4096,789,LOSO,5,0.0833333333333333,0.0833333333333333,0.0128205128205128,0.0,0.5048148148148149
ssvep_nakanishi,EEGNet,4096,789,LOSO,6,0.0833333333333333,0.0833333333333333,0.0128205128205128,0.0,0.5003703703703704
ssvep_nakanishi,EEGNet,4096,789,LOSO,7,0.0833333333333333,0.0833333333333333,0.0128205128205128,0.0,0.4916161616161617
ssvep_nakanishi,EEGNet,4096,789,LOSO,8,0.0833333333333333,0.0833333333333333,0.0128205128205128,0.0,0.5159259259259259
ssvep_nakanishi,EEGNet,4096,2024,LOSO,0,0.0833333333333333,0.0833333333333333,0.0128205128205128,0.0,0.5138720538720539
ssvep_nakanishi,EEGNet,4096,2024,LOSO,1,0.0833333333333333,0.0833333333333333,0.0128205128205128,0.0,0.5078114478114477
ssvep_nakanishi,EEGNet,4096,2024,LOSO,2,0.0833333333333333,0.0833333333333333,0.0128205128205128,0.0,0.5008417508417509
ssvep_nakanishi,EEGNet,4096,2024,LOSO,3,0.0833333333333333,0.0833333333333333,0.0128205128205128,0.0,0.5044781144781144
ssvep_nakanishi,EEGNet,4096,2024,LOSO,4,0.0833333333333333,0.0833333333333333,0.0305933903494879,0.0,0.5054545454545455
ssvep_nakanishi,EEGNet,4096,2024,LOSO,5,0.0833333333333333,0.0833333333333333,0.0190914158305462,2.220446049250313e-16,0.5064309764309765
ssvep_nakanishi,EEGNet,4096,2024,LOSO,6,0.0833333333333333,0.0833333333333333,0.0128205128205128,0.0,0.4900673400673401
ssvep_nakanishi,EEGNet,4096,2024,LOSO,7,0.0833333333333333,0.0833333333333333,0.0128205128205128,0.0,0.4944612794612794
ssvep_nakanishi,EEGNet,4096,2024,LOSO,8,0.0833333333333333,0.0833333333333333,0.0128205128205128,0.0,0.4971717171717172
ssvep_nakanishi,Patching_LogReg,4096,42,LOSO,0,0.0666666666666666,0.0666666666666666,0.0288649398121888,-0.018181818181818,0.4908754208754208
ssvep_nakanishi,Patching_LogReg,4096,42,LOSO,1,0.0666666666666666,0.0666666666666666,0.0185308161780982,-0.018181818181818,0.4550841750841751
ssvep_nakanishi,Patching_LogReg,4096,42,LOSO,2,0.0888888888888888,0.0888888888888888,0.0396562160590227,0.0060606060606061,0.4894949494949495
ssvep_nakanishi,Patching_LogReg,4096,42,LOSO,3,0.0833333333333333,0.0833333333333333,0.0128205128205128,0.0,0.5151851851851852
ssvep_nakanishi,Patching_LogReg,4096,42,LOSO,4,0.1111111111111111,0.1111111111111111,0.0470363371374932,0.0303030303030302,0.5136026936026935
ssvep_nakanishi,Patching_LogReg,4096,42,LOSO,5,0.0833333333333333,0.0833333333333333,0.031516290726817,0.0,0.5028619528619528
ssvep_nakanishi,Patching_LogReg,4096,42,LOSO,6,0.0888888888888888,0.0888888888888888,0.0249999999999999,0.0060606060606061,0.4863636363636364
ssvep_nakanishi,Patching_LogReg,4096,42,LOSO,7,0.0888888888888888,0.0888888888888888,0.0503325583112817,0.0060606060606061,0.4993265993265994
ssvep_nakanishi,Patching_LogReg,4096,42,LOSO,8,0.0666666666666666,0.0666666666666666,0.0440919504218737,-0.018181818181818,0.5038383838383839
ssvep_nakanishi,Patching_LogReg,4096,123,LOSO,0,0.0666666666666666,0.0666666666666666,0.0292430831285057,-0.018181818181818,0.4910437710437711
ssvep_nakanishi,Patching_LogReg,4096,123,LOSO,1,0.0666666666666666,0.0666666666666666,0.0185308161780982,-0.018181818181818,0.4551515151515151
ssvep_nakanishi,Patching_LogReg,4096,123,LOSO,2,0.0888888888888888,0.0888888888888888,0.0396562160590227,0.0060606060606061,0.4892255892255892
ssvep_nakanishi,Patching_LogReg,4096,123,LOSO,3,0.0833333333333333,0.0833333333333333,0.0128205128205128,0.0,0.5147474747474747
ssvep_nakanishi,Patching_LogReg,4096,123,LOSO,4,0.1111111111111111,0.1111111111111111,0.0470363371374932,0.0303030303030302,0.5137710437710438
ssvep_nakanishi,Patching_LogReg,4096,123,LOSO,5,0.0833333333333333,0.0833333333333333,0.031516290726817,0.0,0.5028282828282828
ssvep_nakanishi,Patching_LogReg,4096,123,LOSO,6,0.0888888888888888,0.0888888888888888,0.0249999999999999,0.0060606060606061,0.4861952861952862
ssvep_nakanishi,Patching_LogReg,4096,123,LOSO,7,0.0888888888888888,0.0888888888888888,0.0503325583112817,0.0060606060606061,0.4991245791245791
ssvep_nakanishi,Patching_LogReg,4096,123,LOSO,8,0.0666666666666666,0.0666666666666666,0.0442344909454333,-0.018181818181818,0.5037373737373737
ssvep_nakanishi,Patching_LogReg,4096,456,LOSO,0,0.0666666666666666,0.0666666666666666,0.0288649398121888,-0.018181818181818,0.491077441077441
ssvep_nakanishi,Patching_LogReg,4096,456,LOSO,1,0.0666666666666666,0.0666666666666666,0.0185308161780982,-0.018181818181818,0.4551851851851851
ssvep_nakanishi,Patching_LogReg,4096,456,LOSO,2,0.0888888888888888,0.0888888888888888,0.0396562160590227,0.0060606060606061,0.4894949494949496
ssvep_nakanishi,Patching_LogReg,4096,456,LOSO,3,0.0833333333333333,0.0833333333333333,0.0128205128205128,0.0,0.5147474747474746
ssvep_nakanishi,Patching_LogReg,4096,456,LOSO,4,0.1111111111111111,0.1111111111111111,0.0470363371374932,0.0303030303030302,0.5138047138047138
ssvep_nakanishi,Patching_LogReg,4096,456,LOSO,5,0.0833333333333333,0.0833333333333333,0.031516290726817,0.0,0.5027272727272727
ssvep_nakanishi,Patching_LogReg,4096,456,LOSO,6,0.0888888888888888,0.0888888888888888,0.0249999999999999,0.0060606060606061,0.4863299663299663
ssvep_nakanishi,Patching_LogReg,4096,456,LOSO,7,0.0888888888888888,0.0888888888888888,0.0503325583112817,0.0060606060606061,0.4990235690235691
ssvep_nakanishi,Patching_LogReg,4096,456,LOSO,8,0.0666666666666666,0.0666666666666666,0.0442344909454333,-0.018181818181818,0.5039057239057239
ssvep_nakanishi,Patching_LogReg,4096,789,LOSO,0,0.0666666666666666,0.0666666666666666,0.0288649398121888,-0.018181818181818,0.4908417508417508
ssvep_nakanishi,Patching_LogReg,4096,789,LOSO,1,0.0666666666666666,0.0666666666666666,0.0185308161780982,-0.018181818181818,0.4551851851851852
ssvep_nakanishi,Patching_LogReg,4096,789,LOSO,2,0.0833333333333333,0.0833333333333333,0.0371490197647241,0.0,0.4894612794612794
ssvep_nakanishi,Patching_LogReg,4096,789,LOSO,3,0.0833333333333333,0.0833333333333333,0.0128205128205128,0.0,0.515016835016835
ssvep_nakanishi,Patching_LogReg,4096,789,LOSO,4,0.1111111111111111,0.1111111111111111,0.0470363371374932,0.0303030303030302,0.5136026936026935
ssvep_nakanishi,Patching_LogReg,4096,789,LOSO,5,0.0833333333333333,0.0833333333333333,0.031516290726817,0.0,0.502962962962963
ssvep_nakanishi,Patching_LogReg,4096,789,LOSO,6,0.0888888888888888,0.0888888888888888,0.0249946132299073,0.0060606060606061,0.4861952861952861
ssvep_nakanishi,Patching_LogReg,4096,789,LOSO,7,0.0888888888888888,0.0888888888888888,0.0504179991861962,0.0060606060606061,0.4992592592592593
ssvep_nakanishi,Patching_LogReg,4096,789,LOSO,8,0.0666666666666666,0.0666666666666666,0.0441922888555454,-0.018181818181818,0.5038720538720538
ssvep_nakanishi,Patching_LogReg,4096,2024,LOSO,0,0.0666666666666666,0.0666666666666666,0.0291665904280948,-0.018181818181818,0.491144781144781
ssvep_nakanishi,Patching_LogReg,4096,2024,LOSO,1,0.0666666666666666,0.0666666666666666,0.0185308161780982,-0.018181818181818,0.4548148148148148
ssvep_nakanishi,Patching_LogReg,4096,2024,LOSO,2,0.0888888888888888,0.0888888888888888,0.0396813415382255,0.0060606060606062,0.4894276094276094
ssvep_nakanishi,Patching_LogReg,4096,2024,LOSO,3,0.0833333333333333,0.0833333333333333,0.0128205128205128,0.0,0.5153198653198653
ssvep_nakanishi,Patching_LogReg,4096,2024,LOSO,4,0.1111111111111111,0.1111111111111111,0.0470363371374932,0.0303030303030302,0.514006734006734
ssvep_nakanishi,Patching_LogReg,4096,2024,LOSO,5,0.0833333333333333,0.0833333333333333,0.031516290726817,0.0,0.502861952861953
ssvep_nakanishi,Patching_LogReg,4096,2024,LOSO,6,0.0888888888888888,0.0888888888888888,0.0249999999999999,0.0060606060606061,0.4861616161616162
ssvep_nakanishi,Patching_LogReg,4096,2024,LOSO,7,0.0888888888888888,0.0888888888888888,0.0504179991861962,0.0060606060606061,0.4995622895622896
ssvep_nakanishi,Patching_LogReg,4096,2024,LOSO,8,0.0666666666666666,0.0666666666666666,0.0442344909454333,-0.018181818181818,0.5037373737373737
ssvep_nakanishi,VQ_LogReg,4096,42,LOSO,0,0.0833333333333333,0.0833333333333333,0.0128205128205128,0.0,0.5018855218855219
ssvep_nakanishi,VQ_LogReg,4096,42,LOSO,1,0.0777777777777777,0.0777777777777777,0.028478908260329,-0.0060606060606061,0.4951178451178452
ssvep_nakanishi,VQ_LogReg,4096,42,LOSO,2,0.0888888888888888,0.0888888888888888,0.0338510101010101,0.0060606060606061,0.4978114478114477
ssvep_nakanishi,VQ_LogReg,4096,42,LOSO,3,0.0833333333333333,0.0833333333333333,0.0128205128205128,0.0,0.5015151515151516
ssvep_nakanishi,VQ_LogReg,4096,42,LOSO,4,0.0833333333333333,0.0833333333333333,0.0306267806267806,0.0,0.498956228956229
ssvep_nakanishi,VQ_LogReg,4096,42,LOSO,5,0.0944444444444444,0.0944444444444444,0.0329460824991334,0.012121212121212,0.5254545454545454
ssvep_nakanishi,VQ_LogReg,4096,42,LOSO,6,0.0833333333333333,0.0833333333333333,0.0128205128205128,0.0,0.5
ssvep_nakanishi,VQ_LogReg,4096,42,LOSO,7,0.0833333333333333,0.0833333333333333,0.0128205128205128,0.0,0.5027946127946129
ssvep_nakanishi,VQ_LogReg,4096,42,LOSO,8,0.0833333333333333,0.0833333333333333,0.0128205128205128,0.0,0.5
ssvep_nakanishi,VQ_LogReg,4096,123,LOSO,0,0.0833333333333333,0.0833333333333333,0.0128205128205128,0.0,0.5018855218855219
ssvep_nakanishi,VQ_LogReg,4096,123,LOSO,1,0.0777777777777777,0.0777777777777777,0.028478908260329,-0.0060606060606061,0.4951178451178452
ssvep_nakanishi,VQ_LogReg,4096,123,LOSO,2,0.0888888888888888,0.0888888888888888,0.0338510101010101,0.0060606060606061,0.4978114478114477
ssvep_nakanishi,VQ_LogReg,4096,123,LOSO,3,0.0833333333333333,0.0833333333333333,0.0128205128205128,0.0,0.5015151515151516
ssvep_nakanishi,VQ_LogReg,4096,123,LOSO,4,0.0833333333333333,0.0833333333333333,0.0306267806267806,0.0,0.498956228956229
ssvep_nakanishi,VQ_LogReg,4096,123,LOSO,5,0.0944444444444444,0.0944444444444444,0.0329460824991334,0.012121212121212,0.5254545454545454
ssvep_nakanishi,VQ_LogReg,4096,123,LOSO,6,0.0833333333333333,0.0833333333333333,0.0128205128205128,0.0,0.5
ssvep_nakanishi,VQ_LogReg,4096,123,LOSO,7,0.0833333333333333,0.0833333333333333,0.0128205128205128,0.0,0.5027946127946129
ssvep_nakanishi,VQ_LogReg,4096,123,LOSO,8,0.0833333333333333,0.0833333333333333,0.0128205128205128,0.0,0.5
ssvep_nakanishi,VQ_LogReg,4096,456,LOSO,0,0.0833333333333333,0.0833333333333333,0.0128205128205128,0.0,0.5018855218855219
ssvep_nakanishi,VQ_LogReg,4096,456,LOSO,1,0.0777777777777777,0.0777777777777777,0.028478908260329,-0.0060606060606061,0.4951178451178452
ssvep_nakanishi,VQ_LogReg,4096,456,LOSO,2,0.0888888888888888,0.0888888888888888,0.0338510101010101,0.0060606060606061,0.4978114478114477
ssvep_nakanishi,VQ_LogReg,4096,456,LOSO,3,0.0833333333333333,0.0833333333333333,0.0128205128205128,0.0,0.5015151515151516
ssvep_nakanishi,VQ_LogReg,4096,456,LOSO,4,0.0833333333333333,0.0833333333333333,0.0306267806267806,0.0,0.498956228956229
ssvep_nakanishi,VQ_LogReg,4096,456,LOSO,5,0.0944444444444444,0.0944444444444444,0.0329460824991334,0.012121212121212,0.5254545454545454
ssvep_nakanishi,VQ_LogReg,4096,456,LOSO,6,0.0833333333333333,0.0833333333333333,0.0128205128205128,0.0,0.5
ssvep_nakanishi,VQ_LogReg,4096,456,LOSO,7,0.0833333333333333,0.0833333333333333,0.0128205128205128,0.0,0.5027946127946129
ssvep_nakanishi,VQ_LogReg,4096,456,LOSO,8,0.0833333333333333,0.0833333333333333,0.0128205128205128,0.0,0.5
ssvep_nakanishi,VQ_LogReg,4096,789,LOSO,0,0.0833333333333333,0.0833333333333333,0.0128205128205128,0.0,0.5018855218855219
ssvep_nakanishi,VQ_LogReg,4096,789,LOSO,1,0.0777777777777777,0.0777777777777777,0.028478908260329,-0.0060606060606061,0.4951178451178452
ssvep_nakanishi,VQ_LogReg,4096,789,LOSO,2,0.0888888888888888,0.0888888888888888,0.0338510101010101,0.0060606060606061,0.4978114478114477
ssvep_nakanishi,VQ_LogReg,4096,789,LOSO,3,0.0833333333333333,0.0833333333333333,0.0128205128205128,0.0,0.5015151515151516
ssvep_nakanishi,VQ_LogReg,4096,789,LOSO,4,0.0833333333333333,0.0833333333333333,0.0306267806267806,0.0,0.498956228956229
ssvep_nakanishi,VQ_LogReg,4096,789,LOSO,5,0.0944444444444444,0.0944444444444444,0.0329460824991334,0.012121212121212,0.5254545454545454
ssvep_nakanishi,VQ_LogReg,4096,789,LOSO,6,0.0833333333333333,0.0833333333333333,0.0128205128205128,0.0,0.5
ssvep_nakanishi,VQ_LogReg,4096,789,LOSO,7,0.0833333333333333,0.0833333333333333,0.0128205128205128,0.0,0.5027946127946129
ssvep_nakanishi,VQ_LogReg,4096,789,LOSO,8,0.0833333333333333,0.0833333333333333,0.0128205128205128,0.0,0.5
ssvep_nakanishi,VQ_LogReg,4096,2024,LOSO,0,0.0833333333333333,0.0833333333333333,0.0128205128205128,0.0,0.5018855218855219
ssvep_nakanishi,VQ_LogReg,4096,2024,LOSO,1,0.0777777777777777,0.0777777777777777,0.028478908260329,-0.0060606060606061,0.4951178451178452
ssvep_nakanishi,VQ_LogReg,4096,2024,LOSO,2,0.0888888888888888,0.0888888888888888,0.0338510101010101,0.0060606060606061,0.4978114478114477
ssvep_nakanishi,VQ_LogReg,4096,2024,LOSO,3,0.0833333333333333,0.0833333333333333,0.0128205128205128,0.0,0.5015151515151516
ssvep_nakanishi,VQ_LogReg,4096,2024,LOSO,4,0.0833333333333333,0.0833333333333333,0.0306267806267806,0.0,0.498956228956229
ssvep_nakanishi,VQ_LogReg,4096,2024,LOSO,5,0.0944444444444444,0.0944444444444444,0.0329460824991334,0.012121212121212,0.5254545454545454
ssvep_nakanishi,VQ_LogReg,4096,2024,LOSO,6,0.0833333333333333,0.0833333333333333,0.0128205128205128,0.0,0.5
ssvep_nakanishi,VQ_LogReg,4096,2024,LOSO,7,0.0833333333333333,0.0833333333333333,0.0128205128205128,0.0,0.5027946127946129
ssvep_nakanishi,VQ_LogReg,4096,2024,LOSO,8,0.0833333333333333,0.0833333333333333,0.0128205128205128,0.0,0.5
ssvep_nakanishi,Chronos_Binning,4096,42,LOSO,0,0.0555555555555555,0.0555555555555555,0.0432394116604642,-0.0303030303030302,0.4826936026936027
ssvep_nakanishi,Chronos_Binning,4096,42,LOSO,1,0.0777777777777777,0.0777777777777777,0.0704052956465237,-0.0060606060606061,0.4783501683501683
ssvep_nakanishi,Chronos_Binning,4096,42,LOSO,2,0.0777777777777777,0.0777777777777777,0.0656439458273181,-0.0060606060606061,0.4973400673400672
ssvep_nakanishi,Chronos_Binning,4096,42,LOSO,3,0.0333333333333333,0.0333333333333333,0.0254822724366307,-0.0545454545454544,0.5126936026936028
ssvep_nakanishi,Chronos_Binning,4096,42,LOSO,4,0.1,0.1,0.090396101605779,0.0181818181818181,0.4785858585858586
ssvep_nakanishi,Chronos_Binning,4096,42,LOSO,5,0.0666666666666666,0.0666666666666666,0.0533915609744407,-0.018181818181818,0.4811784511784511
ssvep_nakanishi,Chronos_Binning,4096,42,LOSO,6,0.0555555555555555,0.0555555555555555,0.0446165027255127,-0.0303030303030302,0.4858585858585858
ssvep_nakanishi,Chronos_Binning,4096,42,LOSO,7,0.0666666666666666,0.0666666666666666,0.0627838326757162,-0.018181818181818,0.4935353535353536
ssvep_nakanishi,Chronos_Binning,4096,42,LOSO,8,0.0833333333333333,0.0833333333333333,0.0538159371492704,0.0,0.4976767676767677
ssvep_nakanishi,Chronos_Binning,4096,123,LOSO,0,0.0555555555555555,0.0555555555555555,0.0432394116604642,-0.0303030303030302,0.4826936026936027
ssvep_nakanishi,Chronos_Binning,4096,123,LOSO,1,0.0777777777777777,0.0777777777777777,0.0704052956465237,-0.0060606060606061,0.4783838383838383
ssvep_nakanishi,Chronos_Binning,4096,123,LOSO,2,0.0777777777777777,0.0777777777777777,0.0656439458273181,-0.0060606060606061,0.4973737373737372
ssvep_nakanishi,Chronos_Binning,4096,123,LOSO,3,0.0333333333333333,0.0333333333333333,0.0254822724366307,-0.0545454545454544,0.5126936026936028
ssvep_nakanishi,Chronos_Binning,4096,123,LOSO,4,0.1,0.1,0.090396101605779,0.0181818181818181,0.4786195286195286
ssvep_nakanishi,Chronos_Binning,4096,123,LOSO,5,0.0666666666666666,0.0666666666666666,0.0533915609744407,-0.018181818181818,0.4811784511784511
ssvep_nakanishi,Chronos_Binning,4096,123,LOSO,6,0.0555555555555555,0.0555555555555555,0.0446165027255127,-0.0303030303030302,0.4858585858585858
ssvep_nakanishi,Chronos_Binning,4096,123,LOSO,7,0.0666666666666666,0.0666666666666666,0.0627838326757162,-0.018181818181818,0.4935353535353536
ssvep_nakanishi,Chronos_Binning,4096,123,LOSO,8,0.0833333333333333,0.0833333333333333,0.0538159371492704,0.0,0.4976767676767677
ssvep_nakanishi,Chronos_Binning,4096,456,LOSO,0,0.0555555555555555,0.0555555555555555,0.0432394116604642,-0.0303030303030302,0.4826599326599326
ssvep_nakanishi,Chronos_Binning,4096,456,LOSO,1,0.0777777777777777,0.0777777777777777,0.0704052956465237,-0.0060606060606061,0.4783501683501683
ssvep_nakanishi,Chronos_Binning,4096,456,LOSO,2,0.0777777777777777,0.0777777777777777,0.0656439458273181,-0.0060606060606061,0.4973400673400672
ssvep_nakanishi,Chronos_Binning,4096,456,LOSO,3,0.0333333333333333,0.0333333333333333,0.0254822724366307,-0.0545454545454544,0.5126599326599327
ssvep_nakanishi,Chronos_Binning,4096,456,LOSO,4,0.1,0.1,0.090396101605779,0.0181818181818181,0.4786195286195285
ssvep_nakanishi,Chronos_Binning,4096,456,LOSO,5,0.0666666666666666,0.0666666666666666,0.0533915609744407,-0.018181818181818,0.4812121212121212
ssvep_nakanishi,Chronos_Binning,4096,456,LOSO,6,0.0555555555555555,0.0555555555555555,0.0446165027255127,-0.0303030303030302,0.4858585858585858
ssvep_nakanishi,Chronos_Binning,4096,456,LOSO,7,0.0666666666666666,0.0666666666666666,0.0627838326757162,-0.018181818181818,0.4935353535353536
ssvep_nakanishi,Chronos_Binning,4096,456,LOSO,8,0.0833333333333333,0.0833333333333333,0.0538159371492704,0.0,0.4976767676767677
ssvep_nakanishi,Chronos_Binning,4096,789,LOSO,0,0.0555555555555555,0.0555555555555555,0.0432394116604642,-0.0303030303030302,0.4826936026936027
ssvep_nakanishi,Chronos_Binning,4096,789,LOSO,1,0.0777777777777777,0.0777777777777777,0.0704052956465237,-0.0060606060606061,0.4783164983164982
ssvep_nakanishi,Chronos_Binning,4096,789,LOSO,2,0.0777777777777777,0.0777777777777777,0.0656439458273181,-0.0060606060606061,0.4973400673400672
ssvep_nakanishi,Chronos_Binning,4096,789,LOSO,3,0.0333333333333333,0.0333333333333333,0.0254822724366307,-0.0545454545454544,0.5126936026936028
ssvep_nakanishi,Chronos_Binning,4096,789,LOSO,4,0.1,0.1,0.090396101605779,0.0181818181818181,0.4786195286195286
ssvep_nakanishi,Chronos_Binning,4096,789,LOSO,5,0.0666666666666666,0.0666666666666666,0.0533915609744407,-0.018181818181818,0.4812121212121212
ssvep_nakanishi,Chronos_Binning,4096,789,LOSO,6,0.0555555555555555,0.0555555555555555,0.0446165027255127,-0.0303030303030302,0.4858754208754209
ssvep_nakanishi,Chronos_Binning,4096,789,LOSO,7,0.0666666666666666,0.0666666666666666,0.0627838326757162,-0.018181818181818,0.4935353535353536
ssvep_nakanishi,Chronos_Binning,4096,789,LOSO,8,0.0833333333333333,0.0833333333333333,0.0538159371492704,0.0,0.4976767676767677
ssvep_nakanishi,Chronos_Binning,4096,2024,LOSO,0,0.0555555555555555,0.0555555555555555,0.0432394116604642,-0.0303030303030302,0.4826936026936027
ssvep_nakanishi,Chronos_Binning,4096,2024,LOSO,1,0.0777777777777777,0.0777777777777777,0.0704052956465237,-0.0060606060606061,0.4783501683501683
ssvep_nakanishi,Chronos_Binning,4096,2024,LOSO,2,0.0777777777777777,0.0777777777777777,0.0656439458273181,-0.0060606060606061,0.4973400673400672
ssvep_nakanishi,Chronos_Binning,4096,2024,LOSO,3,0.0333333333333333,0.0333333333333333,0.0254822724366307,-0.0545454545454544,0.5126936026936028
ssvep_nakanishi,Chronos_Binning,4096,2024,LOSO,4,0.1,0.1,0.090396101605779,0.0181818181818181,0.4786026936026936
ssvep_nakanishi,Chronos_Binning,4096,2024,LOSO,5,0.0666666666666666,0.0666666666666666,0.0533915609744407,-0.018181818181818,0.4812121212121212
ssvep_nakanishi,Chronos_Binning,4096,2024,LOSO,6,0.0555555555555555,0.0555555555555555,0.0446165027255127,-0.0303030303030302,0.4858585858585858
ssvep_nakanishi,Chronos_Binning,4096,2024,LOSO,7,0.0666666666666666,0.0666666666666666,0.0627838326757162,-0.018181818181818,0.4935353535353536
ssvep_nakanishi,Chronos_Binning,4096,2024,LOSO,8,0.0833333333333333,0.0833333333333333,0.0538159371492704,0.0,0.4976767676767677
ssvep_nakanishi,PSD_LogReg,4096,42,LOSO,0,0.0722222222222222,0.0722222222222222,0.0510133385133385,-0.0121212121212122,0.6125589225589225
ssvep_nakanishi,PSD_LogReg,4096,42,LOSO,1,0.1277777777777777,0.1277777777777778,0.0864096003898635,0.0484848484848484,0.5764309764309764
ssvep_nakanishi,PSD_LogReg,4096,42,LOSO,2,0.1611111111111111,0.1611111111111111,0.1059262775412331,0.0848484848484848,0.7023905723905725
ssvep_nakanishi,PSD_LogReg,4096,42,LOSO,3,0.1722222222222222,0.1722222222222222,0.1307568909935833,0.0969696969696969,0.7558585858585857
ssvep_nakanishi,PSD_LogReg,4096,42,LOSO,4,0.1222222222222222,0.1222222222222222,0.0576752824011595,0.0424242424242424,0.593063973063973
ssvep_nakanishi,PSD_LogReg,4096,42,LOSO,5,0.2111111111111111,0.2111111111111111,0.1476812579150561,0.1393939393939395,0.7470707070707071
ssvep_nakanishi,PSD_LogReg,4096,42,LOSO,6,0.2055555555555555,0.2055555555555555,0.1824348808213932,0.133333333333333,0.7593265993265993
ssvep_nakanishi,PSD_LogReg,4096,42,LOSO,7,0.2555555555555555,0.2555555555555556,0.1925056600487635,0.1878787878787879,0.800942760942761
ssvep_nakanishi,PSD_LogReg,4096,42,LOSO,8,0.1722222222222222,0.1722222222222222,0.1521338756393104,0.0969696969696969,0.6282828282828282
ssvep_nakanishi,PSD_LogReg,4096,123,LOSO,0,0.0722222222222222,0.0722222222222222,0.0510133385133385,-0.0121212121212122,0.6126262626262626
ssvep_nakanishi,PSD_LogReg,4096,123,LOSO,1,0.1277777777777777,0.1277777777777778,0.0864096003898635,0.0484848484848484,0.5764646464646465
ssvep_nakanishi,PSD_LogReg,4096,123,LOSO,2,0.1611111111111111,0.1611111111111111,0.1059262775412331,0.0848484848484848,0.7022895622895623
ssvep_nakanishi,PSD_LogReg,4096,123,LOSO,3,0.1722222222222222,0.1722222222222222,0.1307568909935833,0.0969696969696969,0.7558249158249158
ssvep_nakanishi,PSD_LogReg,4096,123,LOSO,4,0.1222222222222222,0.1222222222222222,0.0576752824011595,0.0424242424242424,0.5931313131313131
ssvep_nakanishi,PSD_LogReg,4096,123,LOSO,5,0.2111111111111111,0.2111111111111111,0.1476812579150561,0.1393939393939395,0.747138047138047
ssvep_nakanishi,PSD_LogReg,4096,123,LOSO,6,0.2055555555555555,0.2055555555555555,0.1826552227921317,0.1333333333333332,0.7592255892255894
ssvep_nakanishi,PSD_LogReg,4096,123,LOSO,7,0.2555555555555555,0.2555555555555556,0.1925056600487635,0.1878787878787879,0.8010101010101011
ssvep_nakanishi,PSD_LogReg,4096,123,LOSO,8,0.1722222222222222,0.1722222222222222,0.1521338756393104,0.0969696969696969,0.6283164983164983
ssvep_nakanishi,PSD_LogReg,4096,456,LOSO,0,0.0722222222222222,0.0722222222222222,0.0510133385133385,-0.0121212121212122,0.6124242424242424
ssvep_nakanishi,PSD_LogReg,4096,456,LOSO,1,0.1277777777777777,0.1277777777777778,0.0864096003898635,0.0484848484848484,0.5764309764309764
ssvep_nakanishi,PSD_LogReg,4096,456,LOSO,2,0.1611111111111111,0.1611111111111111,0.1059262775412331,0.0848484848484848,0.7023232323232323
ssvep_nakanishi,PSD_LogReg,4096,456,LOSO,3,0.1722222222222222,0.1722222222222222,0.1307568909935833,0.0969696969696969,0.7557912457912456
ssvep_nakanishi,PSD_LogReg,4096,456,LOSO,4,0.1222222222222222,0.1222222222222222,0.0576752824011595,0.0424242424242424,0.5931649831649831
ssvep_nakanishi,PSD_LogReg,4096,456,LOSO,5,0.2111111111111111,0.2111111111111111,0.1476812579150561,0.1393939393939395,0.7471380471380472
ssvep_nakanishi,PSD_LogReg,4096,456,LOSO,6,0.2055555555555555,0.2055555555555555,0.1824348808213932,0.133333333333333,0.7592592592592594
ssvep_nakanishi,PSD_LogReg,4096,456,LOSO,7,0.2555555555555555,0.2555555555555556,0.1925056600487635,0.1878787878787879,0.8010437710437711
ssvep_nakanishi,PSD_LogReg,4096,456,LOSO,8,0.1722222222222222,0.1722222222222222,0.1521338756393104,0.0969696969696969,0.6283164983164983
ssvep_nakanishi,PSD_LogReg,4096,789,LOSO,0,0.0722222222222222,0.0722222222222222,0.0510133385133385,-0.0121212121212122,0.6126936026936026
ssvep_nakanishi,PSD_LogReg,4096,789,LOSO,1,0.1277777777777777,0.1277777777777778,0.0864096003898635,0.0484848484848484,0.5763299663299664
ssvep_nakanishi,PSD_LogReg,4096,789,LOSO,2,0.1611111111111111,0.1611111111111111,0.1059262775412331,0.0848484848484848,0.7023232323232323
ssvep_nakanishi,PSD_LogReg,4096,789,LOSO,3,0.1722222222222222,0.1722222222222222,0.1307568909935833,0.0969696969696969,0.7557575757575757
ssvep_nakanishi,PSD_LogReg,4096,789,LOSO,4,0.1222222222222222,0.1222222222222222,0.0576752824011595,0.0424242424242424,0.5931649831649832
ssvep_nakanishi,PSD_LogReg,4096,789,LOSO,5,0.2111111111111111,0.2111111111111111,0.1476812579150561,0.1393939393939395,0.746902356902357
ssvep_nakanishi,PSD_LogReg,4096,789,LOSO,6,0.2055555555555555,0.2055555555555555,0.1824348808213932,0.133333333333333,0.7592592592592592
ssvep_nakanishi,PSD_LogReg,4096,789,LOSO,7,0.2555555555555555,0.2555555555555556,0.1925056600487635,0.1878787878787879,0.801043771043771
ssvep_nakanishi,PSD_LogReg,4096,789,LOSO,8,0.1722222222222222,0.1722222222222222,0.1521338756393104,0.0969696969696969,0.6283164983164983
ssvep_nakanishi,PSD_LogReg,4096,2024,LOSO,0,0.0722222222222222,0.0722222222222222,0.0510133385133385,-0.0121212121212122,0.6125589225589224
ssvep_nakanishi,PSD_LogReg,4096,2024,LOSO,1,0.1277777777777777,0.1277777777777778,0.0864096003898635,0.0484848484848484,0.5763973063973064
ssvep_nakanishi,PSD_LogReg,4096,2024,LOSO,2,0.1611111111111111,0.1611111111111111,0.1059262775412331,0.0848484848484848,0.7023232323232323
ssvep_nakanishi,PSD_LogReg,4096,2024,LOSO,3,0.1722222222222222,0.1722222222222222,0.1307568909935833,0.0969696969696969,0.7558922558922557
ssvep_nakanishi,PSD_LogReg,4096,2024,LOSO,4,0.1222222222222222,0.1222222222222222,0.0576752824011595,0.0424242424242424,0.5931986531986532
ssvep_nakanishi,PSD_LogReg,4096,2024,LOSO,5,0.2111111111111111,0.2111111111111111,0.1476812579150561,0.1393939393939395,0.7470707070707072
ssvep_nakanishi,PSD_LogReg,4096,2024,LOSO,6,0.2055555555555555,0.2055555555555555,0.1824348808213932,0.133333333333333,0.7591919191919191
ssvep_nakanishi,PSD_LogReg,4096,2024,LOSO,7,0.2555555555555555,0.2555555555555556,0.1925056600487635,0.1878787878787879,0.8009090909090911
ssvep_nakanishi,PSD_LogReg,4096,2024,LOSO,8,0.1722222222222222,0.1722222222222222,0.1521338756393104,0.0969696969696969,0.6282828282828283
ssvep_nakanishi,SSVEP_FFT_LogReg,4096,42,LOSO,0,0.4777777777777778,0.4777777777777777,0.4666512947426925,0.4303030303030303,0.889023569023569
ssvep_nakanishi,SSVEP_FFT_LogReg,4096,42,LOSO,1,0.2166666666666666,0.2166666666666667,0.2082290382133803,0.1454545454545455,0.6606397306397306
ssvep_nakanishi,SSVEP_FFT_LogReg,4096,42,LOSO,2,0.6444444444444445,0.6444444444444445,0.6489133614655027,0.6121212121212121,0.9602020202020204
ssvep_nakanishi,SSVEP_FFT_LogReg,4096,42,LOSO,3,0.6277777777777778,0.6277777777777778,0.6271933702779661,0.593939393939394,0.9506397306397306
ssvep_nakanishi,SSVEP_FFT_LogReg,4096,42,LOSO,4,0.6555555555555556,0.6555555555555556,0.6529312155896841,0.6242424242424243,0.9605723905723904
ssvep_nakanishi,SSVEP_FFT_LogReg,4096,42,LOSO,5,0.85,0.8500000000000001,0.8531730256252601,0.8363636363636364,0.9908080808080808
ssvep_nakanishi,SSVEP_FFT_LogReg,4096,42,LOSO,6,0.8944444444444445,0.8944444444444445,0.8936742986033864,0.8848484848484849,0.994983164983165
ssvep_nakanishi,SSVEP_FFT_LogReg,4096,42,LOSO,7,0.9722222222222222,0.9722222222222222,0.9725621060437524,0.9696969696969696,0.9992929292929292
ssvep_nakanishi,SSVEP_FFT_LogReg,4096,42,LOSO,8,0.5722222222222222,0.5722222222222223,0.5623598640078303,0.5333333333333333,0.9342424242424242
ssvep_nakanishi,SSVEP_FFT_LogReg,4096,123,LOSO,0,0.4555555555555555,0.4555555555555555,0.4457984291673697,0.406060606060606,0.8885858585858585
ssvep_nakanishi,SSVEP_FFT_LogReg,4096,123,LOSO,1,0.2166666666666666,0.2166666666666666,0.2063981303298409,0.1454545454545455,0.6623232323232323
ssvep_nakanishi,SSVEP_FFT_LogReg,4096,123,LOSO,2,0.65,0.65,0.6516208147628134,0.6181818181818182,0.959023569023569
ssvep_nakanishi,SSVEP_FFT_LogReg,4096,123,LOSO,3,0.6277777777777778,0.6277777777777778,0.627245828310181,0.593939393939394,0.951010101010101
ssvep_nakanishi,SSVEP_FFT_LogReg,4096,123,LOSO,4,0.6555555555555556,0.6555555555555556,0.6513630904317179,0.6242424242424243,0.961919191919192
ssvep_nakanishi,SSVEP_FFT_LogReg,4096,123,LOSO,5,0.8444444444444444,0.8444444444444446,0.846962249889113,0.8303030303030303,0.9908754208754208
ssvep_nakanishi,SSVEP_FFT_LogReg,4096,123,LOSO,6,0.9055555555555556,0.9055555555555558,0.9051913023582936,0.896969696969697,0.995084175084175
ssvep_nakanishi,SSVEP_FFT_LogReg,4096,123,LOSO,7,0.9722222222222222,0.9722222222222222,0.9725621060437524,0.9696969696969696,0.9992255892255892
ssvep_nakanishi,SSVEP_FFT_LogReg,4096,123,LOSO,8,0.5666666666666667,0.5666666666666667,0.5561933370625899,0.5272727272727273,0.933838383838384
ssvep_nakanishi,SSVEP_FFT_LogReg,4096,456,LOSO,0,0.45,0.4499999999999999,0.4405137350076171,0.4,0.8900000000000001
ssvep_nakanishi,SSVEP_FFT_LogReg,4096,456,LOSO,1,0.2111111111111111,0.2111111111111111,0.2027502297635291,0.1393939393939394,0.6615488215488216
ssvep_nakanishi,SSVEP_FFT_LogReg,4096,456,LOSO,2,0.6444444444444445,0.6444444444444443,0.6465890210145145,0.6121212121212121,0.9584175084175084
ssvep_nakanishi,SSVEP_FFT_LogReg,4096,456,LOSO,3,0.6111111111111112,0.611111111111111,0.6095676850150668,0.5757575757575757,0.95013468013468
ssvep_nakanishi,SSVEP_FFT_LogReg,4096,456,LOSO,4,0.6444444444444445,0.6444444444444445,0.6382146461779606,0.6121212121212121,0.9609764309764308
ssvep_nakanishi,SSVEP_FFT_LogReg,4096,456,LOSO,5,0.8444444444444444,0.8444444444444446,0.847304734699498,0.8303030303030303,0.991077441077441
ssvep_nakanishi,SSVEP_FFT_LogReg,4096,456,LOSO,6,0.8888888888888888,0.888888888888889,0.8879289052571867,0.8787878787878788,0.9948148148148148
ssvep_nakanishi,SSVEP_FFT_LogReg,4096,456,LOSO,7,0.9722222222222222,0.9722222222222222,0.9725621060437524,0.9696969696969696,0.9992929292929292
ssvep_nakanishi,SSVEP_FFT_LogReg,4096,456,LOSO,8,0.5944444444444444,0.5944444444444444,0.5871318124098992,0.5575757575757576,0.9349831649831648
ssvep_nakanishi,SSVEP_FFT_LogReg,4096,789,LOSO,0,0.4611111111111111,0.4611111111111111,0.4496788290152628,0.4121212121212121,0.8877441077441076
ssvep_nakanishi,SSVEP_FFT_LogReg,4096,789,LOSO,1,0.2277777777777777,0.2277777777777777,0.2195275988219444,0.1575757575757576,0.6642424242424244
ssvep_nakanishi,SSVEP_FFT_LogReg,4096,789,LOSO,2,0.6444444444444445,0.6444444444444443,0.6452821781772932,0.6121212121212122,0.9592929292929292
ssvep_nakanishi,SSVEP_FFT_LogReg,4096,789,LOSO,3,0.6277777777777778,0.6277777777777779,0.6276612478983679,0.593939393939394,0.9507407407407408
ssvep_nakanishi,SSVEP_FFT_LogReg,4096,789,LOSO,4,0.6611111111111111,0.6611111111111112,0.658716942274817,0.6303030303030304,0.9595286195286196
ssvep_nakanishi,SSVEP_FFT_LogReg,4096,789,LOSO,5,0.8611111111111112,0.8611111111111112,0.8634665097841777,0.8484848484848485,0.9906397306397308
ssvep_nakanishi,SSVEP_FFT_LogReg,4096,789,LOSO,6,0.8888888888888888,0.888888888888889,0.8888328853046596,0.8787878787878788,0.9946801346801348
ssvep_nakanishi,SSVEP_FFT_LogReg,4096,789,LOSO,7,0.9722222222222222,0.9722222222222222,0.9725621060437524,0.9696969696969696,0.9993265993265992
ssvep_nakanishi,SSVEP_FFT_LogReg,4096,789,LOSO,8,0.5722222222222222,0.5722222222222222,0.5624939291036698,0.5333333333333333,0.934175084175084
ssvep_nakanishi,SSVEP_FFT_LogReg,4096,2024,LOSO,0,0.4722222222222222,0.4722222222222221,0.4596163940865997,0.4242424242424242,0.8876094276094276
ssvep_nakanishi,SSVEP_FFT_LogReg,4096,2024,LOSO,1,0.2111111111111111,0.2111111111111111,0.1961449993359038,0.1393939393939394,0.6617845117845117
ssvep_nakanishi,SSVEP_FFT_LogReg,4096,2024,LOSO,2,0.6222222222222222,0.6222222222222221,0.6273128201081919,0.5878787878787879,0.9607070707070706
ssvep_nakanishi,SSVEP_FFT_LogReg,4096,2024,LOSO,3,0.6222222222222222,0.6222222222222222,0.620318165558288,0.5878787878787879,0.9514478114478114
ssvep_nakanishi,SSVEP_FFT_LogReg,4096,2024,LOSO,4,0.65,0.65,0.6461663369111812,0.6181818181818182,0.96
ssvep_nakanishi,SSVEP_FFT_LogReg,4096,2024,LOSO,5,0.85,0.8500000000000001,0.8530189445882809,0.8363636363636364,0.9911111111111112
ssvep_nakanishi,SSVEP_FFT_LogReg,4096,2024,LOSO,6,0.8888888888888888,0.888888888888889,0.8885080645161291,0.8787878787878788,0.9948484848484846
ssvep_nakanishi,SSVEP_FFT_LogReg,4096,2024,LOSO,7,0.9666666666666668,0.9666666666666668,0.9667951162667516,0.9636363636363636,0.9993265993265992
ssvep_nakanishi,SSVEP_FFT_LogReg,4096,2024,LOSO,8,0.5833333333333334,0.5833333333333334,0.5724083130130314,0.5454545454545454,0.934848484848485
bci_iv_2a,BPE_Hist_LogReg,1024,42,LOSO,0,0.2690972222222222,0.2690972222222222,0.2617565062127563,0.0254629629629629,0.5252559960133745
bci_iv_2a,BPE_Hist_LogReg,1024,42,LOSO,1,0.25,0.25,0.2294619789299903,0.0,0.5089015882201646
bci_iv_2a,BPE_Hist_LogReg,1024,42,LOSO,2,0.2586805555555556,0.2586805555555556,0.254008508360112,0.011574074074074,0.5385159465020576
bci_iv_2a,BPE_Hist_LogReg,1024,123,LOSO,0,0.2604166666666667,0.2604166666666666,0.2516821762291028,0.0138888888888888,0.5252720711162552
bci_iv_2a,BPE_Hist_LogReg,1024,123,LOSO,1,0.2430555555555555,0.2430555555555555,0.2218198036543489,-0.0092592592592593,0.508933738425926
bci_iv_2a,BPE_Hist_LogReg,1024,123,LOSO,2,0.2552083333333333,0.2552083333333333,0.2522492415435087,0.0069444444444444,0.5384938432355967
bci_iv_2a,BPE_Hist_LogReg,1024,456,LOSO,0,0.2690972222222222,0.2690972222222222,0.2619354715903683,0.0254629629629629,0.5251856674382717
bci_iv_2a,BPE_Hist_LogReg,1024,456,LOSO,1,0.2430555555555555,0.2430555555555555,0.221078626820641,-0.0092592592592593,0.5088332690329218
bci_iv_2a,BPE_Hist_LogReg,1024,456,LOSO,2,0.2638888888888889,0.2638888888888889,0.2591911646333039,0.0185185185185184,0.538525993441358
bci_iv_2a,BPE_Hist_LogReg,1024,789,LOSO,0,0.2708333333333333,0.2708333333333333,0.2639326549978432,0.0277777777777777,0.5251997331532923
bci_iv_2a,BPE_Hist_LogReg,1024,789,LOSO,1,0.2430555555555555,0.2430555555555555,0.2207393803976035,-0.0092592592592593,0.5088533629115226
bci_iv_2a,BPE_Hist_LogReg,1024,789,LOSO,2,0.2638888888888889,0.2638888888888889,0.2580884913503913,0.0185185185185184,0.538453655478395
bci_iv_2a,BPE_Hist_LogReg,1024,2024,LOSO,0,0.2708333333333333,0.2708333333333333,0.2649440528057638,0.0277777777777777,0.5251977237654321
bci_iv_2a,BPE_Hist_LogReg,1024,2024,LOSO,1,0.2447916666666666,0.2447916666666666,0.2233018122455939,-0.0069444444444444,0.5088573816872427
bci_iv_2a,BPE_Hist_LogReg,1024,2024,LOSO,2,0.2604166666666667,0.2604166666666667,0.2551399705090728,0.0138888888888888,0.5385038901748971
bci_iv_2a,BPE_Hist_RF,1024,42,LOSO,0,0.2847222222222222,0.2847222222222222,0.284700134072006,0.0462962962962962,0.4922216595936214
bci_iv_2a,BPE_Hist_RF,1024,42,LOSO,1,0.2552083333333333,0.2552083333333333,0.255247767504734,0.0069444444444444,0.4885143389917695
bci_iv_2a,BPE_Hist_RF,1024,42,LOSO,2,0.2256944444444444,0.2256944444444444,0.2252813613020934,-0.0324074074074074,0.5045432259516461
bci_iv_2a,BPE_Hist_RF,1024,123,LOSO,0,0.2847222222222222,0.2847222222222222,0.284700134072006,0.0462962962962962,0.4922236689814815
bci_iv_2a,BPE_Hist_RF,1024,123,LOSO,1,0.2552083333333333,0.2552083333333333,0.255247767504734,0.0069444444444444,0.4885143389917695
bci_iv_2a,BPE_Hist_RF,1024,123,LOSO,2,0.2256944444444444,0.2256944444444444,0.2252813613020934,-0.0324074074074074,0.5045492541152263
bci_iv_2a,BPE_Hist_RF,1024,456,LOSO,0,0.2847222222222222,0.2847222222222222,0.284700134072006,0.0462962962962962,0.4922196502057613
bci_iv_2a,BPE_Hist_RF,1024,456,LOSO,1,0.2552083333333333,0.2552083333333333,0.255247767504734,0.0069444444444444,0.4885143389917695
bci_iv_2a,BPE_Hist_RF,1024,456,LOSO,2,0.2256944444444444,0.2256944444444444,0.2252813613020934,-0.0324074074074074,0.5045432259516461
bci_iv_2a,BPE_Hist_RF,1024,789,LOSO,0,0.2847222222222222,0.2847222222222222,0.284700134072006,0.0462962962962962,0.4922236689814815
bci_iv_2a,BPE_Hist_RF,1024,789,LOSO,1,0.2552083333333333,0.2552083333333333,0.255247767504734,0.0069444444444444,0.4885143389917695
bci_iv_2a,BPE_Hist_RF,1024,789,LOSO,2,0.2256944444444444,0.2256944444444444,0.2252813613020934,-0.0324074074074074,0.5045432259516461
bci_iv_2a,BPE_Hist_RF,1024,2024,LOSO,0,0.2847222222222222,0.2847222222222222,0.284700134072006,0.0462962962962962,0.4922196502057613
bci_iv_2a,BPE_Hist_RF,1024,2024,LOSO,1,0.2552083333333333,0.2552083333333333,0.255247767504734,0.0069444444444444,0.4885143389917695
bci_iv_2a,BPE_Hist_RF,1024,2024,LOSO,2,0.2256944444444444,0.2256944444444444,0.2252813613020934,-0.0324074074074074,0.5045432259516461
bci_iv_2a,BPE_Windowed_LogReg,1024,42,LOSO,0,0.3090277777777778,0.3090277777777777,0.3001605496675991,0.0787037037037037,0.5904505851337449
bci_iv_2a,BPE_Windowed_LogReg,1024,42,LOSO,1,0.2621527777777778,0.2621527777777778,0.2499743324576679,0.0162037037037037,0.5170918531378601
bci_iv_2a,BPE_Windowed_LogReg,1024,42,LOSO,2,0.3020833333333333,0.3020833333333333,0.3017737361085282,0.0694444444444444,0.5983997235082305
bci_iv_2a,BPE_Windowed_LogReg,1024,123,LOSO,0,0.3072916666666667,0.3072916666666666,0.2987607037375238,0.0763888888888888,0.5904666602366255
bci_iv_2a,BPE_Windowed_LogReg,1024,123,LOSO,1,0.2638888888888889,0.2638888888888889,0.2519567749698028,0.0185185185185184,0.5171280221193416
bci_iv_2a,BPE_Windowed_LogReg,1024,123,LOSO,2,0.3020833333333333,0.3020833333333333,0.3017737361085282,0.0694444444444444,0.5983957047325102
bci_iv_2a,BPE_Windowed_LogReg,1024,456,LOSO,0,0.3142361111111111,0.3142361111111111,0.3049705427518804,0.0856481481481481,0.590478716563786
bci_iv_2a,BPE_Windowed_LogReg,1024,456,LOSO,1,0.2621527777777778,0.2621527777777778,0.2498589520942301,0.0162037037037037,0.5171963413065844
bci_iv_2a,BPE_Windowed_LogReg,1024,456,LOSO,2,0.3020833333333333,0.3020833333333333,0.3017737361085282,0.0694444444444444,0.5984559863683128
bci_iv_2a,BPE_Windowed_LogReg,1024,789,LOSO,0,0.3072916666666667,0.3072916666666666,0.2987607037375238,0.0763888888888888,0.5904706790123457
bci_iv_2a,BPE_Windowed_LogReg,1024,789,LOSO,1,0.2638888888888889,0.2638888888888889,0.2518906325350014,0.0185185185185184,0.5170677404835391
bci_iv_2a,BPE_Windowed_LogReg,1024,789,LOSO,2,0.3020833333333333,0.3020833333333333,0.3019491645146,0.0694444444444444,0.598411779835391
bci_iv_2a,BPE_Windowed_LogReg,1024,2024,LOSO,0,0.3090277777777778,0.3090277777777777,0.3001439083301011,0.0787037037037037,0.5904385288065844
bci_iv_2a,BPE_Windowed_LogReg,1024,2024,LOSO,1,0.2638888888888889,0.2638888888888889,0.2521013814345544,0.0185185185185184,0.5171199845679013
bci_iv_2a,BPE_Windowed_LogReg,1024,2024,LOSO,2,0.3020833333333333,0.3020833333333333,0.3017737361085282,0.0694444444444444,0.59838766718107
bci_iv_2a,BPE_WindowedSeq_CNN,1024,42,LOSO,0,0.2586805555555556,0.2586805555555556,0.1647674944204311,0.011574074074074,0.536108699845679
bci_iv_2a,BPE_WindowedSeq_CNN,1024,42,LOSO,1,0.3003472222222222,0.3003472222222222,0.2886291270294566,0.0671296296296296,0.5173852237654322
bci_iv_2a,BPE_WindowedSeq_CNN,1024,42,LOSO,2,0.3055555555555556,0.3055555555555556,0.2758857959585268,0.074074074074074,0.5766460905349795
bci_iv_2a,BPE_WindowedSeq_CNN,1024,123,LOSO,0,0.3072916666666667,0.3072916666666666,0.2605506048545384,0.0763888888888888,0.6066542888374485
bci_iv_2a,BPE_WindowedSeq_CNN,1024,123,LOSO,1,0.2604166666666667,0.2604166666666667,0.2330474661345456,0.0138888888888888,0.5050234696502057
bci_iv_2a,BPE_WindowedSeq_CNN,1024,123,LOSO,2,0.3107638888888889,0.3107638888888889,0.2752344596284966,0.0810185185185184,0.5974633487654321
bci_iv_2a,BPE_WindowedSeq_CNN,1024,456,LOSO,0,0.2899305555555556,0.2899305555555555,0.2789115280608182,0.0532407407407407,0.5949114261831275
bci_iv_2a,BPE_WindowedSeq_CNN,1024,456,LOSO,1,0.28125,0.28125,0.2666839698167651,0.0416666666666666,0.516943158436214
bci_iv_2a,BPE_WindowedSeq_CNN,1024,456,LOSO,2,0.2604166666666667,0.2604166666666667,0.2227811586684393,0.0138888888888888,0.5258286715534979
bci_iv_2a,BPE_WindowedSeq_CNN,1024,789,LOSO,0,0.2743055555555556,0.2743055555555556,0.2302051582238548,0.0324074074074074,0.5797003600823045
bci_iv_2a,BPE_WindowedSeq_CNN,1024,789,LOSO,1,0.2795138888888889,0.2795138888888889,0.2667525915314783,0.0393518518518518,0.5166698816872428
bci_iv_2a,BPE_WindowedSeq_CNN,1024,789,LOSO,2,0.3524305555555556,0.3524305555555556,0.2905324248447457,0.136574074074074,0.628098476080247
bci_iv_2a,BPE_WindowedSeq_CNN,1024,2024,LOSO,0,0.3003472222222222,0.3003472222222222,0.273654957422861,0.0671296296296296,0.6017634387860082
bci_iv_2a,BPE_WindowedSeq_CNN,1024,2024,LOSO,1,0.28125,0.28125,0.2645355500403231,0.0416666666666666,0.5151105967078189
bci_iv_2a,BPE_WindowedSeq_CNN,1024,2024,LOSO,2,0.3159722222222222,0.3159722222222222,0.3097682498970575,0.0879629629629629,0.5878544560185185
bci_iv_2a,BPE_Bigram_LogReg,1024,42,LOSO,0,0.2621527777777778,0.2621527777777778,0.195046768707483,0.0162037037037037,0.5593452610596708
bci_iv_2a,BPE_Bigram_LogReg,1024,42,LOSO,1,0.2465277777777778,0.2465277777777778,0.1595829991980754,-0.0046296296296295,0.5075352044753085
bci_iv_2a,BPE_Bigram_LogReg,1024,42,LOSO,2,0.3159722222222222,0.3159722222222222,0.2437448294880044,0.0879629629629629,0.5915035043724279
bci_iv_2a,BPE_Bigram_LogReg,1024,123,LOSO,0,0.2638888888888889,0.2638888888888889,0.2238804585268605,0.0185185185185184,0.5594658243312757
bci_iv_2a,BPE_Bigram_LogReg,1024,123,LOSO,1,0.2569444444444444,0.2569444444444444,0.1700349754629504,0.0092592592592593,0.5075412326388888
bci_iv_2a,BPE_Bigram_LogReg,1024,123,LOSO,2,0.25,0.25,0.1,0.0,0.5915396733539096
bci_iv_2a,BPE_Bigram_LogReg,1024,456,LOSO,0,0.2690972222222222,0.2690972222222222,0.1814929480564155,0.0254629629629629,0.5594778806584362
bci_iv_2a,BPE_Bigram_LogReg,1024,456,LOSO,1,0.2447916666666666,0.2447916666666666,0.159344845099035,-0.0069444444444444,0.5075492701903292
bci_iv_2a,BPE_Bigram_LogReg,1024,456,LOSO,2,0.2725694444444444,0.2725694444444444,0.1710718476313339,0.0300925925925925,0.5915035043724279
bci_iv_2a,BPE_Bigram_LogReg,1024,789,LOSO,0,0.2586805555555556,0.2586805555555555,0.1251074879741177,0.011574074074074,0.5592809606481481
bci_iv_2a,BPE_Bigram_LogReg,1024,789,LOSO,1,0.2482638888888889,0.2482638888888889,0.1148370448864693,-0.0023148148148148,0.5075552983539094
bci_iv_2a,BPE_Bigram_LogReg,1024,789,LOSO,2,0.3194444444444444,0.3194444444444444,0.2231478889122201,0.0925925925925925,0.5914974762088477
bci_iv_2a,BPE_Bigram_LogReg,1024,2024,LOSO,0,0.2899305555555556,0.2899305555555556,0.2294615120370628,0.0532407407407407,0.5593653549382716
bci_iv_2a,BPE_Bigram_LogReg,1024,2024,LOSO,1,0.2604166666666667,0.2604166666666667,0.1464372942550706,0.0138888888888888,0.5075231481481481
bci_iv_2a,BPE_Bigram_LogReg,1024,2024,LOSO,2,0.2517361111111111,0.2517361111111111,0.1035873579204834,0.0023148148148147,0.5915477109053497
bci_iv_2a,BPE_Seq_CNN,1024,42,LOSO,0,0.2621527777777778,0.2621527777777778,0.1336053925881239,0.0162037037037037,0.5264515817901235
bci_iv_2a,BPE_Seq_CNN,1024,42,LOSO,1,0.2517361111111111,0.2517361111111111,0.10370320906628,0.0023148148148147,0.5396854102366255
bci_iv_2a,BPE_Seq_CNN,1024,42,LOSO,2,0.2552083333333333,0.2552083333333333,0.174634086026491,0.0069444444444444,0.5165332433127572
bci_iv_2a,BPE_Seq_CNN,1024,123,LOSO,0,0.2552083333333333,0.2552083333333333,0.1494142572889453,0.0069444444444444,0.5266967271090535
bci_iv_2a,BPE_Seq_CNN,1024,123,LOSO,1,0.2465277777777778,0.2465277777777777,0.1055814658931483,-0.0046296296296295,0.5002732767489713
bci_iv_2a,BPE_Seq_CNN,1024,123,LOSO,2,0.2517361111111111,0.2517361111111111,0.1035873579204834,0.0023148148148147,0.4942571694958847
bci_iv_2a,BPE_Seq_CNN,1024,456,LOSO,0,0.2309027777777778,0.2309027777777778,0.1373416774708287,-0.025462962962963,0.506518454218107
bci_iv_2a,BPE_Seq_CNN,1024,456,LOSO,1,0.2517361111111111,0.2517361111111111,0.1156386665940806,0.0023148148148147,0.5119176793981481
bci_iv_2a,BPE_Seq_CNN,1024,456,LOSO,2,0.2586805555555556,0.2586805555555556,0.1647940848444793,0.011574074074074,0.5256779674639918
bci_iv_2a,BPE_Seq_CNN,1024,789,LOSO,0,0.2430555555555555,0.2430555555555555,0.1380716959876506,-0.0092592592592593,0.5030783822016461
bci_iv_2a,BPE_Seq_CNN,1024,789,LOSO,1,0.2465277777777778,0.2465277777777777,0.1384303825561073,-0.0046296296296295,0.5095104327417695
bci_iv_2a,BPE_Seq_CNN,1024,789,LOSO,2,0.2482638888888889,0.2482638888888888,0.1442292739379473,-0.0023148148148148,0.5251535172325102
bci_iv_2a,BPE_Seq_CNN,1024,2024,LOSO,0,0.2534722222222222,0.2534722222222222,0.1497661016949152,0.0046296296296296,0.4993328832304527
bci_iv_2a,BPE_Seq_CNN,1024,2024,LOSO,1,0.2395833333333333,0.2395833333333333,0.1342400047082826,-0.0138888888888888,0.5132438753858024
bci_iv_2a,BPE_Seq_CNN,1024,2024,LOSO,2,0.2743055555555556,0.2743055555555556,0.1786027779212061,0.0324074074074074,0.5378206983024691
bci_iv_2a,BPE_Seq_Transformer,1024,42,LOSO,0,0.265625,0.265625,0.1974727750078116,0.0208333333333333,0.5429988908179013
bci_iv_2a,BPE_Seq_Transformer,1024,42,LOSO,1,0.25,0.25,0.1,0.0,0.4893180941358025
bci_iv_2a,BPE_Seq_Transformer,1024,42,LOSO,2,0.25,0.25,0.1,0.0,0.5396130722736625
bci_iv_2a,BPE_Seq_Transformer,1024,123,LOSO,0,0.25,0.25,0.1,0.0,0.5197422357253085
bci_iv_2a,BPE_Seq_Transformer,1024,123,LOSO,1,0.25,0.25,0.1,0.0,0.5071694958847737
bci_iv_2a,BPE_Seq_Transformer,1024,123,LOSO,2,0.2638888888888889,0.2638888888888889,0.149910213972004,0.0185185185185184,0.5491415895061729
bci_iv_2a,BPE_Seq_Transformer,1024,456,LOSO,0,0.2517361111111111,0.2517361111111111,0.10370320906628,0.0023148148148147,0.5245928980195473
bci_iv_2a,BPE_Seq_Transformer,1024,456,LOSO,1,0.2690972222222222,0.2690972222222222,0.1758892613674713,0.0254629629629629,0.5091025270061729
bci_iv_2a,BPE_Seq_Transformer,1024,456,LOSO,2,0.2465277777777778,0.2465277777777777,0.2081157949758632,-0.0046296296296295,0.5370812435699589
bci_iv_2a,BPE_Seq_Transformer,1024,789,LOSO,0,0.25,0.25,0.1,0.0,0.5551978845164609
bci_iv_2a,BPE_Seq_Transformer,1024,789,LOSO,1,0.25,0.25,0.1,0.0,0.5364382394547325
bci_iv_2a,BPE_Seq_Transformer,1024,789,LOSO,2,0.2795138888888889,0.2795138888888889,0.1824692588899966,0.0393518518518518,0.5566486625514403
bci_iv_2a,BPE_Seq_Transformer,1024,2024,LOSO,0,0.25,0.25,0.1001390820584144,0.0,0.526781121399177
bci_iv_2a,BPE_Seq_Transformer,1024,2024,LOSO,1,0.2951388888888889,0.2951388888888889,0.2373051816223549,0.0601851851851852,0.5125787680041152
bci_iv_2a,BPE_Seq_Transformer,1024,2024,LOSO,2,0.28125,0.28125,0.2136248736097067,0.0416666666666666,0.5580914030349795
bci_iv_2a,BPE_Seq_CW_Transformer,1024,42,LOSO,0,0.25,0.25,0.1,0.0,0.4795303658693415
bci_iv_2a,BPE_Seq_CW_Transformer,1024,42,LOSO,1,0.25,0.25,0.1,0.0,0.5307657375257202
bci_iv_2a,BPE_Seq_CW_Transformer,1024,42,LOSO,2,0.25,0.25,0.1,0.0,0.5927935313786008
bci_iv_2a,BPE_Seq_CW_Transformer,1024,123,LOSO,0,0.25,0.25,0.1,0.0,0.5085579828960906
bci_iv_2a,BPE_Seq_CW_Transformer,1024,123,LOSO,1,0.25,0.25,0.1,0.0,0.5213959619341564
bci_iv_2a,BPE_Seq_CW_Transformer,1024,123,LOSO,2,0.25,0.25,0.1,0.0,0.4515998746141976
bci_iv_2a,BPE_Seq_CW_Transformer,1024,456,LOSO,0,0.25,0.25,0.1,0.0,0.4910964023919753
bci_iv_2a,BPE_Seq_CW_Transformer,1024,456,LOSO,1,0.25,0.25,0.1,0.0,0.4981594007201646
bci_iv_2a,BPE_Seq_CW_Transformer,1024,456,LOSO,2,0.25,0.25,0.1,0.0,0.5248400527263375
bci_iv_2a,BPE_Seq_CW_Transformer,1024,789,LOSO,0,0.25,0.25,0.1,0.0,0.5000522440843621
bci_iv_2a,BPE_Seq_CW_Transformer,1024,789,LOSO,1,0.25,0.25,0.1,0.0,0.5041956018518519
bci_iv_2a,BPE_Seq_CW_Transformer,1024,789,LOSO,2,0.25,0.25,0.1,0.0,0.4560948752572016
bci_iv_2a,BPE_Seq_CW_Transformer,1024,2024,LOSO,0,0.25,0.25,0.1,0.0,0.4337323977623457
bci_iv_2a,BPE_Seq_CW_Transformer,1024,2024,LOSO,1,0.25,0.25,0.1,0.0,0.4959671585648148
bci_iv_2a,BPE_Seq_CW_Transformer,1024,2024,LOSO,2,0.25,0.25,0.1,0.0,0.4853153935185185
bci_iv_2a,CSP_LDA,1024,42,LOSO,0,0.5451388888888888,0.5451388888888888,0.5259338226995882,0.3935185185185185,0.8545645254629629
bci_iv_2a,CSP_LDA,1024,42,LOSO,1,0.25,0.25,0.1390025187353647,0.0,0.5005224408436213
bci_iv_2a,CSP_LDA,1024,42,LOSO,2,0.4722222222222222,0.4722222222222222,0.4421968618887296,0.2962962962962963,0.7440361368312757
bci_iv_2a,CSP_LDA,1024,123,LOSO,0,0.5451388888888888,0.5451388888888888,0.5259338226995882,0.3935185185185185,0.8545645254629629
bci_iv_2a,CSP_LDA,1024,123,LOSO,1,0.25,0.25,0.1390025187353647,0.0,0.5005224408436213
bci_iv_2a,CSP_LDA,1024,123,LOSO,2,0.4722222222222222,0.4722222222222222,0.4421968618887296,0.2962962962962963,0.7440361368312757
bci_iv_2a,CSP_LDA,1024,456,LOSO,0,0.5451388888888888,0.5451388888888888,0.5259338226995882,0.3935185185185185,0.8545645254629629
bci_iv_2a,CSP_LDA,1024,456,LOSO,1,0.25,0.25,0.1390025187353647,0.0,0.5005224408436213
bci_iv_2a,CSP_LDA,1024,456,LOSO,2,0.4722222222222222,0.4722222222222222,0.4421968618887296,0.2962962962962963,0.7440361368312757
bci_iv_2a,CSP_LDA,1024,789,LOSO,0,0.5451388888888888,0.5451388888888888,0.5259338226995882,0.3935185185185185,0.8545645254629629
bci_iv_2a,CSP_LDA,1024,789,LOSO,1,0.25,0.25,0.1390025187353647,0.0,0.5005224408436213
bci_iv_2a,CSP_LDA,1024,789,LOSO,2,0.4722222222222222,0.4722222222222222,0.4421968618887296,0.2962962962962963,0.7440361368312757
bci_iv_2a,CSP_LDA,1024,2024,LOSO,0,0.5451388888888888,0.5451388888888888,0.5259338226995882,0.3935185185185185,0.8545645254629629
bci_iv_2a,CSP_LDA,1024,2024,LOSO,1,0.25,0.25,0.1390025187353647,0.0,0.5005224408436213
bci_iv_2a,CSP_LDA,1024,2024,LOSO,2,0.4722222222222222,0.4722222222222222,0.4421968618887296,0.2962962962962963,0.7440361368312757
bci_iv_2a,EEGNet,1024,42,LOSO,0,0.6388888888888888,0.6388888888888888,0.6267418238414122,0.5185185185185186,0.8688914609053497
bci_iv_2a,EEGNet,1024,42,LOSO,1,0.2795138888888889,0.2795138888888889,0.1967074532177408,0.0393518518518518,0.5230918852880658
bci_iv_2a,EEGNet,1024,42,LOSO,2,0.4895833333333333,0.4895833333333333,0.4816027795378463,0.3194444444444444,0.7760617605452675
bci_iv_2a,EEGNet,1024,123,LOSO,0,0.5902777777777778,0.5902777777777777,0.5860988666934873,0.4537037037037037,0.8437861689814814
bci_iv_2a,EEGNet,1024,123,LOSO,1,0.2777777777777778,0.2777777777777778,0.1872949486085763,0.037037037037037,0.5263310185185185
bci_iv_2a,EEGNet,1024,123,LOSO,2,0.5486111111111112,0.5486111111111112,0.5196893048084812,0.3981481481481481,0.825022505144033
bci_iv_2a,EEGNet,1024,456,LOSO,0,0.6163194444444444,0.6163194444444444,0.5820767136143047,0.4884259259259259,0.8296360596707819
bci_iv_2a,EEGNet,1024,456,LOSO,1,0.2829861111111111,0.2829861111111111,0.1823520008178467,0.0439814814814815,0.5332835005144033
bci_iv_2a,EEGNet,1024,456,LOSO,2,0.5243055555555556,0.5243055555555556,0.5388611388611388,0.3657407407407407,0.8032608346193415
bci_iv_2a,EEGNet,1024,789,LOSO,0,0.6076388888888888,0.607638888888889,0.5572025050581974,0.4768518518518518,0.8053465792181069
bci_iv_2a,EEGNet,1024,789,LOSO,1,0.2673611111111111,0.2673611111111111,0.1838076203834587,0.0231481481481481,0.5437122235082306
bci_iv_2a,EEGNet,1024,789,LOSO,2,0.4722222222222222,0.4722222222222222,0.4859744514422575,0.2962962962962963,0.7907825360082305
bci_iv_2a,EEGNet,1024,2024,LOSO,0,0.6475694444444444,0.6475694444444444,0.6389331991396995,0.5300925925925926,0.8736617476851851
bci_iv_2a,EEGNet,1024,2024,LOSO,1,0.2690972222222222,0.2690972222222222,0.1772136799925449,0.0254629629629629,0.5518221129115226
bci_iv_2a,EEGNet,1024,2024,LOSO,2,0.5104166666666666,0.5104166666666667,0.4861660212310603,0.3472222222222222,0.7947249549897121
bci_iv_2a,Patching_LogReg,1024,42,LOSO,0,0.4010416666666667,0.4010416666666667,0.395750448704833,0.2013888888888888,0.6722768775720165
bci_iv_2a,Patching_LogReg,1024,42,LOSO,1,0.2586805555555556,0.2586805555555556,0.2169651364444313,0.011574074074074,0.4962464634773663
bci_iv_2a,Patching_LogReg,1024,42,LOSO,2,0.4201388888888889,0.4201388888888888,0.4187048296131203,0.2268518518518518,0.6844899369855967
bci_iv_2a,Patching_LogReg,1024,123,LOSO,0,0.4010416666666667,0.4010416666666667,0.395750448704833,0.2013888888888888,0.6722969714506173
bci_iv_2a,Patching_LogReg,1024,123,LOSO,1,0.2586805555555556,0.2586805555555556,0.2169329750307848,0.011574074074074,0.496190200617284
bci_iv_2a,Patching_LogReg,1024,123,LOSO,2,0.4184027777777778,0.4184027777777778,0.417199087978039,0.2245370370370371,0.6844778806584363
bci_iv_2a,Patching_LogReg,1024,456,LOSO,0,0.4010416666666667,0.4010416666666667,0.395750448704833,0.2013888888888888,0.6723492155349794
bci_iv_2a,Patching_LogReg,1024,456,LOSO,1,0.2586805555555556,0.2586805555555556,0.2169329750307848,0.011574074074074,0.4961500128600823
bci_iv_2a,Patching_LogReg,1024,456,LOSO,2,0.4201388888888889,0.4201388888888888,0.4187048296131203,0.2268518518518518,0.6844376929012346
bci_iv_2a,Patching_LogReg,1024,789,LOSO,0,0.4010416666666667,0.4010416666666667,0.395750448704833,0.2013888888888888,0.6723009902263374
bci_iv_2a,Patching_LogReg,1024,789,LOSO,1,0.2586805555555556,0.2586805555555556,0.2169329750307848,0.011574074074074,0.4962665573559671
bci_iv_2a,Patching_LogReg,1024,789,LOSO,2,0.4184027777777778,0.4184027777777778,0.417199087978039,0.2245370370370371,0.6844256365740741
bci_iv_2a,Patching_LogReg,1024,2024,LOSO,0,0.4010416666666667,0.4010416666666667,0.395750448704833,0.2013888888888888,0.6722608024691358
bci_iv_2a,Patching_LogReg,1024,2024,LOSO,1,0.2586805555555556,0.2586805555555556,0.2169031248869009,0.011574074074074,0.4961701067386831
bci_iv_2a,Patching_LogReg,1024,2024,LOSO,2,0.4184027777777778,0.4184027777777778,0.417199087978039,0.2245370370370371,0.6844618055555556
bci_iv_2a,VQ_LogReg,1024,42,LOSO,0,0.359375,0.359375,0.3069210411891467,0.1458333333333333,0.7185972865226338
bci_iv_2a,VQ_LogReg,1024,42,LOSO,1,0.2586805555555556,0.2586805555555556,0.2255362741872458,0.011574074074074,0.495800379372428
bci_iv_2a,VQ_LogReg,1024,42,LOSO,2,0.3298611111111111,0.3298611111111111,0.278114623457953,0.1064814814814815,0.6607309349279835
bci_iv_2a,VQ_LogReg,1024,123,LOSO,0,0.359375,0.359375,0.3069210411891467,0.1458333333333333,0.7186013052983539
bci_iv_2a,VQ_LogReg,1024,123,LOSO,1,0.2586805555555556,0.2586805555555556,0.2267554237927458,0.011574074074074,0.4957923418209877
bci_iv_2a,VQ_LogReg,1024,123,LOSO,2,0.3298611111111111,0.3298611111111111,0.2781401930300169,0.1064814814814815,0.6607208879886831
bci_iv_2a,VQ_LogReg,1024,456,LOSO,0,0.359375,0.359375,0.3069210411891467,0.1458333333333333,0.7185952771347737
bci_iv_2a,VQ_LogReg,1024,456,LOSO,1,0.2569444444444444,0.2569444444444445,0.2250476306250389,0.0092592592592593,0.4958043981481481
bci_iv_2a,VQ_LogReg,1024,456,LOSO,2,0.3298611111111111,0.3298611111111111,0.2783795399998847,0.1064814814814815,0.6607329443158436
bci_iv_2a,VQ_LogReg,1024,789,LOSO,0,0.359375,0.359375,0.3069210411891467,0.1458333333333333,0.7185932677469136
bci_iv_2a,VQ_LogReg,1024,789,LOSO,1,0.2586805555555556,0.2586805555555556,0.2267705331862277,0.011574074074074,0.4957923418209876
bci_iv_2a,VQ_LogReg,1024,789,LOSO,2,0.3298611111111111,0.3298611111111111,0.2782662276788113,0.1064814814814815,0.6607289255401234
bci_iv_2a,VQ_LogReg,1024,2024,LOSO,0,0.359375,0.359375,0.3069210411891467,0.1458333333333333,0.718603314686214
bci_iv_2a,VQ_LogReg,1024,2024,LOSO,1,0.2586805555555556,0.2586805555555556,0.226042818930135,0.011574074074074,0.4957963605967079
bci_iv_2a,VQ_LogReg,1024,2024,LOSO,2,0.3298611111111111,0.3298611111111111,0.2782662276788113,0.1064814814814815,0.6607228973765432
bci_iv_2a,Chronos_Binning,1024,42,LOSO,0,0.2673611111111111,0.2673611111111111,0.2599820883961853,0.0231481481481481,0.5000884130658436
bci_iv_2a,Chronos_Binning,1024,42,LOSO,1,0.234375,0.234375,0.2152742080808775,-0.0208333333333332,0.4916670685442387
bci_iv_2a,Chronos_Binning,1024,42,LOSO,2,0.2413194444444444,0.2413194444444444,0.2448633377041725,-0.0115740740740741,0.5120161394032922
bci_iv_2a,Chronos_Binning,1024,123,LOSO,0,0.2673611111111111,0.2673611111111111,0.2598563295445186,0.0231481481481481,0.5000884130658436
bci_iv_2a,Chronos_Binning,1024,123,LOSO,1,0.2378472222222222,0.2378472222222222,0.2191985330342162,-0.0162037037037037,0.4916429558899177
bci_iv_2a,Chronos_Binning,1024,123,LOSO,2,0.2413194444444444,0.2413194444444444,0.2446388434599445,-0.0115740740740741,0.5120161394032922
bci_iv_2a,Chronos_Binning,1024,456,LOSO,0,0.2673611111111111,0.2673611111111111,0.2598563295445186,0.0231481481481481,0.5000924318415638
bci_iv_2a,Chronos_Binning,1024,456,LOSO,1,0.2378472222222222,0.2378472222222222,0.2192319866633182,-0.0162037037037037,0.4916349183384774
bci_iv_2a,Chronos_Binning,1024,456,LOSO,2,0.2395833333333333,0.2395833333333333,0.2429211454852091,-0.0138888888888888,0.5120121206275721
bci_iv_2a,Chronos_Binning,1024,789,LOSO,0,0.2673611111111111,0.2673611111111111,0.2598563295445186,0.0231481481481481,0.5000924318415638
bci_iv_2a,Chronos_Binning,1024,789,LOSO,1,0.2361111111111111,0.2361111111111111,0.2166824116792946,-0.0185185185185186,0.4916369277263375
bci_iv_2a,Chronos_Binning,1024,789,LOSO,2,0.2395833333333333,0.2395833333333333,0.2429211454852091,-0.0138888888888888,0.5120081018518519
bci_iv_2a,Chronos_Binning,1024,2024,LOSO,0,0.265625,0.265625,0.2575717610928954,0.0208333333333333,0.5000924318415638
bci_iv_2a,Chronos_Binning,1024,2024,LOSO,1,0.2361111111111111,0.2361111111111111,0.2166824116792946,-0.0185185185185186,0.4916389371141975
bci_iv_2a,Chronos_Binning,1024,2024,LOSO,2,0.2395833333333333,0.2395833333333333,0.2429211454852091,-0.0138888888888888,0.5120141300154321
bci_iv_2a,PSD_LogReg,1024,42,LOSO,0,0.4635416666666667,0.4635416666666666,0.4328291312740442,0.2847222222222222,0.7427862975823045
bci_iv_2a,PSD_LogReg,1024,42,LOSO,1,0.2569444444444444,0.2569444444444444,0.1543852848572826,0.0092592592592593,0.5430571630658436
bci_iv_2a,PSD_LogReg,1024,42,LOSO,2,0.4722222222222222,0.4722222222222222,0.4517421799858381,0.2962962962962963,0.7829901298868313
bci_iv_2a,PSD_LogReg,1024,123,LOSO,0,0.4635416666666667,0.4635416666666666,0.4328291312740442,0.2847222222222222,0.7428787294238682
bci_iv_2a,PSD_LogReg,1024,123,LOSO,1,0.2569444444444444,0.2569444444444444,0.1543852848572826,0.0092592592592593,0.5430772569444445
bci_iv_2a,PSD_LogReg,1024,123,LOSO,2,0.4722222222222222,0.4722222222222222,0.4517421799858381,0.2962962962962963,0.7830865805041153
bci_iv_2a,PSD_LogReg,1024,456,LOSO,0,0.4635416666666667,0.4635416666666666,0.4329262683287068,0.2847222222222222,0.7427662037037037
bci_iv_2a,PSD_LogReg,1024,456,LOSO,1,0.2569444444444444,0.2569444444444444,0.1543852848572826,0.0092592592592593,0.5430611818415638
bci_iv_2a,PSD_LogReg,1024,456,LOSO,2,0.4722222222222222,0.4722222222222222,0.4517421799858381,0.2962962962962963,0.783006204989712
bci_iv_2a,PSD_LogReg,1024,789,LOSO,0,0.4635416666666667,0.4635416666666666,0.4329262683287068,0.2847222222222222,0.7428023726851852
bci_iv_2a,PSD_LogReg,1024,789,LOSO,1,0.2569444444444444,0.2569444444444444,0.1544023335624818,0.0092592592592593,0.5430330504115226
bci_iv_2a,PSD_LogReg,1024,789,LOSO,2,0.4722222222222222,0.4722222222222222,0.4517421799858381,0.2962962962962963,0.7830182613168725
bci_iv_2a,PSD_LogReg,1024,2024,LOSO,0,0.4635416666666667,0.4635416666666666,0.4329262683287068,0.2847222222222222,0.742822466563786
bci_iv_2a,PSD_LogReg,1024,2024,LOSO,1,0.2569444444444444,0.2569444444444444,0.1543852848572826,0.0092592592592593,0.5431013695987654
bci_iv_2a,PSD_LogReg,1024,2024,LOSO,2,0.4722222222222222,0.4722222222222222,0.4517421799858381,0.2962962962962963,0.7830504115226338
physionet_mi,BPE_Hist_LogReg,1024,42,5fold-subject,0,0.2555555555555555,0.2564229249011858,0.1754079254079254,0.0070805203359129,0.5260990757481291
physionet_mi,BPE_Hist_LogReg,1024,42,5fold-subject,1,0.2333333333333333,0.2283020421607378,0.1304209183673469,-0.0284862537263994,0.4922197874981113
physionet_mi,BPE_Hist_LogReg,1024,42,5fold-subject,2,0.2222222222222222,0.238095238095238,0.0961538461538461,-0.0172775714516388,0.4832360378373519
physionet_mi,BPE_Hist_LogReg,1024,123,5fold-subject,0,0.2555555555555555,0.2564229249011858,0.1754079254079254,0.0070805203359129,0.5259368434314516
physionet_mi,BPE_Hist_LogReg,1024,123,5fold-subject,1,0.2333333333333333,0.2283020421607378,0.1306088091802377,-0.0281456953642382,0.4928952141246249
physionet_mi,BPE_Hist_LogReg,1024,123,5fold-subject,2,0.2222222222222222,0.238095238095238,0.0961538461538461,-0.017441860465116,0.4830635050561235
physionet_mi,BPE_Hist_LogReg,1024,456,5fold-subject,0,0.2555555555555555,0.2564229249011858,0.1754079254079254,0.0070805203359129,0.5259368434314516
physionet_mi,BPE_Hist_LogReg,1024,456,5fold-subject,1,0.2222222222222222,0.238095238095238,0.0961538461538461,-0.0172775714516388,0.4828963927566583
physionet_mi,BPE_Hist_LogReg,1024,456,5fold-subject,2,0.2333333333333333,0.2283020421607378,0.1306088091802377,-0.0281456953642382,0.4928952141246249
physionet_mi,BPE_Hist_LogReg,1024,789,5fold-subject,0,0.2333333333333333,0.2283020421607378,0.1306088091802377,-0.0281456953642382,0.4930677469058533
physionet_mi,BPE_Hist_LogReg,1024,789,5fold-subject,1,0.2555555555555555,0.2564229249011858,0.1754079254079254,0.0070805203359129,0.5261093762126801
physionet_mi,BPE_Hist_LogReg,1024,789,5fold-subject,2,0.2222222222222222,0.238095238095238,0.0961538461538461,-0.017441860465116,0.4830635050561235
physionet_mi,BPE_Hist_LogReg,1024,2024,5fold-subject,0,0.2333333333333333,0.2283020421607378,0.1306088091802377,-0.0281456953642382,0.4934128124683101
physionet_mi,BPE_Hist_LogReg,1024,2024,5fold-subject,1,0.2222222222222222,0.238095238095238,0.0961538461538461,-0.0172775714516388,0.4828963927566582
physionet_mi,BPE_Hist_LogReg,1024,2024,5fold-subject,2,0.2555555555555555,0.2564229249011858,0.1754079254079254,0.0070805203359129,0.5261093762126801
physionet_mi,BPE_Hist_RF,1024,42,5fold-subject,0,0.2333333333333333,0.2279550159984942,0.2077556501469545,-0.0264462809917354,0.4562759609920306
physionet_mi,BPE_Hist_RF,1024,42,5fold-subject,1,0.3,0.299224778844344,0.2777181430863719,0.066205533596838,0.5376790347773428
physionet_mi,BPE_Hist_RF,1024,42,5fold-subject,2,0.2444444444444444,0.2450122341426689,0.236080586080586,-0.0070758597992433,0.4934754711891048
physionet_mi,BPE_Hist_RF,1024,123,5fold-subject,0,0.2333333333333333,0.2279550159984942,0.2077556501469545,-0.0264462809917354,0.4562759609920306
physionet_mi,BPE_Hist_RF,1024,123,5fold-subject,1,0.3,0.299224778844344,0.2777181430863719,0.066205533596838,0.5376790347773428
physionet_mi,BPE_Hist_RF,1024,123,5fold-subject,2,0.2444444444444444,0.2450122341426689,0.236080586080586,-0.0070758597992433,0.4934754711891048
physionet_mi,BPE_Hist_RF,1024,456,5fold-subject,0,0.2333333333333333,0.2279550159984942,0.2077556501469545,-0.0264462809917354,0.4562759609920306
physionet_mi,BPE_Hist_RF,1024,456,5fold-subject,1,0.2444444444444444,0.2450122341426689,0.236080586080586,-0.0070758597992433,0.4934754711891048
physionet_mi,BPE_Hist_RF,1024,456,5fold-subject,2,0.3,0.299224778844344,0.2777181430863719,0.066205533596838,0.5376790347773428
physionet_mi,BPE_Hist_RF,1024,789,5fold-subject,0,0.3,0.299224778844344,0.2777181430863719,0.066205533596838,0.5376790347773428
physionet_mi,BPE_Hist_RF,1024,789,5fold-subject,1,0.2333333333333333,0.2279550159984942,0.2077556501469545,-0.0264462809917354,0.4562759609920306
physionet_mi,BPE_Hist_RF,1024,789,5fold-subject,2,0.2444444444444444,0.2450122341426689,0.236080586080586,-0.0070758597992433,0.4934754711891048
physionet_mi,BPE_Hist_RF,1024,2024,5fold-subject,0,0.3,0.299224778844344,0.2777181430863719,0.066205533596838,0.5376790347773428
physionet_mi,BPE_Hist_RF,1024,2024,5fold-subject,1,0.2444444444444444,0.2450122341426689,0.236080586080586,-0.0070758597992433,0.4934754711891048
physionet_mi,BPE_Hist_RF,1024,2024,5fold-subject,2,0.2333333333333333,0.2279550159984942,0.2077556501469545,-0.0264462809917354,0.4562759609920306
physionet_mi,BPE_Windowed_LogReg,1024,42,5fold-subject,0,0.3111111111111111,0.3123882458121589,0.2564039408866995,0.0825386386057218,0.5927478460461721
physionet_mi,BPE_Windowed_LogReg,1024,42,5fold-subject,1,0.3222222222222222,0.3191699604743083,0.2146381578947368,0.0918114143920596,0.6469824246877678
physionet_mi,BPE_Windowed_LogReg,1024,42,5fold-subject,2,0.2111111111111111,0.2138504611330698,0.2006404438252842,-0.0470260527609371,0.5252074409247702
physionet_mi,BPE_Windowed_LogReg,1024,123,5fold-subject,0,0.3111111111111111,0.3123882458121589,0.2564039408866995,0.0825386386057218,0.5927478460461721
physionet_mi,BPE_Windowed_LogReg,1024,123,5fold-subject,1,0.3222222222222222,0.3191699604743083,0.2146381578947368,0.0918114143920596,0.6469824246877678
physionet_mi,BPE_Windowed_LogReg,1024,123,5fold-subject,2,0.2111111111111111,0.2138504611330698,0.2006404438252842,-0.0470260527609371,0.5240703868612121
physionet_mi,BPE_Windowed_LogReg,1024,456,5fold-subject,0,0.3111111111111111,0.3123882458121589,0.2564039408866995,0.0825386386057218,0.5927478460461721
physionet_mi,BPE_Windowed_LogReg,1024,456,5fold-subject,1,0.2111111111111111,0.2138504611330698,0.2006404438252842,-0.0470260527609371,0.5237503262617064
physionet_mi,BPE_Windowed_LogReg,1024,456,5fold-subject,2,0.3222222222222222,0.3191699604743083,0.2146381578947368,0.0918114143920596,0.6469824246877678
physionet_mi,BPE_Windowed_LogReg,1024,789,5fold-subject,0,0.3222222222222222,0.3191699604743083,0.2146381578947368,0.0918114143920596,0.6469824246877678
physionet_mi,BPE_Windowed_LogReg,1024,789,5fold-subject,1,0.3111111111111111,0.3123882458121589,0.2564039408866995,0.0825386386057218,0.5927478460461721
physionet_mi,BPE_Windowed_LogReg,1024,789,5fold-subject,2,0.2111111111111111,0.2138504611330698,0.2006404438252842,-0.0470260527609371,0.5239081545445347
physionet_mi,BPE_Windowed_LogReg,1024,2024,5fold-subject,0,0.3222222222222222,0.3191699604743083,0.2146381578947368,0.0918114143920596,0.6469824246877678
physionet_mi,BPE_Windowed_LogReg,1024,2024,5fold-subject,1,0.2111111111111111,0.2138504611330698,0.2006404438252842,-0.0470260527609371,0.5237459222278572
physionet_mi,BPE_Windowed_LogReg,1024,2024,5fold-subject,2,0.3111111111111111,0.3123882458121589,0.2564039408866995,0.0825386386057218,0.5927478460461721
physionet_mi,BPE_WindowedSeq_CNN,1024,42,5fold-subject,0,0.2444444444444444,0.25,0.0982142857142857,0.0,0.5187169700043311
physionet_mi,BPE_WindowedSeq_CNN,1024,42,5fold-subject,1,0.2444444444444444,0.2480237154150197,0.1518796992481203,-0.0011451006052676,0.4873461521306456
physionet_mi,BPE_WindowedSeq_CNN,1024,42,5fold-subject,2,0.2666666666666666,0.2730037172971956,0.2238173430291657,0.0316269970655362,0.4580894796466951
physionet_mi,BPE_WindowedSeq_CNN,1024,123,5fold-subject,0,0.2444444444444444,0.25,0.0982142857142857,0.0,0.5269979341509479
physionet_mi,BPE_WindowedSeq_CNN,1024,123,5fold-subject,1,0.2222222222222222,0.2184265010351966,0.1087622549019607,-0.0409781890284204,0.4997702182214005
physionet_mi,BPE_WindowedSeq_CNN,1024,123,5fold-subject,2,0.2555555555555555,0.25,0.1017699115044247,0.0,0.714474186622715
physionet_mi,BPE_WindowedSeq_CNN,1024,456,5fold-subject,0,0.2777777777777778,0.2836909467344249,0.1887592788971367,0.0416120576671035,0.5646432497103614
physionet_mi,BPE_WindowedSeq_CNN,1024,456,5fold-subject,1,0.2666666666666666,0.25,0.1052631578947368,0.0,0.566259570584374
physionet_mi,BPE_WindowedSeq_CNN,1024,456,5fold-subject,2,0.2333333333333333,0.2323546019198193,0.1641233766233766,-0.022390516957524,0.4754719430493374
physionet_mi,BPE_WindowedSeq_CNN,1024,789,5fold-subject,0,0.2444444444444444,0.2406126482213438,0.1428345959595959,-0.0119047619047618,0.4903218175998695
physionet_mi,BPE_WindowedSeq_CNN,1024,789,5fold-subject,1,0.2444444444444444,0.25,0.0982142857142857,0.0,0.4840280788391498
physionet_mi,BPE_WindowedSeq_CNN,1024,789,5fold-subject,2,0.2222222222222222,0.2360248447204969,0.119636705292828,-0.017113335485954,0.5654845165702802
physionet_mi,BPE_WindowedSeq_CNN,1024,2024,5fold-subject,0,0.2333333333333333,0.2292490118577075,0.123440285204991,-0.0279755007449098,0.4928464168787488
physionet_mi,BPE_WindowedSeq_CNN,1024,2024,5fold-subject,1,0.2444444444444444,0.2406538208168643,0.1881823461091753,-0.0079051383399211,0.4765670895076218
physionet_mi,BPE_WindowedSeq_CNN,1024,2024,5fold-subject,2,0.2444444444444444,0.2396245059288537,0.1206270627062706,-0.0137485506046051,0.5063475820981451
physionet_mi,BPE_Bigram_LogReg,1024,42,5fold-subject,0,0.2555555555555555,0.2468297101449275,0.1622294372294372,-0.006006006006006,0.493725899081832
physionet_mi,BPE_Bigram_LogReg,1024,42,5fold-subject,1,0.2444444444444444,0.25,0.0982142857142857,0.0,0.4868824453217465
physionet_mi,BPE_Bigram_LogReg,1024,42,5fold-subject,2,0.2333333333333333,0.25,0.0945945945945946,0.0,0.499954851122208
physionet_mi,BPE_Bigram_LogReg,1024,123,5fold-subject,0,0.2888888888888888,0.2908902691511387,0.1875150060024009,0.0535655603023331,0.493725899081832
physionet_mi,BPE_Bigram_LogReg,1024,123,5fold-subject,1,0.2222222222222222,0.2263257575757575,0.1062893081761006,-0.0314341846758348,0.4866383506483041
physionet_mi,BPE_Bigram_LogReg,1024,123,5fold-subject,2,0.1888888888888888,0.1897233201581027,0.1574712643678161,-0.0802367642222952,0.4999575613630896
physionet_mi,BPE_Bigram_LogReg,1024,456,5fold-subject,0,0.2333333333333333,0.2282608695652173,0.1029411764705882,-0.0317328459877055,0.493725899081832
physionet_mi,BPE_Bigram_LogReg,1024,456,5fold-subject,1,0.3111111111111111,0.3234283832109919,0.2564057893326186,0.0954773869346734,0.5000411175128223
physionet_mi,BPE_Bigram_LogReg,1024,456,5fold-subject,2,0.2555555555555555,0.25,0.1017699115044247,0.0,0.4867199750305998
physionet_mi,BPE_Bigram_LogReg,1024,789,5fold-subject,0,0.2666666666666666,0.2590579710144927,0.1551820728291316,0.0131251038378465,0.4868035311803323
physionet_mi,BPE_Bigram_LogReg,1024,789,5fold-subject,1,0.2777777777777778,0.2800207039337474,0.1811904761904761,0.0390932982917214,0.493893281630785
physionet_mi,BPE_Bigram_LogReg,1024,789,5fold-subject,2,0.3666666666666666,0.3767880670054583,0.2720238095238095,0.1639504563233377,0.4997970228393797
physionet_mi,BPE_Bigram_LogReg,1024,2024,5fold-subject,0,0.2555555555555555,0.25,0.1017699115044247,0.0,0.4866383506483042
physionet_mi,BPE_Bigram_LogReg,1024,2024,5fold-subject,1,0.2333333333333333,0.2306547619047619,0.1611111111111111,-0.032934131736527,0.4997877388227428
physionet_mi,BPE_Bigram_LogReg,1024,2024,5fold-subject,2,0.2333333333333333,0.25,0.0945945945945946,0.0,0.493725899081832
physionet_mi,BPE_Seq_CNN,1024,42,5fold-subject,0,0.2555555555555555,0.2711980048936571,0.1528016643550624,0.0269485234791028,0.537033025754301
physionet_mi,BPE_Seq_CNN,1024,42,5fold-subject,1,0.2333333333333333,0.2437888198757763,0.1522556390977443,-0.0110713122761316,0.4820643892573646
physionet_mi,BPE_Seq_CNN,1024,42,5fold-subject,2,0.2444444444444444,0.2608695652173913,0.1163302752293578,0.0138575572027069,0.5660507262557354
physionet_mi,BPE_Seq_CNN,1024,123,5fold-subject,0,0.1888888888888888,0.1899585921325051,0.121565934065934,-0.077049180327869,0.4538416938954214
physionet_mi,BPE_Seq_CNN,1024,123,5fold-subject,1,0.2222222222222222,0.2194146433276868,0.1370406306852638,-0.0413223140495866,0.4986799388358965
physionet_mi,BPE_Seq_CNN,1024,123,5fold-subject,2,0.2666666666666666,0.2613636363636363,0.124417701863354,0.0150887083402422,0.5311292845457063
physionet_mi,BPE_Seq_CNN,1024,456,5fold-subject,0,0.2444444444444444,0.25,0.0982142857142857,0.0,0.5053051575279789
physionet_mi,BPE_Seq_CNN,1024,456,5fold-subject,1,0.3,0.3043478260869565,0.2470284237726098,0.0715572294088749,0.4702547586149477
physionet_mi,BPE_Seq_CNN,1024,456,5fold-subject,2,0.2444444444444444,0.2443064182194617,0.1511904761904762,-0.0052562417871222,0.4742113247231915
physionet_mi,BPE_Seq_CNN,1024,789,5fold-subject,0,0.2444444444444444,0.25,0.0982142857142857,0.0,0.4793457499856371
physionet_mi,BPE_Seq_CNN,1024,789,5fold-subject,1,0.2444444444444444,0.2554112554112554,0.1650815217391304,0.0069771215317216,0.479056203479563
physionet_mi,BPE_Seq_CNN,1024,789,5fold-subject,2,0.2555555555555555,0.2727272727272727,0.1372222222222222,0.02851619139681,0.5325247470382171
physionet_mi,BPE_Seq_CNN,1024,2024,5fold-subject,0,0.2,0.2007575757575757,0.1212121212121212,-0.0671936758893281,0.4563807893912486
physionet_mi,BPE_Seq_CNN,1024,2024,5fold-subject,1,0.2555555555555555,0.2424242424242424,0.1425419240953221,-0.0114055686011407,0.4599750283965079
physionet_mi,BPE_Seq_CNN,1024,2024,5fold-subject,2,0.2555555555555555,0.2727272727272727,0.1379969418960244,0.028672680412371,0.548521529430603
physionet_mi,BPE_Seq_Transformer,1024,42,5fold-subject,0,0.2555555555555555,0.2663690476190476,0.1567202906071614,0.0209449585971749,0.4982260066239147
physionet_mi,BPE_Seq_Transformer,1024,42,5fold-subject,1,0.1888888888888888,0.1908820346320346,0.1524216524216524,-0.0802367642222952,0.4695579125648648
physionet_mi,BPE_Seq_Transformer,1024,42,5fold-subject,2,0.2111111111111111,0.2230848861283643,0.1236652236652236,-0.0329776915615906,0.5236565118201135
physionet_mi,BPE_Seq_Transformer,1024,123,5fold-subject,0,0.2444444444444444,0.2509175607001694,0.2113850253377077,0.002932551319648,0.5174387863221509
physionet_mi,BPE_Seq_Transformer,1024,123,5fold-subject,1,0.2444444444444444,0.2559523809523809,0.1670091324200913,0.0084251458198315,0.5051964346098694
physionet_mi,BPE_Seq_Transformer,1024,123,5fold-subject,2,0.2222222222222222,0.2272727272727272,0.091743119266055,-0.0289073983341499,0.5293483705450008
physionet_mi,BPE_Seq_Transformer,1024,456,5fold-subject,0,0.2333333333333333,0.25,0.0945945945945946,0.0,0.558339690737365
physionet_mi,BPE_Seq_Transformer,1024,456,5fold-subject,1,0.2333333333333333,0.25,0.0945945945945946,0.0,0.5382138886368855
physionet_mi,BPE_Seq_Transformer,1024,456,5fold-subject,2,0.2555555555555555,0.2683982683982684,0.176400759734093,0.024271844660194,0.5078237226694111
physionet_mi,BPE_Seq_Transformer,1024,789,5fold-subject,0,0.2333333333333333,0.244635798983625,0.1831709956709956,-0.0058309037900874,0.4871283878475779
physionet_mi,BPE_Seq_Transformer,1024,789,5fold-subject,1,0.3111111111111111,0.3034361471861472,0.2342024900164435,0.0729357036052499,0.5222983532242464
physionet_mi,BPE_Seq_Transformer,1024,789,5fold-subject,2,0.2333333333333333,0.2367541878411443,0.178859649122807,-0.0176991150442478,0.5010771774493528
physionet_mi,BPE_Seq_Transformer,1024,2024,5fold-subject,0,0.2333333333333333,0.25,0.0945945945945946,0.0,0.5096938362144062
physionet_mi,BPE_Seq_Transformer,1024,2024,5fold-subject,1,0.2222222222222222,0.2353896103896104,0.1419413919413919,-0.0177705977382873,0.4825580705213869
physionet_mi,BPE_Seq_Transformer,1024,2024,5fold-subject,2,0.2222222222222222,0.238095238095238,0.091743119266055,-0.0148195876288659,0.5131909747508623
physionet_mi,BPE_Seq_CW_Transformer,1024,42,5fold-subject,0,0.2444444444444444,0.2581168831168831,0.16270337922403,0.0100291167906825,0.5456863592683057
physionet_mi,BPE_Seq_CW_Transformer,1024,42,5fold-subject,1,0.2777777777777778,0.2723861283643892,0.2357661708751297,0.0346534653465347,0.4925607201368738
physionet_mi,BPE_Seq_CW_Transformer,1024,42,5fold-subject,2,0.2333333333333333,0.2494588744588744,0.1125764525993883,-0.0003221649484537,0.5851307015687718
physionet_mi,BPE_Seq_CW_Transformer,1024,123,5fold-subject,0,0.2888888888888888,0.2751623376623376,0.1806923918992884,0.0361445783132531,0.5722948406694399
physionet_mi,BPE_Seq_CW_Transformer,1024,123,5fold-subject,1,0.2777777777777778,0.2633928571428571,0.1445454545454545,0.0171370967741933,0.496049890616778
physionet_mi,BPE_Seq_CW_Transformer,1024,123,5fold-subject,2,0.2333333333333333,0.25,0.0945945945945946,0.0,0.5637819112316431
physionet_mi,BPE_Seq_CW_Transformer,1024,456,5fold-subject,0,0.2333333333333333,0.2423007246376811,0.1663572060123784,-0.0081168831168829,0.5679617774341168
physionet_mi,BPE_Seq_CW_Transformer,1024,456,5fold-subject,1,0.2666666666666666,0.2797619047619047,0.1595873786407767,0.0397672162948593,0.5839395080982859
physionet_mi,BPE_Seq_CW_Transformer,1024,456,5fold-subject,2,0.2222222222222222,0.2321428571428571,0.1334622823984526,-0.0258915486077186,0.5125397380355009
physionet_mi,BPE_Seq_CW_Transformer,1024,789,5fold-subject,0,0.2888888888888888,0.2909902597402597,0.2325,0.0524757361408125,0.4945778253045068
physionet_mi,BPE_Seq_CW_Transformer,1024,789,5fold-subject,1,0.2,0.2142857142857142,0.0849056603773584,-0.0451612903225806,0.536555256504702
physionet_mi,BPE_Seq_CW_Transformer,1024,789,5fold-subject,2,0.2333333333333333,0.25,0.0945945945945946,0.0,0.6201966269173391
physionet_mi,BPE_Seq_CW_Transformer,1024,2024,5fold-subject,0,0.2555555555555555,0.2696216826651609,0.1769946808510638,0.0252182347235693,0.5224182381347324
physionet_mi,BPE_Seq_CW_Transformer,1024,2024,5fold-subject,1,0.2333333333333333,0.25,0.0945945945945946,0.0,0.5918850091459311
physionet_mi,BPE_Seq_CW_Transformer,1024,2024,5fold-subject,2,0.2222222222222222,0.234577922077922,0.1376293995859213,-0.0212352082995621,0.5753964897366337
physionet_mi,CSP_LDA,1024,42,5fold-subject,0,0.2,0.2010869565217391,0.1378424657534246,-0.0640394088669951,0.4041231038263141
physionet_mi,CSP_LDA,1024,42,5fold-subject,1,0.2222222222222222,0.2365189158667419,0.126360544217687,-0.0177705977382875,0.5437230871100923
physionet_mi,CSP_LDA,1024,42,5fold-subject,2,0.2222222222222222,0.238095238095238,0.0970873786407767,-0.0180995475113121,0.4492009955123575
physionet_mi,CSP_LDA,1024,123,5fold-subject,0,0.2,0.2010869565217391,0.1378424657534246,-0.0640394088669951,0.4041231038263141
physionet_mi,CSP_LDA,1024,123,5fold-subject,1,0.2222222222222222,0.2365189158667419,0.126360544217687,-0.0177705977382875,0.5437230871100923
physionet_mi,CSP_LDA,1024,123,5fold-subject,2,0.2222222222222222,0.238095238095238,0.0970873786407767,-0.0180995475113121,0.4492009955123575
physionet_mi,CSP_LDA,1024,456,5fold-subject,0,0.2,0.2010869565217391,0.1378424657534246,-0.0640394088669951,0.4041231038263141
physionet_mi,CSP_LDA,1024,456,5fold-subject,1,0.2222222222222222,0.238095238095238,0.0970873786407767,-0.0180995475113121,0.4492009955123575
physionet_mi,CSP_LDA,1024,456,5fold-subject,2,0.2222222222222222,0.2365189158667419,0.126360544217687,-0.0177705977382875,0.5437230871100923
physionet_mi,CSP_LDA,1024,789,5fold-subject,0,0.2222222222222222,0.2365189158667419,0.126360544217687,-0.0177705977382875,0.5437230871100923
physionet_mi,CSP_LDA,1024,789,5fold-subject,1,0.2,0.2010869565217391,0.1378424657534246,-0.0640394088669951,0.4041231038263141
physionet_mi,CSP_LDA,1024,789,5fold-subject,2,0.2222222222222222,0.238095238095238,0.0970873786407767,-0.0180995475113121,0.4492009955123575
physionet_mi,CSP_LDA,1024,2024,5fold-subject,0,0.2222222222222222,0.2365189158667419,0.126360544217687,-0.0177705977382875,0.5437230871100923
physionet_mi,CSP_LDA,1024,2024,5fold-subject,1,0.2222222222222222,0.238095238095238,0.0970873786407767,-0.0180995475113121,0.4492009955123575
physionet_mi,CSP_LDA,1024,2024,5fold-subject,2,0.2,0.2010869565217391,0.1378424657534246,-0.0640394088669951,0.4041231038263141
physionet_mi,EEGNet,1024,42,5fold-subject,0,0.2444444444444444,0.25,0.0982142857142857,0.0,0.4811082082701328
physionet_mi,EEGNet,1024,42,5fold-subject,1,0.2444444444444444,0.25,0.0982142857142857,0.0,0.5561768079181213
physionet_mi,EEGNet,1024,42,5fold-subject,2,0.3777777777777777,0.3808876811594202,0.3762409878815769,0.1751227495908346,0.6250875900967038
physionet_mi,EEGNet,1024,123,5fold-subject,0,0.2444444444444444,0.25,0.0982142857142857,0.0,0.5350808945021188
physionet_mi,EEGNet,1024,123,5fold-subject,1,0.2333333333333333,0.25,0.0945945945945946,0.0,0.4005624635455818
physionet_mi,EEGNet,1024,123,5fold-subject,2,0.2555555555555555,0.25,0.1017699115044247,0.0,0.5929869936047886
physionet_mi,EEGNet,1024,456,5fold-subject,0,0.2666666666666666,0.25,0.1052631578947368,0.0,0.4496798130545554
physionet_mi,EEGNet,1024,456,5fold-subject,1,0.2555555555555555,0.25,0.1017699115044247,0.0,0.4406407285201851
physionet_mi,EEGNet,1024,456,5fold-subject,2,0.2444444444444444,0.25,0.0982142857142857,0.0,0.4651547368008222
physionet_mi,EEGNet,1024,789,5fold-subject,0,0.2666666666666666,0.25,0.1052631578947368,0.0,0.4767654668326143
physionet_mi,EEGNet,1024,789,5fold-subject,1,0.2444444444444444,0.25,0.0982142857142857,0.0,0.5586817598871102
physionet_mi,EEGNet,1024,789,5fold-subject,2,0.2555555555555555,0.25,0.1017699115044247,0.0,0.4743183727830109
physionet_mi,EEGNet,1024,2024,5fold-subject,0,0.2666666666666666,0.25,0.1052631578947368,0.0,0.5147914731198361
physionet_mi,EEGNet,1024,2024,5fold-subject,1,0.2333333333333333,0.25,0.0945945945945946,0.0,0.4065894522912502
physionet_mi,EEGNet,1024,2024,5fold-subject,2,0.2666666666666666,0.25,0.1052631578947368,0.0,0.5717222616166795
physionet_mi,Patching_LogReg,1024,42,5fold-subject,0,0.2555555555555555,0.25,0.1017699115044247,0.0,0.5254977706379584
physionet_mi,Patching_LogReg,1024,42,5fold-subject,1,0.2333333333333333,0.25,0.0945945945945946,0.0,0.582931326031681
physionet_mi,Patching_LogReg,1024,42,5fold-subject,2,0.2555555555555555,0.25,0.1017699115044247,0.0,0.5334621581657263
physionet_mi,Patching_LogReg,1024,123,5fold-subject,0,0.2555555555555555,0.25,0.1017699115044247,0.0,0.5254977706379584
physionet_mi,Patching_LogReg,1024,123,5fold-subject,1,0.2333333333333333,0.25,0.0945945945945946,0.0,0.582931326031681
physionet_mi,Patching_LogReg,1024,123,5fold-subject,2,0.2555555555555555,0.25,0.1017699115044247,0.0,0.5334621581657263
physionet_mi,Patching_LogReg,1024,456,5fold-subject,0,0.2555555555555555,0.25,0.1017699115044247,0.0,0.5254977706379584
physionet_mi,Patching_LogReg,1024,456,5fold-subject,1,0.2555555555555555,0.25,0.1017699115044247,0.0,0.5334621581657263
physionet_mi,Patching_LogReg,1024,456,5fold-subject,2,0.2333333333333333,0.25,0.0945945945945946,0.0,0.582931326031681
physionet_mi,Patching_LogReg,1024,789,5fold-subject,0,0.2333333333333333,0.25,0.0945945945945946,0.0,0.582931326031681
physionet_mi,Patching_LogReg,1024,789,5fold-subject,1,0.2555555555555555,0.25,0.1017699115044247,0.0,0.5254977706379584
physionet_mi,Patching_LogReg,1024,789,5fold-subject,2,0.2555555555555555,0.25,0.1017699115044247,0.0,0.5334621581657263
physionet_mi,Patching_LogReg,1024,2024,5fold-subject,0,0.2333333333333333,0.25,0.0945945945945946,0.0,0.582931326031681
physionet_mi,Patching_LogReg,1024,2024,5fold-subject,1,0.2555555555555555,0.25,0.1017699115044247,0.0,0.5334621581657263
physionet_mi,Patching_LogReg,1024,2024,5fold-subject,2,0.2555555555555555,0.25,0.1017699115044247,0.0,0.5254977706379584
physionet_mi,VQ_LogReg,1024,42,5fold-subject,0,0.2555555555555555,0.25,0.1017699115044247,0.0,0.5492686324180627
physionet_mi,VQ_LogReg,1024,42,5fold-subject,1,0.3111111111111111,0.3188405797101449,0.2101254480286738,0.0900195694716241,0.5580004054155436
physionet_mi,VQ_LogReg,1024,42,5fold-subject,2,0.3777777777777777,0.370018115942029,0.3178699955015744,0.1626516032563548,0.6689807364306114
physionet_mi,VQ_LogReg,1024,123,5fold-subject,0,0.2555555555555555,0.25,0.1017699115044247,0.0,0.5492686324180627
physionet_mi,VQ_LogReg,1024,123,5fold-subject,1,0.3111111111111111,0.3188405797101449,0.2101254480286738,0.0900195694716241,0.5580004054155436
physionet_mi,VQ_LogReg,1024,123,5fold-subject,2,0.3777777777777777,0.370018115942029,0.3178699955015744,0.1626516032563548,0.6689807364306114
physionet_mi,VQ_LogReg,1024,456,5fold-subject,0,0.2555555555555555,0.25,0.1017699115044247,0.0,0.5492686324180627
physionet_mi,VQ_LogReg,1024,456,5fold-subject,1,0.3777777777777777,0.370018115942029,0.3178699955015744,0.1626516032563548,0.6689807364306114
physionet_mi,VQ_LogReg,1024,456,5fold-subject,2,0.3111111111111111,0.3188405797101449,0.2101254480286738,0.0900195694716241,0.5580004054155436
physionet_mi,VQ_LogReg,1024,789,5fold-subject,0,0.3111111111111111,0.3188405797101449,0.2101254480286738,0.0900195694716241,0.5580004054155436
physionet_mi,VQ_LogReg,1024,789,5fold-subject,1,0.2555555555555555,0.25,0.1017699115044247,0.0,0.5492686324180627
physionet_mi,VQ_LogReg,1024,789,5fold-subject,2,0.3777777777777777,0.370018115942029,0.3178699955015744,0.1626516032563548,0.6689807364306114
physionet_mi,VQ_LogReg,1024,2024,5fold-subject,0,0.3111111111111111,0.3188405797101449,0.2101254480286738,0.0900195694716241,0.5580004054155436
physionet_mi,VQ_LogReg,1024,2024,5fold-subject,1,0.3777777777777777,0.370018115942029,0.3178699955015744,0.1626516032563548,0.6689807364306114
physionet_mi,VQ_LogReg,1024,2024,5fold-subject,2,0.2555555555555555,0.25,0.1017699115044247,0.0,0.5492686324180627
physionet_mi,Chronos_Binning,1024,42,5fold-subject,0,0.2888888888888888,0.2845849802371542,0.1713122455371124,0.0460417356740642,0.5141844024003719
physionet_mi,Chronos_Binning,1024,42,5fold-subject,1,0.2666666666666666,0.2634340297383775,0.1583333333333333,0.018830525272547,0.5035056901253412
physionet_mi,Chronos_Binning,1024,42,5fold-subject,2,0.2444444444444444,0.2546583850931677,0.1607142857142857,0.0056864337936636,0.5025721941727352
physionet_mi,Chronos_Binning,1024,123,5fold-subject,0,0.2888888888888888,0.2845849802371542,0.1713122455371124,0.0460417356740642,0.5141844024003719
physionet_mi,Chronos_Binning,1024,123,5fold-subject,1,0.2666666666666666,0.2634340297383775,0.1583333333333333,0.018830525272547,0.5035056901253412
physionet_mi,Chronos_Binning,1024,123,5fold-subject,2,0.2444444444444444,0.2546583850931677,0.1607142857142857,0.0056864337936636,0.5025721941727352
physionet_mi,Chronos_Binning,1024,456,5fold-subject,0,0.2888888888888888,0.2845849802371542,0.1713122455371124,0.0460417356740642,0.5141844024003719
physionet_mi,Chronos_Binning,1024,456,5fold-subject,1,0.2444444444444444,0.2546583850931677,0.1607142857142857,0.0056864337936636,0.5025721941727352
physionet_mi,Chronos_Binning,1024,456,5fold-subject,2,0.2666666666666666,0.2634340297383775,0.1583333333333333,0.018830525272547,0.5035056901253412
physionet_mi,Chronos_Binning,1024,789,5fold-subject,0,0.2666666666666666,0.2634340297383775,0.1583333333333333,0.018830525272547,0.5035056901253412
physionet_mi,Chronos_Binning,1024,789,5fold-subject,1,0.2888888888888888,0.2845849802371542,0.1713122455371124,0.0460417356740642,0.5141844024003719
physionet_mi,Chronos_Binning,1024,789,5fold-subject,2,0.2444444444444444,0.2546583850931677,0.1607142857142857,0.0056864337936636,0.5025721941727352
physionet_mi,Chronos_Binning,1024,2024,5fold-subject,0,0.2666666666666666,0.2634340297383775,0.1583333333333333,0.018830525272547,0.5035056901253412
physionet_mi,Chronos_Binning,1024,2024,5fold-subject,1,0.2444444444444444,0.2546583850931677,0.1607142857142857,0.0056864337936636,0.5025721941727352
physionet_mi,Chronos_Binning,1024,2024,5fold-subject,2,0.2888888888888888,0.2845849802371542,0.1713122455371124,0.0460417356740642,0.5141844024003719
physionet_mi,PSD_LogReg,1024,42,5fold-subject,0,0.2222222222222222,0.2252611518915867,0.2015734038287635,-0.0373785608430758,0.5045454991280134
physionet_mi,PSD_LogReg,1024,42,5fold-subject,1,0.3555555555555555,0.3678947863730472,0.2924639622400816,0.1491442542787284,0.5384510403083618
physionet_mi,PSD_LogReg,1024,42,5fold-subject,2,0.2444444444444444,0.2485589591567852,0.1320889103907971,-0.0013089005235602,0.6130536093461237
physionet_mi,PSD_LogReg,1024,123,5fold-subject,0,0.2222222222222222,0.2252611518915867,0.2015734038287635,-0.0373785608430758,0.5043495183307232
physionet_mi,PSD_LogReg,1024,123,5fold-subject,1,0.3555555555555555,0.3678947863730472,0.2924639622400816,0.1491442542787284,0.5379643433583293
physionet_mi,PSD_LogReg,1024,123,5fold-subject,2,0.2444444444444444,0.2485589591567852,0.1320889103907971,-0.0013089005235602,0.61352661824567
physionet_mi,PSD_LogReg,1024,456,5fold-subject,0,0.2222222222222222,0.2252611518915867,0.2015734038287635,-0.0373785608430758,0.5046891634114168
physionet_mi,PSD_LogReg,1024,456,5fold-subject,1,0.2444444444444444,0.2485589591567852,0.1320889103907971,-0.0013089005235602,0.6128869729955971
physionet_mi,PSD_LogReg,1024,456,5fold-subject,2,0.3555555555555555,0.3678947863730472,0.2924639622400816,0.1491442542787284,0.5385985681266391
physionet_mi,PSD_LogReg,1024,789,5fold-subject,0,0.3555555555555555,0.3678947863730472,0.2926338657118719,0.1490055428757742,0.5377570456485743
physionet_mi,PSD_LogReg,1024,789,5fold-subject,1,0.2222222222222222,0.2252611518915867,0.2015734038287635,-0.0373785608430758,0.5046886874624783
physionet_mi,PSD_LogReg,1024,789,5fold-subject,2,0.2555555555555555,0.2599225955204216,0.1365923795830337,0.0135776214624572,0.612385095598226
physionet_mi,PSD_LogReg,1024,2024,5fold-subject,0,0.3555555555555555,0.3678947863730472,0.2926338657118719,0.1490055428757742,0.5381162752104558
physionet_mi,PSD_LogReg,1024,2024,5fold-subject,1,0.2555555555555555,0.2599225955204216,0.1365923795830337,0.0135776214624572,0.6128820930128093
physionet_mi,PSD_LogReg,1024,2024,5fold-subject,2,0.2222222222222222,0.2252611518915867,0.2015734038287635,-0.0373785608430758,0.5051905003098126
sleep_edf,BPE_Hist_LogReg,1024,42,5fold-subject,0,0.650188679245283,0.5426182766312478,0.4241381718298718,0.3921425789456233,0.8859528008176278
sleep_edf,BPE_Hist_LogReg,1024,42,5fold-subject,1,0.8047822983583155,0.6290511511599025,0.5634538272290607,0.6262981599860731,0.8940452694546147
sleep_edf,BPE_Hist_LogReg,1024,42,5fold-subject,2,0.7532097004279601,0.5543644768816975,0.4370927621551931,0.5190750940785827,0.9144727526762596
sleep_edf,BPE_Hist_LogReg,1024,123,5fold-subject,0,0.6509433962264151,0.5577416174418367,0.4495059241676543,0.3995016200288778,0.8862595775814066
sleep_edf,BPE_Hist_LogReg,1024,123,5fold-subject,1,0.8019271948608137,0.6248969566537348,0.5562485367025529,0.621346188309361,0.8940723219630439
sleep_edf,BPE_Hist_LogReg,1024,123,5fold-subject,2,0.7546362339514978,0.5541123240140216,0.4383162922302128,0.5214443749586041,0.9145152531773612
sleep_edf,BPE_Hist_LogReg,1024,456,5fold-subject,0,0.6618867924528302,0.5760799600654901,0.4779926233466597,0.415960579306891,0.8863479565605982
sleep_edf,BPE_Hist_LogReg,1024,456,5fold-subject,1,0.7528530670470756,0.546832823050605,0.4279355525527024,0.5183185127547536,0.9142204255499002
sleep_edf,BPE_Hist_LogReg,1024,456,5fold-subject,2,0.8033547466095646,0.6377896976738753,0.5711867002382801,0.6247327509515963,0.8940225824428332
sleep_edf,BPE_Hist_LogReg,1024,789,5fold-subject,0,0.7994289793004996,0.6253542702723163,0.5518766805226265,0.61664719542272,0.8939636121453786
sleep_edf,BPE_Hist_LogReg,1024,789,5fold-subject,1,0.6671698113207547,0.5796817627695461,0.4812586924718295,0.4217243416618752,0.8863146153293856
sleep_edf,BPE_Hist_LogReg,1024,789,5fold-subject,2,0.7528530670470756,0.5540787930475752,0.4367434415890379,0.5184329912849788,0.9144490551002388
sleep_edf,BPE_Hist_LogReg,1024,2024,5fold-subject,0,0.8044254104211278,0.6293536710708673,0.5599220904937153,0.6258135013566276,0.894076286445603
sleep_edf,BPE_Hist_LogReg,1024,2024,5fold-subject,1,0.7549928673323824,0.5516960107198317,0.4349191822355777,0.5221241835902382,0.9143131871594052
sleep_edf,BPE_Hist_LogReg,1024,2024,5fold-subject,2,0.6562264150943397,0.5533097866235088,0.4395561273514258,0.4011511867830819,0.8858960264557213
sleep_edf,BPE_Hist_RF,1024,42,5fold-subject,0,0.870188679245283,0.6000057974108498,0.5716707986256955,0.705739943317172,0.9487034130218444
sleep_edf,BPE_Hist_RF,1024,42,5fold-subject,1,0.8822269807280514,0.6007934803569237,0.6124052219423894,0.7587608532309233,0.9575910187635116
sleep_edf,BPE_Hist_RF,1024,42,5fold-subject,2,0.87339514978602,0.5891291831300469,0.5347881767877198,0.7303849074919746,0.967739787480084
sleep_edf,BPE_Hist_RF,1024,123,5fold-subject,0,0.870188679245283,0.6000057974108498,0.5716707986256955,0.705739943317172,0.9487034130218444
sleep_edf,BPE_Hist_RF,1024,123,5fold-subject,1,0.8822269807280514,0.6007934803569237,0.6124052219423894,0.7587608532309233,0.9575910187635116
sleep_edf,BPE_Hist_RF,1024,123,5fold-subject,2,0.87339514978602,0.5891291831300469,0.5347881767877198,0.7303849074919746,0.967739787480084
sleep_edf,BPE_Hist_RF,1024,456,5fold-subject,0,0.870188679245283,0.6000057974108498,0.5716707986256955,0.705739943317172,0.9487034130218444
sleep_edf,BPE_Hist_RF,1024,456,5fold-subject,1,0.87339514978602,0.5891291831300469,0.5347881767877198,0.7303849074919746,0.967739787480084
sleep_edf,BPE_Hist_RF,1024,456,5fold-subject,2,0.8822269807280514,0.6007934803569237,0.6124052219423894,0.7587608532309233,0.9575910187635116
sleep_edf,BPE_Hist_RF,1024,789,5fold-subject,0,0.8822269807280514,0.6007934803569237,0.6124052219423894,0.7587608532309233,0.9575910187635116
sleep_edf,BPE_Hist_RF,1024,789,5fold-subject,1,0.870188679245283,0.6000057974108498,0.5716707986256955,0.705739943317172,0.9487034130218444
sleep_edf,BPE_Hist_RF,1024,789,5fold-subject,2,0.87339514978602,0.5891291831300469,0.5347881767877198,0.7303849074919746,0.967739787480084
sleep_edf,BPE_Hist_RF,1024,2024,5fold-subject,0,0.8822269807280514,0.6007934803569237,0.6124052219423894,0.7587608532309233,0.9575910187635116
sleep_edf,BPE_Hist_RF,1024,2024,5fold-subject,1,0.87339514978602,0.5891291831300469,0.5347881767877198,0.7303849074919746,0.967739787480084
sleep_edf,BPE_Hist_RF,1024,2024,5fold-subject,2,0.870188679245283,0.6000057974108498,0.5716707986256955,0.705739943317172,0.9487034130218444
sleep_edf,BPE_Windowed_LogReg,1024,42,5fold-subject,0,0.5211320754716982,0.5338195242707321,0.4281526613725149,0.2987972261741499,0.9007625684363946
sleep_edf,BPE_Windowed_LogReg,1024,42,5fold-subject,1,0.8197715917201999,0.6485460943365052,0.5695849916206089,0.660419550480257,0.9239371116596504
sleep_edf,BPE_Windowed_LogReg,1024,42,5fold-subject,2,0.801355206847361,0.6172242644609403,0.5042777289117797,0.6101695549827539,0.9435024186560867
sleep_edf,BPE_Windowed_LogReg,1024,123,5fold-subject,0,0.6060377358490566,0.5853447820633771,0.4927297133580738,0.3730386211472672,0.8991204203227483
sleep_edf,BPE_Windowed_LogReg,1024,123,5fold-subject,1,0.8194147037830122,0.6530215356831656,0.5848343728086147,0.6630850248050304,0.923844435265595
sleep_edf,BPE_Windowed_LogReg,1024,123,5fold-subject,2,0.8002853067047075,0.611944109314623,0.5198652742178917,0.6074352892234707,0.943083232161576
sleep_edf,BPE_Windowed_LogReg,1024,456,5fold-subject,0,0.4509433962264151,0.5023495569372868,0.3995389662720951,0.246504401864319,0.9037460024840536
sleep_edf,BPE_Windowed_LogReg,1024,456,5fold-subject,1,0.8074179743223966,0.6277329345910546,0.5332890160493116,0.6211526600955024,0.9432680546876216
sleep_edf,BPE_Windowed_LogReg,1024,456,5fold-subject,2,0.8340471092077087,0.6748543515052381,0.6291941736133474,0.6862911749905497,0.9256091883543498
sleep_edf,BPE_Windowed_LogReg,1024,789,5fold-subject,0,0.8329764453961456,0.6655395418372068,0.6159993022950656,0.6833596327816285,0.9261113109863928
sleep_edf,BPE_Windowed_LogReg,1024,789,5fold-subject,1,0.6947169811320755,0.3720424636955433,0.2702355761160128,0.4005069761654088,0.8690961095925338
sleep_edf,BPE_Windowed_LogReg,1024,789,5fold-subject,2,0.8063480741797432,0.6256907071289538,0.5321146877132042,0.6191540090868433,0.9432764905922644
sleep_edf,BPE_Windowed_LogReg,1024,2024,5fold-subject,0,0.8283369022127052,0.6585308749077036,0.5979672606142586,0.6752262552203707,0.9247942661485948
sleep_edf,BPE_Windowed_LogReg,1024,2024,5fold-subject,1,0.8099144079885877,0.630999186032587,0.5408451638892601,0.6258504865967469,0.9432825121139192
sleep_edf,BPE_Windowed_LogReg,1024,2024,5fold-subject,2,0.540377358490566,0.5210029696582492,0.4450792227979845,0.3079221970495189,0.9003465800207561
sleep_edf,BPE_WindowedSeq_CNN,1024,42,5fold-subject,0,0.8166037735849057,0.49458366986216,0.456740583245546,0.5990253816715464,0.9358075850149692
sleep_edf,BPE_WindowedSeq_CNN,1024,42,5fold-subject,1,0.8586723768736617,0.5509839743358381,0.5615031297100925,0.7105586342108805,0.9354094585035873
sleep_edf,BPE_WindowedSeq_CNN,1024,42,5fold-subject,2,0.8701854493580599,0.5342317725971838,0.47664385422479,0.7196020028428368,0.949467117123427
sleep_edf,BPE_WindowedSeq_CNN,1024,123,5fold-subject,0,0.7898113207547169,0.4108743114672008,0.3261621278140721,0.5350248907613268,0.9329467286821976
sleep_edf,BPE_WindowedSeq_CNN,1024,123,5fold-subject,1,0.8625981441827266,0.5651971186683042,0.5724543133854484,0.7198459161628314,0.9399766200873968
sleep_edf,BPE_WindowedSeq_CNN,1024,123,5fold-subject,2,0.8716119828815977,0.5336992761173415,0.4790618196054245,0.7216781365802012,0.9500841297948708
sleep_edf,BPE_WindowedSeq_CNN,1024,456,5fold-subject,0,0.7841509433962264,0.3988731096644967,0.3132724257061464,0.5243323849060417,0.9317586728977744
sleep_edf,BPE_WindowedSeq_CNN,1024,456,5fold-subject,1,0.869472182596291,0.5268067606270022,0.4747372811072251,0.7169340758454625,0.949005520381311
sleep_edf,BPE_WindowedSeq_CNN,1024,456,5fold-subject,2,0.8554603854389722,0.5340155641959815,0.545497832813576,0.7022079922912752,0.9341222093729136
sleep_edf,BPE_WindowedSeq_CNN,1024,789,5fold-subject,0,0.8565310492505354,0.5432891668754875,0.5540562020568734,0.7062022815148057,0.9368717112184528
sleep_edf,BPE_WindowedSeq_CNN,1024,789,5fold-subject,1,0.7833962264150943,0.4065204841745377,0.3236981546654137,0.5250159020216879,0.928991468624108
sleep_edf,BPE_WindowedSeq_CNN,1024,789,5fold-subject,2,0.8712553495007133,0.530117817985885,0.4785614129149055,0.7208020207737216,0.9464566829630506
sleep_edf,BPE_WindowedSeq_CNN,1024,2024,5fold-subject,0,0.8586723768736617,0.5529944012824175,0.5645229229443377,0.7116489118280152,0.9379532505656748
sleep_edf,BPE_WindowedSeq_CNN,1024,2024,5fold-subject,1,0.8730385164051355,0.539747616577597,0.4884914237777503,0.7252248631662628,0.9526699393448572
sleep_edf,BPE_WindowedSeq_CNN,1024,2024,5fold-subject,2,0.7928301886792453,0.4483687600366066,0.3637447107622285,0.5465130740824671,0.9388053207320606
sleep_edf,BPE_Bigram_LogReg,1024,42,5fold-subject,0,0.4015094339622641,0.4976164629389225,0.3526633044213503,0.2196859917956467,0.8559242111506187
sleep_edf,BPE_Bigram_LogReg,1024,42,5fold-subject,1,0.7244825124910778,0.6111439627790849,0.4665414720534257,0.529125143152318,0.8903091098022546
sleep_edf,BPE_Bigram_LogReg,1024,42,5fold-subject,2,0.7228958630527818,0.4528152636541191,0.2949352520260513,0.4459559151687798,0.8873054814067093
sleep_edf,BPE_Bigram_LogReg,1024,123,5fold-subject,0,0.6083018867924528,0.5358673150792018,0.377777612908266,0.3515639715015348,0.8567334654858845
sleep_edf,BPE_Bigram_LogReg,1024,123,5fold-subject,1,0.8137044967880086,0.6475047536039638,0.5671174632369236,0.6383015869640157,0.890888831330096
sleep_edf,BPE_Bigram_LogReg,1024,123,5fold-subject,2,0.735734664764622,0.5142098850975805,0.3636574685346093,0.4867334680625743,0.8873520018597836
sleep_edf,BPE_Bigram_LogReg,1024,456,5fold-subject,0,0.7026415094339623,0.5977804192181689,0.4372903965811074,0.4553545672543997,0.8558131509004419
sleep_edf,BPE_Bigram_LogReg,1024,456,5fold-subject,1,0.724679029957204,0.5647311648077313,0.3480418694533924,0.4933534304799442,0.8866171103625856
sleep_edf,BPE_Bigram_LogReg,1024,456,5fold-subject,2,0.7341184867951464,0.568998956503471,0.4369783702916984,0.5143487088360577,0.8902795070293162
sleep_edf,BPE_Bigram_LogReg,1024,789,5fold-subject,0,0.7255531763026409,0.617814704922173,0.4471583287843407,0.5133364290857383,0.8901661833504958
sleep_edf,BPE_Bigram_LogReg,1024,789,5fold-subject,1,0.4588679245283019,0.5087073613555129,0.3301696058277191,0.2514883663671058,0.8556333655739781
sleep_edf,BPE_Bigram_LogReg,1024,789,5fold-subject,2,0.5406562054208274,0.3812676618734455,0.2522921687360737,0.2449108792318043,0.8842570130562024
sleep_edf,BPE_Bigram_LogReg,1024,2024,5fold-subject,0,0.7840827980014276,0.6309995117202606,0.4945544310188189,0.599873013774937,0.8903827649199124
sleep_edf,BPE_Bigram_LogReg,1024,2024,5fold-subject,1,0.7275320970042796,0.4263031023422737,0.2920595401855339,0.4159814401343463,0.8878762366141778
sleep_edf,BPE_Bigram_LogReg,1024,2024,5fold-subject,2,0.1124528301886792,0.3944978125495453,0.1595587562698332,0.0782822699916609,0.8563457179601588
sleep_edf,BPE_Seq_CNN,1024,42,5fold-subject,0,0.7890566037735849,0.368979869804707,0.2852276711594533,0.4966518778671916,0.8847289311106021
sleep_edf,BPE_Seq_CNN,1024,42,5fold-subject,1,0.7769450392576731,0.3328360987909705,0.3196216690030992,0.4888282147560735,0.8790428749977057
sleep_edf,BPE_Seq_CNN,1024,42,5fold-subject,2,0.8052781740370899,0.3370016435420394,0.3233365477338477,0.533967460787107,0.8847642504534159
sleep_edf,BPE_Seq_CNN,1024,123,5fold-subject,0,0.7909433962264151,0.370880320480721,0.2858401763747324,0.5034908841995047,0.8859392891156859
sleep_edf,BPE_Seq_CNN,1024,123,5fold-subject,1,0.7665952890792291,0.3197938397349368,0.2992113809156768,0.466035022121934,0.8753365492498066
sleep_edf,BPE_Seq_CNN,1024,123,5fold-subject,2,0.8295292439372325,0.4077719003685879,0.404092261077419,0.6101429976747825,0.8893019929261585
sleep_edf,BPE_Seq_CNN,1024,456,5fold-subject,0,0.7913207547169812,0.3730800200300451,0.2872883062356747,0.5023288273679241,0.8975722203762933
sleep_edf,BPE_Seq_CNN,1024,456,5fold-subject,1,0.8009985734664765,0.3331221652318062,0.3226011470868939,0.5149465695711615,0.8705883555228174
sleep_edf,BPE_Seq_CNN,1024,456,5fold-subject,2,0.7798001427551748,0.3402093230837555,0.3250219715167454,0.5055763134300826,0.8868206749049232
sleep_edf,BPE_Seq_CNN,1024,789,5fold-subject,0,0.7748037116345468,0.3331217897025051,0.3162218820628791,0.4895012157125323,0.8746626648343117
sleep_edf,BPE_Seq_CNN,1024,789,5fold-subject,1,0.7837735849056604,0.367577766649975,0.2836536854957908,0.4843298699490426,0.879540240152676
sleep_edf,BPE_Seq_CNN,1024,789,5fold-subject,2,0.8184736091298146,0.3659621456136215,0.362457829326738,0.5728038053983642,0.8910219946482643
sleep_edf,BPE_Seq_CNN,1024,2024,5fold-subject,0,0.7587437544610992,0.3127089980365689,0.2936377708978328,0.442670916229627,0.8601380003833787
sleep_edf,BPE_Seq_CNN,1024,2024,5fold-subject,1,0.8199001426533523,0.3970773563660478,0.3971071920671976,0.5792866989922039,0.8754991384530288
sleep_edf,BPE_Seq_CNN,1024,2024,5fold-subject,2,0.7781132075471698,0.3688749123685528,0.2818643096474092,0.4810352384466894,0.88977360649858
sleep_edf,BPE_Seq_Transformer,1024,42,5fold-subject,0,0.7396226415094339,0.4025623708289707,0.3732614829107409,0.4261230303089268,0.8233538557378279
sleep_edf,BPE_Seq_Transformer,1024,42,5fold-subject,1,0.7244825124910778,0.4063229111131505,0.4006279161917936,0.4121186805266609,0.819459116269741
sleep_edf,BPE_Seq_Transformer,1024,42,5fold-subject,2,0.7785306704707561,0.4465956600463311,0.3882189138137623,0.4938213251055651,0.87049371149125
sleep_edf,BPE_Seq_Transformer,1024,123,5fold-subject,0,0.7664150943396226,0.4115442618473165,0.3745041087254702,0.4644431870976631,0.8437867532101334
sleep_edf,BPE_Seq_Transformer,1024,123,5fold-subject,1,0.7259100642398287,0.4067732821438797,0.398608211798418,0.4161735058060178,0.8016365450682287
sleep_edf,BPE_Seq_Transformer,1024,123,5fold-subject,2,0.7792439372325249,0.4651944081590177,0.3909438047352298,0.518745265576876,0.8639635732493026
sleep_edf,BPE_Seq_Transformer,1024,456,5fold-subject,0,0.7539622641509434,0.3853707834478991,0.3426727893559402,0.4397228641906771,0.8455919222722651
sleep_edf,BPE_Seq_Transformer,1024,456,5fold-subject,1,0.7674750356633381,0.4475803065632551,0.3718285378660961,0.478430654289648,0.8568026994201657
sleep_edf,BPE_Seq_Transformer,1024,456,5fold-subject,2,0.7130620985010707,0.3634055668530757,0.3717922329227693,0.357779146141215,0.7911817130211388
sleep_edf,BPE_Seq_Transformer,1024,789,5fold-subject,0,0.7251962883654532,0.4132655999876942,0.4049680125310021,0.4171987864993597,0.8080605977257754
sleep_edf,BPE_Seq_Transformer,1024,789,5fold-subject,1,0.7852830188679245,0.413634342422725,0.3830878376042864,0.4915828015158274,0.855897790887766
sleep_edf,BPE_Seq_Transformer,1024,789,5fold-subject,2,0.7792439372325249,0.4221379111798586,0.3916239970776384,0.4895614055209416,0.8612330849619345
sleep_edf,BPE_Seq_Transformer,1024,2024,5fold-subject,0,0.7273376159885796,0.4030184880738404,0.4047458738391181,0.4095859460842934,0.810010589560814
sleep_edf,BPE_Seq_Transformer,1024,2024,5fold-subject,1,0.786376604850214,0.46840966355117,0.404389835105673,0.5150178504809986,0.8619213287170912
sleep_edf,BPE_Seq_Transformer,1024,2024,5fold-subject,2,0.7573584905660378,0.4433075249237493,0.4052267451165706,0.4756457378348703,0.843699471277508
sleep_edf,BPE_Seq_CW_Transformer,1024,42,5fold-subject,0,0.7211320754716981,0.3907650020485273,0.3518340510354101,0.4059368397423353,0.8349935658670123
sleep_edf,BPE_Seq_CW_Transformer,1024,42,5fold-subject,1,0.7287651677373305,0.3685829622682304,0.3741189662985835,0.3883809263953012,0.7913486337151687
sleep_edf,BPE_Seq_CW_Transformer,1024,42,5fold-subject,2,0.782453637660485,0.4211777949899694,0.391852596520568,0.4989697836399182,0.8338075133246591
sleep_edf,BPE_Seq_CW_Transformer,1024,123,5fold-subject,0,0.720754716981132,0.3395555332999499,0.2755777368294089,0.3756628209916104,0.8181037453782778
sleep_edf,BPE_Seq_CW_Transformer,1024,123,5fold-subject,1,0.7341184867951464,0.3979734841844456,0.3881155736513337,0.4312030297473386,0.8045240084310255
sleep_edf,BPE_Seq_CW_Transformer,1024,123,5fold-subject,2,0.7656918687589158,0.4008813193507768,0.3705426099411435,0.4470712811591696,0.8325094423926395
sleep_edf,BPE_Seq_CW_Transformer,1024,456,5fold-subject,0,0.7362264150943396,0.4199152308399904,0.3908915651834931,0.4313790014667159,0.8173108621621632
sleep_edf,BPE_Seq_CW_Transformer,1024,456,5fold-subject,1,0.7646219686162625,0.4268608498968324,0.3697649189727822,0.4778080262213373,0.8328094926320949
sleep_edf,BPE_Seq_CW_Transformer,1024,456,5fold-subject,2,0.7084225553176302,0.3750197438774258,0.3698401407306001,0.3596709453468304,0.7577815449671356
sleep_edf,BPE_Seq_CW_Transformer,1024,789,5fold-subject,0,0.7351891506067095,0.3941043553573104,0.4013062839957225,0.4268389002698627,0.8268233917337362
sleep_edf,BPE_Seq_CW_Transformer,1024,789,5fold-subject,1,0.730566037735849,0.4135828834160331,0.3788101268147014,0.4236708883893488,0.8134092075957751
sleep_edf,BPE_Seq_CW_Transformer,1024,789,5fold-subject,2,0.7689015691868759,0.4457914157528352,0.3829603651830132,0.4927553305591552,0.8629035791934747
sleep_edf,BPE_Seq_CW_Transformer,1024,2024,5fold-subject,0,0.7255531763026409,0.3670052642176026,0.3708861451327747,0.377900333000929,0.8038237618932269
sleep_edf,BPE_Seq_CW_Transformer,1024,2024,5fold-subject,1,0.7635520684736091,0.4668029348973645,0.4049557800004316,0.4904224578438483,0.8381723447298807
sleep_edf,BPE_Seq_CW_Transformer,1024,2024,5fold-subject,2,0.7150943396226415,0.3876991123048208,0.3542607332546875,0.3903975464167746,0.8150953622708494
sleep_edf,EEGNet,1024,42,5fold-subject,0,0.8456603773584905,0.4056268220512587,0.4076651182617826,0.5578445118829415,0.9569259681667892
sleep_edf,EEGNet,1024,42,5fold-subject,1,0.7544610992148465,0.4101767397350399,0.4426020909618897,0.409977617556797,0.9378778194209828
sleep_edf,EEGNet,1024,42,5fold-subject,2,0.848074179743224,0.5574731129840834,0.4538322124552653,0.6908950324966696,0.965555330446202
sleep_edf,EEGNet,1024,123,5fold-subject,0,0.8796226415094339,0.4844631856876223,0.4907058781603922,0.6594579526145621,0.9752313997110796
sleep_edf,EEGNet,1024,123,5fold-subject,1,0.8636688079942898,0.5661564667589947,0.5187610929001637,0.7340830139067038,0.9680754152436108
sleep_edf,EEGNet,1024,123,5fold-subject,2,0.6800998573466477,0.2,0.1619189131819146,0.0,0.74879537101632
sleep_edf,EEGNet,1024,456,5fold-subject,0,0.8950943396226415,0.5334706241179952,0.5054406514430153,0.7219335788510992,0.9776913280818222
sleep_edf,EEGNet,1024,456,5fold-subject,1,0.797432239657632,0.5106049353863387,0.4057118920957497,0.5745018268397435,0.9443544009937342
sleep_edf,EEGNet,1024,456,5fold-subject,2,0.8404710920770878,0.6391916207972042,0.5788609401585919,0.6931201245068459,0.9738314970612492
sleep_edf,EEGNet,1024,789,5fold-subject,0,0.719129193433262,0.4176681918318928,0.3786307155499567,0.2526825056103695,0.9363850474133788
sleep_edf,EEGNet,1024,789,5fold-subject,1,0.8675471698113207,0.4705934299568475,0.5092544987893609,0.6188979733148686,0.9762402733561504
sleep_edf,EEGNet,1024,789,5fold-subject,2,0.6800998573466477,0.2,0.1619189131819146,0.0,0.708952393097611
sleep_edf,EEGNet,1024,2024,5fold-subject,0,0.9093504639543184,0.6168726896711011,0.608614481954699,0.8201435449139506,0.9757489701127048
sleep_edf,EEGNet,1024,2024,5fold-subject,1,0.8020684736091298,0.5414735160835946,0.4463930009128608,0.6244943696595735,0.9403590593278214
sleep_edf,EEGNet,1024,2024,5fold-subject,2,0.889433962264151,0.5579629626257568,0.4943380139661678,0.7374462304961384,0.9731832407856402
sleep_edf,Patching_LogReg,1024,42,5fold-subject,0,0.7535849056603774,0.2,0.1718958467828706,0.0,0.6933108088207833
sleep_edf,Patching_LogReg,1024,42,5fold-subject,1,0.662384011420414,0.2,0.1593817088879347,0.0,0.8357403290285734
sleep_edf,Patching_LogReg,1024,42,5fold-subject,2,0.6800998573466477,0.2,0.1619189131819146,0.0,0.8383876997736708
sleep_edf,Patching_LogReg,1024,123,5fold-subject,0,0.7535849056603774,0.2,0.1718958467828706,0.0,0.6933180787446874
sleep_edf,Patching_LogReg,1024,123,5fold-subject,1,0.662384011420414,0.2,0.1593817088879347,0.0,0.8357382005778223
sleep_edf,Patching_LogReg,1024,123,5fold-subject,2,0.6800998573466477,0.2,0.1619189131819146,0.0,0.8383894361653773
sleep_edf,Patching_LogReg,1024,456,5fold-subject,0,0.7535849056603774,0.2,0.1718958467828706,0.0,0.6933105786743734
sleep_edf,Patching_LogReg,1024,456,5fold-subject,1,0.6800998573466477,0.2,0.1619189131819146,0.0,0.8383872579560304
sleep_edf,Patching_LogReg,1024,456,5fold-subject,2,0.662384011420414,0.2,0.1593817088879347,0.0,0.8357355497756164
sleep_edf,Patching_LogReg,1024,789,5fold-subject,0,0.662384011420414,0.2,0.1593817088879347,0.0,0.835737444656564
sleep_edf,Patching_LogReg,1024,789,5fold-subject,1,0.7535849056603774,0.2,0.1718958467828706,0.0,0.693304149708334
sleep_edf,Patching_LogReg,1024,789,5fold-subject,2,0.6800998573466477,0.2,0.1619189131819146,0.0,0.8383941045195709
sleep_edf,Patching_LogReg,1024,2024,5fold-subject,0,0.662384011420414,0.2,0.1593817088879347,0.0,0.8357405117887808
sleep_edf,Patching_LogReg,1024,2024,5fold-subject,1,0.6800998573466477,0.2,0.1619189131819146,0.0,0.8383873397743645
sleep_edf,Patching_LogReg,1024,2024,5fold-subject,2,0.7535849056603774,0.2,0.1718958467828706,0.0,0.6932953760798616
sleep_edf,VQ_LogReg,1024,42,5fold-subject,0,0.8135849056603773,0.3474956434651978,0.3018630619526151,0.4587740535677667,0.9630022099193768
sleep_edf,VQ_LogReg,1024,42,5fold-subject,1,0.6763026409707352,0.2141271168241502,0.1871107994389901,0.0676255730545495,0.969759908941612
sleep_edf,VQ_LogReg,1024,42,5fold-subject,2,0.890870185449358,0.5334068356674239,0.5307775269022788,0.7676346300294321,0.9720010042291124
sleep_edf,VQ_LogReg,1024,123,5fold-subject,0,0.8135849056603773,0.3474956434651978,0.3018630619526151,0.4587740535677667,0.9630017498111438
sleep_edf,VQ_LogReg,1024,123,5fold-subject,1,0.6763026409707352,0.2141271168241502,0.1871107994389901,0.0676255730545495,0.9697598858530962
sleep_edf,VQ_LogReg,1024,123,5fold-subject,2,0.890870185449358,0.5334068356674239,0.5307775269022788,0.7676346300294321,0.9720021186198624
sleep_edf,VQ_LogReg,1024,456,5fold-subject,0,0.8135849056603773,0.3474956434651978,0.3018630619526151,0.4587740535677667,0.9630032163281654
sleep_edf,VQ_LogReg,1024,456,5fold-subject,1,0.890870185449358,0.5334068356674239,0.5307775269022788,0.7676346300294321,0.9720022539377672
sleep_edf,VQ_LogReg,1024,456,5fold-subject,2,0.6763026409707352,0.2141271168241502,0.1871107994389901,0.0676255730545495,0.9697577889576096
sleep_edf,VQ_LogReg,1024,789,5fold-subject,0,0.6763026409707352,0.2141271168241502,0.1871107994389901,0.0676255730545495,0.969760348030396
sleep_edf,VQ_LogReg,1024,789,5fold-subject,1,0.8135849056603773,0.3474956434651978,0.3018630619526151,0.4587740535677667,0.9629996826340562
sleep_edf,VQ_LogReg,1024,789,5fold-subject,2,0.890870185449358,0.5334068356674239,0.5307775269022788,0.7676346300294321,0.9720033683285172
sleep_edf,VQ_LogReg,1024,2024,5fold-subject,0,0.6763026409707352,0.2141271168241502,0.1871107994389901,0.0676255730545495,0.9697580167771038
sleep_edf,VQ_LogReg,1024,2024,5fold-subject,1,0.890870185449358,0.5334068356674239,0.5307775269022788,0.7676346300294321,0.9720035947056352
sleep_edf,VQ_LogReg,1024,2024,5fold-subject,2,0.8135849056603773,0.3474956434651978,0.3018630619526151,0.4587740535677667,0.963001873157246
sleep_edf,Chronos_Binning,1024,42,5fold-subject,0,0.7535849056603774,0.2,0.1718958467828706,0.0,0.7677169001004553
sleep_edf,Chronos_Binning,1024,42,5fold-subject,1,0.662384011420414,0.2,0.1593817088879347,0.0,0.7867024435698944
sleep_edf,Chronos_Binning,1024,42,5fold-subject,2,0.6800998573466477,0.2,0.1619189131819146,0.0,0.7616909778405294
sleep_edf,Chronos_Binning,1024,123,5fold-subject,0,0.7535849056603774,0.2,0.1718958467828706,0.0,0.76772179066568
sleep_edf,Chronos_Binning,1024,123,5fold-subject,1,0.662384011420414,0.2,0.1593817088879347,0.0,0.7867023358907694
sleep_edf,Chronos_Binning,1024,123,5fold-subject,2,0.6800998573466477,0.2,0.1619189131819146,0.0,0.7616894099236278
sleep_edf,Chronos_Binning,1024,456,5fold-subject,0,0.7535849056603774,0.2,0.1718958467828706,0.0,0.7677214338366639
sleep_edf,Chronos_Binning,1024,456,5fold-subject,1,0.6800998573466477,0.2,0.1619189131819146,0.0,0.7616868790700375
sleep_edf,Chronos_Binning,1024,456,5fold-subject,2,0.662384011420414,0.2,0.1593817088879347,0.0,0.7867041203710432
sleep_edf,Chronos_Binning,1024,789,5fold-subject,0,0.662384011420414,0.2,0.1593817088879347,0.0,0.7867035580957085
sleep_edf,Chronos_Binning,1024,789,5fold-subject,1,0.7535849056603774,0.2,0.1718958467828706,0.0,0.7677157523478383
sleep_edf,Chronos_Binning,1024,789,5fold-subject,2,0.6800998573466477,0.2,0.1619189131819146,0.0,0.7616941929637633
sleep_edf,Chronos_Binning,1024,2024,5fold-subject,0,0.662384011420414,0.2,0.1593817088879347,0.0,0.7867032265238203
sleep_edf,Chronos_Binning,1024,2024,5fold-subject,1,0.6800998573466477,0.2,0.1619189131819146,0.0,0.7616892247590368
sleep_edf,Chronos_Binning,1024,2024,5fold-subject,2,0.7535849056603774,0.2,0.1718958467828706,0.0,0.7677205252614261
sleep_edf,PSD_LogReg,1024,42,5fold-subject,0,0.929433962264151,0.7466624337760559,0.7222809826642369,0.8326368169957642,0.9697504725687782
sleep_edf,PSD_LogReg,1024,42,5fold-subject,1,0.8211991434689507,0.7997715447267846,0.6805028490075344,0.6989266637184198,0.9586324412053188
sleep_edf,PSD_LogReg,1024,42,5fold-subject,2,0.7521398002853067,0.7431934639762432,0.6500101649645342,0.5770404027359828,0.964306423588555
sleep_edf,PSD_LogReg,1024,123,5fold-subject,0,0.929433962264151,0.7466624337760559,0.7222809826642369,0.8326368169957642,0.9697514456422022
sleep_edf,PSD_LogReg,1024,123,5fold-subject,1,0.8211991434689507,0.7997715447267846,0.6805028490075344,0.6989266637184198,0.9586180403128554
sleep_edf,PSD_LogReg,1024,123,5fold-subject,2,0.7521398002853067,0.7431934639762432,0.6500101649645342,0.5770404027359828,0.96431161657866
sleep_edf,PSD_LogReg,1024,456,5fold-subject,0,0.929433962264151,0.7466624337760559,0.7222809826642369,0.8326368169957642,0.9697501375794167
sleep_edf,PSD_LogReg,1024,456,5fold-subject,1,0.7521398002853067,0.7431934639762432,0.6500101649645342,0.5770404027359828,0.9643071587948312
sleep_edf,PSD_LogReg,1024,456,5fold-subject,2,0.8211991434689507,0.7997715447267846,0.6805028490075344,0.6989266637184198,0.958592449082162
sleep_edf,PSD_LogReg,1024,789,5fold-subject,0,0.8211991434689507,0.7997715447267846,0.6805028490075344,0.6989266637184198,0.9586253192043392
sleep_edf,PSD_LogReg,1024,789,5fold-subject,1,0.929811320754717,0.746762584001394,0.7227921196456746,0.833422722032912,0.9697466706658796
sleep_edf,PSD_LogReg,1024,789,5fold-subject,2,0.7521398002853067,0.7431934639762432,0.6500101649645342,0.5770404027359828,0.9643094199469304
sleep_edf,PSD_LogReg,1024,2024,5fold-subject,0,0.8211991434689507,0.7997715447267846,0.6805028490075344,0.6989266637184198,0.9585943840600892
sleep_edf,PSD_LogReg,1024,2024,5fold-subject,1,0.7521398002853067,0.7431934639762432,0.6500101649645342,0.5770404027359828,0.9643142643770668
sleep_edf,PSD_LogReg,1024,2024,5fold-subject,2,0.929433962264151,0.7466624337760559,0.7222809826642369,0.8326368169957642,0.9697457989603184
mental_arithmetic,BPE_Hist_LogReg,1024,42,5fold-subject,0,0.5,0.5,0.4857142857142857,0.0,0.4533333333333333
mental_arithmetic,BPE_Hist_LogReg,1024,42,5fold-subject,1,0.4,0.4,0.3973214285714286,-0.1999999999999999,0.4044444444444445
mental_arithmetic,BPE_Hist_LogReg,1024,42,5fold-subject,2,0.4333333333333333,0.4333333333333333,0.3023255813953488,-0.1333333333333333,0.2844444444444444
mental_arithmetic,BPE_Hist_LogReg,1024,123,5fold-subject,0,0.5,0.5,0.4857142857142857,0.0,0.4533333333333333
mental_arithmetic,BPE_Hist_LogReg,1024,123,5fold-subject,1,0.4666666666666667,0.4666666666666667,0.4570135746606335,-0.0666666666666666,0.4044444444444445
mental_arithmetic,BPE_Hist_LogReg,1024,123,5fold-subject,2,0.4333333333333333,0.4333333333333333,0.3023255813953488,-0.1333333333333333,0.2844444444444444
mental_arithmetic,BPE_Hist_LogReg,1024,456,5fold-subject,0,0.5,0.5,0.4857142857142857,0.0,0.4533333333333333
mental_arithmetic,BPE_Hist_LogReg,1024,456,5fold-subject,1,0.4333333333333333,0.4333333333333333,0.3023255813953488,-0.1333333333333333,0.2844444444444444
mental_arithmetic,BPE_Hist_LogReg,1024,456,5fold-subject,2,0.4666666666666667,0.4666666666666667,0.4570135746606335,-0.0666666666666666,0.4044444444444445
mental_arithmetic,BPE_Hist_LogReg,1024,789,5fold-subject,0,0.4,0.4,0.3973214285714286,-0.1999999999999999,0.4044444444444445
mental_arithmetic,BPE_Hist_LogReg,1024,789,5fold-subject,1,0.5,0.5,0.4857142857142857,0.0,0.4533333333333333
mental_arithmetic,BPE_Hist_LogReg,1024,789,5fold-subject,2,0.4333333333333333,0.4333333333333333,0.3023255813953488,-0.1333333333333333,0.2844444444444444
mental_arithmetic,BPE_Hist_LogReg,1024,2024,5fold-subject,0,0.4,0.4,0.3973214285714286,-0.1999999999999999,0.4044444444444445
mental_arithmetic,BPE_Hist_LogReg,1024,2024,5fold-subject,1,0.4333333333333333,0.4333333333333333,0.3023255813953488,-0.1333333333333333,0.2844444444444444
mental_arithmetic,BPE_Hist_LogReg,1024,2024,5fold-subject,2,0.5,0.5,0.4857142857142857,0.0,0.4533333333333333
mental_arithmetic,BPE_Hist_RF,1024,42,5fold-subject,0,0.5666666666666667,0.5666666666666667,0.5542857142857143,0.1333333333333333,0.54
mental_arithmetic,BPE_Hist_RF,1024,42,5fold-subject,1,0.3,0.3,0.2596944770857814,-0.3999999999999999,0.3466666666666667
mental_arithmetic,BPE_Hist_RF,1024,42,5fold-subject,2,0.4333333333333333,0.4333333333333333,0.4171428571428571,-0.1333333333333333,0.4444444444444444
mental_arithmetic,BPE_Hist_RF,1024,123,5fold-subject,0,0.5666666666666667,0.5666666666666667,0.5542857142857143,0.1333333333333333,0.54
mental_arithmetic,BPE_Hist_RF,1024,123,5fold-subject,1,0.3,0.3,0.2596944770857814,-0.3999999999999999,0.3466666666666667
mental_arithmetic,BPE_Hist_RF,1024,123,5fold-subject,2,0.4333333333333333,0.4333333333333333,0.4171428571428571,-0.1333333333333333,0.4444444444444444
mental_arithmetic,BPE_Hist_RF,1024,456,5fold-subject,0,0.5666666666666667,0.5666666666666667,0.5542857142857143,0.1333333333333333,0.54
mental_arithmetic,BPE_Hist_RF,1024,456,5fold-subject,1,0.4333333333333333,0.4333333333333333,0.4171428571428571,-0.1333333333333333,0.4444444444444444
mental_arithmetic,BPE_Hist_RF,1024,456,5fold-subject,2,0.3,0.3,0.2596944770857814,-0.3999999999999999,0.3466666666666667
mental_arithmetic,BPE_Hist_RF,1024,789,5fold-subject,0,0.3,0.3,0.2596944770857814,-0.3999999999999999,0.3466666666666667
mental_arithmetic,BPE_Hist_RF,1024,789,5fold-subject,1,0.5666666666666667,0.5666666666666667,0.5542857142857143,0.1333333333333333,0.54
mental_arithmetic,BPE_Hist_RF,1024,789,5fold-subject,2,0.4333333333333333,0.4333333333333333,0.4171428571428571,-0.1333333333333333,0.4444444444444444
mental_arithmetic,BPE_Hist_RF,1024,2024,5fold-subject,0,0.3,0.3,0.2596944770857814,-0.3999999999999999,0.3466666666666667
mental_arithmetic,BPE_Hist_RF,1024,2024,5fold-subject,1,0.4333333333333333,0.4333333333333333,0.4171428571428571,-0.1333333333333333,0.4444444444444444
mental_arithmetic,BPE_Hist_RF,1024,2024,5fold-subject,2,0.5666666666666667,0.5666666666666667,0.5542857142857143,0.1333333333333333,0.54
mental_arithmetic,BPE_Windowed_LogReg,1024,42,5fold-subject,0,0.6,0.6,0.5982142857142857,0.1999999999999999,0.7022222222222223
mental_arithmetic,BPE_Windowed_LogReg,1024,42,5fold-subject,1,0.6666666666666666,0.6666666666666666,0.6666666666666666,0.3333333333333333,0.6622222222222223
mental_arithmetic,BPE_Windowed_LogReg,1024,42,5fold-subject,2,0.5,0.5,0.4223363286264441,0.0,0.5511111111111111
mental_arithmetic,BPE_Windowed_LogReg,1024,123,5fold-subject,0,0.6,0.6,0.5982142857142857,0.1999999999999999,0.7022222222222223
mental_arithmetic,BPE_Windowed_LogReg,1024,123,5fold-subject,1,0.6666666666666666,0.6666666666666666,0.6666666666666666,0.3333333333333333,0.6666666666666667
mental_arithmetic,BPE_Windowed_LogReg,1024,123,5fold-subject,2,0.5,0.5,0.4223363286264441,0.0,0.5511111111111111
mental_arithmetic,BPE_Windowed_LogReg,1024,456,5fold-subject,0,0.6333333333333333,0.6333333333333333,0.6329254727474972,0.2666666666666667,0.7022222222222223
mental_arithmetic,BPE_Windowed_LogReg,1024,456,5fold-subject,1,0.5,0.5,0.4223363286264441,0.0,0.5511111111111111
mental_arithmetic,BPE_Windowed_LogReg,1024,456,5fold-subject,2,0.6666666666666666,0.6666666666666666,0.6666666666666666,0.3333333333333333,0.6666666666666667
mental_arithmetic,BPE_Windowed_LogReg,1024,789,5fold-subject,0,0.6666666666666666,0.6666666666666666,0.6666666666666666,0.3333333333333333,0.6666666666666667
mental_arithmetic,BPE_Windowed_LogReg,1024,789,5fold-subject,1,0.6,0.6,0.5982142857142857,0.1999999999999999,0.7022222222222223
mental_arithmetic,BPE_Windowed_LogReg,1024,789,5fold-subject,2,0.5,0.5,0.4223363286264441,0.0,0.5511111111111111
mental_arithmetic,BPE_Windowed_LogReg,1024,2024,5fold-subject,0,0.6666666666666666,0.6666666666666666,0.6666666666666666,0.3333333333333333,0.6666666666666667
mental_arithmetic,BPE_Windowed_LogReg,1024,2024,5fold-subject,1,0.5,0.5,0.4223363286264441,0.0,0.5511111111111111
mental_arithmetic,BPE_Windowed_LogReg,1024,2024,5fold-subject,2,0.6,0.6,0.5982142857142857,0.1999999999999999,0.7022222222222223
mental_arithmetic,BPE_WindowedSeq_CNN,1024,42,5fold-subject,0,0.5,0.5,0.3333333333333333,0.0,0.5688888888888889
mental_arithmetic,BPE_WindowedSeq_CNN,1024,42,5fold-subject,1,0.5,0.5,0.4994438264738599,0.0,0.5511111111111111
mental_arithmetic,BPE_WindowedSeq_CNN,1024,42,5fold-subject,2,0.5,0.5,0.3333333333333333,0.0,0.3555555555555555
mental_arithmetic,BPE_WindowedSeq_CNN,1024,123,5fold-subject,0,0.5,0.5,0.3333333333333333,0.0,0.3466666666666667
mental_arithmetic,BPE_WindowedSeq_CNN,1024,123,5fold-subject,1,0.5333333333333333,0.5333333333333333,0.4034090909090909,0.0666666666666666,0.6444444444444445
mental_arithmetic,BPE_WindowedSeq_CNN,1024,123,5fold-subject,2,0.3333333333333333,0.3333333333333333,0.3212669683257918,-0.3333333333333332,0.3377777777777778
mental_arithmetic,BPE_WindowedSeq_CNN,1024,456,5fold-subject,0,0.5,0.5,0.3333333333333333,0.0,0.5066666666666667
mental_arithmetic,BPE_WindowedSeq_CNN,1024,456,5fold-subject,1,0.5,0.5,0.3333333333333333,0.0,0.3377777777777778
mental_arithmetic,BPE_WindowedSeq_CNN,1024,456,5fold-subject,2,0.5666666666666667,0.5666666666666667,0.5542857142857143,0.1333333333333333,0.5422222222222223
mental_arithmetic,BPE_WindowedSeq_CNN,1024,789,5fold-subject,0,0.4666666666666667,0.4666666666666667,0.3181818181818182,-0.0666666666666666,0.4488888888888889
mental_arithmetic,BPE_WindowedSeq_CNN,1024,789,5fold-subject,1,0.5,0.5,0.3333333333333333,0.0,0.4088888888888888
mental_arithmetic,BPE_WindowedSeq_CNN,1024,789,5fold-subject,2,0.5,0.5,0.3333333333333333,0.0,0.3155555555555555
mental_arithmetic,BPE_WindowedSeq_CNN,1024,2024,5fold-subject,0,0.4333333333333333,0.4333333333333333,0.3023255813953488,-0.1333333333333333,0.3733333333333333
mental_arithmetic,BPE_WindowedSeq_CNN,1024,2024,5fold-subject,1,0.5,0.5,0.3333333333333333,0.0,0.3022222222222222
mental_arithmetic,BPE_WindowedSeq_CNN,1024,2024,5fold-subject,2,0.5,0.5,0.3333333333333333,0.0,0.4711111111111111
mental_arithmetic,BPE_Bigram_LogReg,1024,42,5fold-subject,0,0.5,0.5,0.3333333333333333,0.0,0.4755555555555555
mental_arithmetic,BPE_Bigram_LogReg,1024,42,5fold-subject,1,0.5,0.5,0.3333333333333333,0.0,0.0844444444444444
mental_arithmetic,BPE_Bigram_LogReg,1024,42,5fold-subject,2,0.4666666666666667,0.4666666666666667,0.3181818181818182,-0.0666666666666666,0.0444444444444444
mental_arithmetic,BPE_Bigram_LogReg,1024,123,5fold-subject,0,0.5333333333333333,0.5333333333333333,0.4034090909090909,0.0666666666666666,0.4666666666666667
mental_arithmetic,BPE_Bigram_LogReg,1024,123,5fold-subject,1,0.5,0.5,0.3333333333333333,0.0,0.0844444444444444
mental_arithmetic,BPE_Bigram_LogReg,1024,123,5fold-subject,2,0.5,0.5,0.3333333333333333,0.0,0.0444444444444444
mental_arithmetic,BPE_Bigram_LogReg,1024,456,5fold-subject,0,0.5,0.5,0.3333333333333333,0.0,0.4733333333333333
mental_arithmetic,BPE_Bigram_LogReg,1024,456,5fold-subject,1,0.5,0.5,0.3333333333333333,0.0,0.0444444444444444
mental_arithmetic,BPE_Bigram_LogReg,1024,456,5fold-subject,2,0.5,0.5,0.3333333333333333,0.0,0.0844444444444444
mental_arithmetic,BPE_Bigram_LogReg,1024,789,5fold-subject,0,0.5,0.5,0.3333333333333333,0.0,0.0844444444444444
mental_arithmetic,BPE_Bigram_LogReg,1024,789,5fold-subject,1,0.5,0.5,0.3333333333333333,0.0,0.4711111111111111
mental_arithmetic,BPE_Bigram_LogReg,1024,789,5fold-subject,2,0.1666666666666666,0.1666666666666666,0.1582491582491582,-0.6666666666666667,0.0444444444444444
mental_arithmetic,BPE_Bigram_LogReg,1024,2024,5fold-subject,0,0.2,0.1999999999999999,0.1855203619909502,-0.6000000000000001,0.0844444444444444
mental_arithmetic,BPE_Bigram_LogReg,1024,2024,5fold-subject,1,0.5,0.5,0.3333333333333333,0.0,0.0444444444444444
mental_arithmetic,BPE_Bigram_LogReg,1024,2024,5fold-subject,2,0.5,0.5,0.3333333333333333,0.0,0.4733333333333333
mental_arithmetic,BPE_Seq_CNN,1024,42,5fold-subject,0,0.5,0.5,0.3333333333333333,0.0,0.5333333333333333
mental_arithmetic,BPE_Seq_CNN,1024,42,5fold-subject,1,0.4333333333333333,0.4333333333333333,0.4007050528789659,-0.1333333333333333,0.4222222222222221
mental_arithmetic,BPE_Seq_CNN,1024,42,5fold-subject,2,0.5,0.5,0.3333333333333333,0.0,0.5555555555555556
mental_arithmetic,BPE_Seq_CNN,1024,123,5fold-subject,0,0.5,0.5,0.3333333333333333,0.0,0.2933333333333333
mental_arithmetic,BPE_Seq_CNN,1024,123,5fold-subject,1,0.5,0.5,0.3333333333333333,0.0,0.4
mental_arithmetic,BPE_Seq_CNN,1024,123,5fold-subject,2,0.6333333333333333,0.6333333333333333,0.6122209165687427,0.2666666666666667,0.5955555555555556
mental_arithmetic,BPE_Seq_CNN,1024,456,5fold-subject,0,0.4666666666666667,0.4666666666666667,0.3181818181818182,-0.0666666666666666,0.5955555555555556
mental_arithmetic,BPE_Seq_CNN,1024,456,5fold-subject,1,0.4666666666666667,0.4666666666666667,0.3650793650793651,-0.0666666666666666,0.3733333333333333
mental_arithmetic,BPE_Seq_CNN,1024,456,5fold-subject,2,0.5,0.5,0.3333333333333333,0.0,0.4933333333333333
mental_arithmetic,BPE_Seq_CNN,1024,789,5fold-subject,0,0.5,0.5,0.4857142857142857,0.0,0.4844444444444444
mental_arithmetic,BPE_Seq_CNN,1024,789,5fold-subject,1,0.6,0.6000000000000001,0.5833333333333333,0.1999999999999999,0.5688888888888889
mental_arithmetic,BPE_Seq_CNN,1024,789,5fold-subject,2,0.6,0.6,0.6,0.1999999999999999,0.6177777777777778
mental_arithmetic,BPE_Seq_CNN,1024,2024,5fold-subject,0,0.5,0.5,0.3333333333333333,0.0,0.6177777777777778
mental_arithmetic,BPE_Seq_CNN,1024,2024,5fold-subject,1,0.5,0.5,0.3333333333333333,0.0,0.6711111111111111
mental_arithmetic,BPE_Seq_CNN,1024,2024,5fold-subject,2,0.5,0.5,0.3333333333333333,0.0,0.5599999999999999
mental_arithmetic,BPE_Seq_Transformer,1024,42,5fold-subject,0,0.5,0.5,0.3333333333333333,0.0,0.5511111111111111
mental_arithmetic,BPE_Seq_Transformer,1024,42,5fold-subject,1,0.5,0.5,0.3333333333333333,0.0,0.6266666666666667
mental_arithmetic,BPE_Seq_Transformer,1024,42,5fold-subject,2,0.5,0.5,0.3333333333333333,0.0,0.3822222222222222
mental_arithmetic,BPE_Seq_Transformer,1024,123,5fold-subject,0,0.5,0.5,0.3333333333333333,0.0,0.5599999999999999
mental_arithmetic,BPE_Seq_Transformer,1024,123,5fold-subject,1,0.5,0.5,0.3333333333333333,0.0,0.4622222222222222
mental_arithmetic,BPE_Seq_Transformer,1024,123,5fold-subject,2,0.5,0.5,0.3333333333333333,0.0,0.4133333333333333
mental_arithmetic,BPE_Seq_Transformer,1024,456,5fold-subject,0,0.5,0.5,0.3333333333333333,0.0,0.52
mental_arithmetic,BPE_Seq_Transformer,1024,456,5fold-subject,1,0.5,0.5,0.3333333333333333,0.0,0.5555555555555556
mental_arithmetic,BPE_Seq_Transformer,1024,456,5fold-subject,2,0.5,0.5,0.3333333333333333,0.0,0.5022222222222221
mental_arithmetic,BPE_Seq_Transformer,1024,789,5fold-subject,0,0.5,0.5,0.3333333333333333,0.0,0.5022222222222221
mental_arithmetic,BPE_Seq_Transformer,1024,789,5fold-subject,1,0.5,0.5,0.3333333333333333,0.0,0.5822222222222222
mental_arithmetic,BPE_Seq_Transformer,1024,789,5fold-subject,2,0.5,0.5,0.3333333333333333,0.0,0.6799999999999999
mental_arithmetic,BPE_Seq_Transformer,1024,2024,5fold-subject,0,0.5,0.5,0.3333333333333333,0.0,0.5955555555555556
mental_arithmetic,BPE_Seq_Transformer,1024,2024,5fold-subject,1,0.5,0.5,0.3333333333333333,0.0,0.3777777777777777
mental_arithmetic,BPE_Seq_Transformer,1024,2024,5fold-subject,2,0.5,0.5,0.3333333333333333,0.0,0.5911111111111111
mental_arithmetic,BPE_Seq_CW_Transformer,1024,42,5fold-subject,0,0.5,0.5,0.3333333333333333,0.0,0.6088888888888888
mental_arithmetic,BPE_Seq_CW_Transformer,1024,42,5fold-subject,1,0.5,0.5,0.3333333333333333,0.0,0.4
mental_arithmetic,BPE_Seq_CW_Transformer,1024,42,5fold-subject,2,0.5,0.5,0.3333333333333333,0.0,0.2755555555555555
mental_arithmetic,BPE_Seq_CW_Transformer,1024,123,5fold-subject,0,0.5,0.5,0.3333333333333333,0.0,0.3822222222222222
mental_arithmetic,BPE_Seq_CW_Transformer,1024,123,5fold-subject,1,0.5,0.5,0.3333333333333333,0.0,0.36
mental_arithmetic,BPE_Seq_CW_Transformer,1024,123,5fold-subject,2,0.5,0.5,0.3333333333333333,0.0,0.7644444444444445
mental_arithmetic,BPE_Seq_CW_Transformer,1024,456,5fold-subject,0,0.5,0.5,0.3333333333333333,0.0,0.6977777777777778
mental_arithmetic,BPE_Seq_CW_Transformer,1024,456,5fold-subject,1,0.5,0.5,0.3333333333333333,0.0,0.5155555555555555
mental_arithmetic,BPE_Seq_CW_Transformer,1024,456,5fold-subject,2,0.5,0.5,0.3333333333333333,0.0,0.3066666666666666
mental_arithmetic,BPE_Seq_CW_Transformer,1024,789,5fold-subject,0,0.5,0.5,0.3333333333333333,0.0,0.4044444444444445
mental_arithmetic,BPE_Seq_CW_Transformer,1024,789,5fold-subject,1,0.5,0.5,0.3333333333333333,0.0,0.6444444444444444
mental_arithmetic,BPE_Seq_CW_Transformer,1024,789,5fold-subject,2,0.5,0.5,0.3333333333333333,0.0,0.5688888888888889
mental_arithmetic,BPE_Seq_CW_Transformer,1024,2024,5fold-subject,0,0.5,0.5,0.3333333333333333,0.0,0.4222222222222221
mental_arithmetic,BPE_Seq_CW_Transformer,1024,2024,5fold-subject,1,0.5,0.5,0.3333333333333333,0.0,0.5244444444444445
mental_arithmetic,BPE_Seq_CW_Transformer,1024,2024,5fold-subject,2,0.5,0.5,0.3333333333333333,0.0,0.6666666666666666
mental_arithmetic,EEGNet,1024,42,5fold-subject,0,0.5,0.5,0.3333333333333333,0.0,0.4622222222222222
mental_arithmetic,EEGNet,1024,42,5fold-subject,1,0.5,0.5,0.3333333333333333,0.0,0.6622222222222223
mental_arithmetic,EEGNet,1024,42,5fold-subject,2,0.5,0.5,0.3333333333333333,0.0,0.5622222222222222
mental_arithmetic,EEGNet,1024,123,5fold-subject,0,0.5,0.5,0.3333333333333333,0.0,0.4822222222222222
mental_arithmetic,EEGNet,1024,123,5fold-subject,1,0.5,0.5,0.3333333333333333,0.0,0.6666666666666667
mental_arithmetic,EEGNet,1024,123,5fold-subject,2,0.5,0.5,0.3333333333333333,0.0,0.48
mental_arithmetic,EEGNet,1024,456,5fold-subject,0,0.5,0.5,0.3333333333333333,0.0,0.3955555555555555
mental_arithmetic,EEGNet,1024,456,5fold-subject,1,0.5,0.5,0.3333333333333333,0.0,0.52
mental_arithmetic,EEGNet,1024,456,5fold-subject,2,0.5,0.5,0.3333333333333333,0.0,0.56
mental_arithmetic,EEGNet,1024,789,5fold-subject,0,0.5,0.5,0.3333333333333333,0.0,0.4755555555555555
mental_arithmetic,EEGNet,1024,789,5fold-subject,1,0.5,0.5,0.3333333333333333,0.0,0.4133333333333333
mental_arithmetic,EEGNet,1024,789,5fold-subject,2,0.5,0.5,0.3333333333333333,0.0,0.56
mental_arithmetic,EEGNet,1024,2024,5fold-subject,0,0.5,0.5,0.3333333333333333,0.0,0.48
mental_arithmetic,EEGNet,1024,2024,5fold-subject,1,0.5,0.5,0.3333333333333333,0.0,0.5244444444444445
mental_arithmetic,EEGNet,1024,2024,5fold-subject,2,0.5,0.5,0.3333333333333333,0.0,0.4222222222222223
mental_arithmetic,Patching_LogReg,1024,42,5fold-subject,0,0.5,0.5,0.3333333333333333,0.0,0.4222222222222222
mental_arithmetic,Patching_LogReg,1024,42,5fold-subject,1,0.5,0.5,0.3333333333333333,0.0,0.5111111111111111
mental_arithmetic,Patching_LogReg,1024,42,5fold-subject,2,0.5,0.5,0.3333333333333333,0.0,0.5244444444444444
mental_arithmetic,Patching_LogReg,1024,123,5fold-subject,0,0.5,0.5,0.3333333333333333,0.0,0.4222222222222222
mental_arithmetic,Patching_LogReg,1024,123,5fold-subject,1,0.5,0.5,0.3333333333333333,0.0,0.5111111111111111
mental_arithmetic,Patching_LogReg,1024,123,5fold-subject,2,0.5,0.5,0.3333333333333333,0.0,0.5244444444444444
mental_arithmetic,Patching_LogReg,1024,456,5fold-subject,0,0.5,0.5,0.3333333333333333,0.0,0.4222222222222222
mental_arithmetic,Patching_LogReg,1024,456,5fold-subject,1,0.5,0.5,0.3333333333333333,0.0,0.5244444444444444
mental_arithmetic,Patching_LogReg,1024,456,5fold-subject,2,0.5,0.5,0.3333333333333333,0.0,0.5111111111111111
mental_arithmetic,Patching_LogReg,1024,789,5fold-subject,0,0.5,0.5,0.3333333333333333,0.0,0.5111111111111111
mental_arithmetic,Patching_LogReg,1024,789,5fold-subject,1,0.5,0.5,0.3333333333333333,0.0,0.4222222222222222
mental_arithmetic,Patching_LogReg,1024,789,5fold-subject,2,0.5,0.5,0.3333333333333333,0.0,0.5244444444444444
mental_arithmetic,Patching_LogReg,1024,2024,5fold-subject,0,0.5,0.5,0.3333333333333333,0.0,0.5111111111111111
mental_arithmetic,Patching_LogReg,1024,2024,5fold-subject,1,0.5,0.5,0.3333333333333333,0.0,0.5244444444444444
mental_arithmetic,Patching_LogReg,1024,2024,5fold-subject,2,0.5,0.5,0.3333333333333333,0.0,0.4222222222222222
mental_arithmetic,VQ_LogReg,1024,42,5fold-subject,0,0.5,0.5,0.3333333333333333,0.0,0.3288888888888889
mental_arithmetic,VQ_LogReg,1024,42,5fold-subject,1,0.5,0.5,0.3333333333333333,0.0,0.64
mental_arithmetic,VQ_LogReg,1024,42,5fold-subject,2,0.4333333333333333,0.4333333333333333,0.4171428571428571,-0.1333333333333333,0.3955555555555555
mental_arithmetic,VQ_LogReg,1024,123,5fold-subject,0,0.5,0.5,0.3333333333333333,0.0,0.3288888888888889
mental_arithmetic,VQ_LogReg,1024,123,5fold-subject,1,0.5,0.5,0.3333333333333333,0.0,0.64
mental_arithmetic,VQ_LogReg,1024,123,5fold-subject,2,0.4333333333333333,0.4333333333333333,0.4171428571428571,-0.1333333333333333,0.3955555555555555
mental_arithmetic,VQ_LogReg,1024,456,5fold-subject,0,0.5,0.5,0.3333333333333333,0.0,0.3288888888888889
mental_arithmetic,VQ_LogReg,1024,456,5fold-subject,1,0.4666666666666667,0.4666666666666667,0.4570135746606335,-0.0666666666666666,0.3955555555555555
mental_arithmetic,VQ_LogReg,1024,456,5fold-subject,2,0.5,0.5,0.3333333333333333,0.0,0.64
mental_arithmetic,VQ_LogReg,1024,789,5fold-subject,0,0.5,0.5,0.3333333333333333,0.0,0.64
mental_arithmetic,VQ_LogReg,1024,789,5fold-subject,1,0.5,0.5,0.3333333333333333,0.0,0.3288888888888889
mental_arithmetic,VQ_LogReg,1024,789,5fold-subject,2,0.4333333333333333,0.4333333333333333,0.4171428571428571,-0.1333333333333333,0.3955555555555555
mental_arithmetic,VQ_LogReg,1024,2024,5fold-subject,0,0.5,0.5,0.3333333333333333,0.0,0.64
mental_arithmetic,VQ_LogReg,1024,2024,5fold-subject,1,0.4333333333333333,0.4333333333333333,0.4171428571428571,-0.1333333333333333,0.3955555555555555
mental_arithmetic,VQ_LogReg,1024,2024,5fold-subject,2,0.5,0.5,0.3333333333333333,0.0,0.3288888888888889
mental_arithmetic,Chronos_Binning,1024,42,5fold-subject,0,0.4,0.4,0.3891402714932127,-0.1999999999999999,0.3288888888888889
mental_arithmetic,Chronos_Binning,1024,42,5fold-subject,1,0.5666666666666667,0.5666666666666667,0.5542857142857143,0.1333333333333333,0.52
mental_arithmetic,Chronos_Binning,1024,42,5fold-subject,2,0.4333333333333333,0.4333333333333333,0.4276094276094276,-0.1333333333333333,0.4133333333333333
mental_arithmetic,Chronos_Binning,1024,123,5fold-subject,0,0.4333333333333333,0.4333333333333333,0.4276094276094276,-0.1333333333333333,0.3288888888888889
mental_arithmetic,Chronos_Binning,1024,123,5fold-subject,1,0.5666666666666667,0.5666666666666667,0.5542857142857143,0.1333333333333333,0.52
mental_arithmetic,Chronos_Binning,1024,123,5fold-subject,2,0.4333333333333333,0.4333333333333333,0.4276094276094276,-0.1333333333333333,0.4133333333333333
mental_arithmetic,Chronos_Binning,1024,456,5fold-subject,0,0.3666666666666666,0.3666666666666667,0.3659621802002225,-0.2666666666666666,0.3288888888888889
mental_arithmetic,Chronos_Binning,1024,456,5fold-subject,1,0.4333333333333333,0.4333333333333333,0.4276094276094276,-0.1333333333333333,0.4133333333333333
mental_arithmetic,Chronos_Binning,1024,456,5fold-subject,2,0.5666666666666667,0.5666666666666667,0.5542857142857143,0.1333333333333333,0.52
mental_arithmetic,Chronos_Binning,1024,789,5fold-subject,0,0.5666666666666667,0.5666666666666667,0.5542857142857143,0.1333333333333333,0.52
mental_arithmetic,Chronos_Binning,1024,789,5fold-subject,1,0.4333333333333333,0.4333333333333333,0.4276094276094276,-0.1333333333333333,0.3288888888888889
mental_arithmetic,Chronos_Binning,1024,789,5fold-subject,2,0.4333333333333333,0.4333333333333333,0.4276094276094276,-0.1333333333333333,0.4133333333333333
mental_arithmetic,Chronos_Binning,1024,2024,5fold-subject,0,0.5333333333333333,0.5333333333333333,0.513888888888889,0.0666666666666666,0.52
mental_arithmetic,Chronos_Binning,1024,2024,5fold-subject,1,0.4333333333333333,0.4333333333333333,0.4276094276094276,-0.1333333333333333,0.4133333333333333
mental_arithmetic,Chronos_Binning,1024,2024,5fold-subject,2,0.4333333333333333,0.4333333333333333,0.4276094276094276,-0.1333333333333333,0.3288888888888889
mental_arithmetic,PSD_LogReg,1024,42,5fold-subject,0,0.6,0.6,0.5238095238095238,0.1999999999999999,0.7555555555555555
mental_arithmetic,PSD_LogReg,1024,42,5fold-subject,1,0.8,0.8,0.7963800904977376,0.6,0.8533333333333334
mental_arithmetic,PSD_LogReg,1024,42,5fold-subject,2,0.5,0.5,0.3333333333333333,0.0,0.3422222222222222
mental_arithmetic,PSD_LogReg,1024,123,5fold-subject,0,0.6,0.6,0.5238095238095238,0.1999999999999999,0.7244444444444444
mental_arithmetic,PSD_LogReg,1024,123,5fold-subject,1,0.8333333333333334,0.8333333333333333,0.8316498316498316,0.6666666666666667,0.8533333333333334
mental_arithmetic,PSD_LogReg,1024,123,5fold-subject,2,0.5,0.5,0.3333333333333333,0.0,0.3555555555555555
mental_arithmetic,PSD_LogReg,1024,456,5fold-subject,0,0.6,0.6,0.5238095238095238,0.1999999999999999,0.7555555555555555
mental_arithmetic,PSD_LogReg,1024,456,5fold-subject,1,0.5,0.5,0.3333333333333333,0.0,0.3644444444444444
mental_arithmetic,PSD_LogReg,1024,456,5fold-subject,2,0.8333333333333334,0.8333333333333333,0.8316498316498316,0.6666666666666667,0.8533333333333334
mental_arithmetic,PSD_LogReg,1024,789,5fold-subject,0,0.8333333333333334,0.8333333333333333,0.8316498316498316,0.6666666666666667,0.8533333333333334
mental_arithmetic,PSD_LogReg,1024,789,5fold-subject,1,0.6,0.6,0.5238095238095238,0.1999999999999999,0.76
mental_arithmetic,PSD_LogReg,1024,789,5fold-subject,2,0.5,0.5,0.3333333333333333,0.0,0.3422222222222222
mental_arithmetic,PSD_LogReg,1024,2024,5fold-subject,0,0.8,0.8,0.7991071428571428,0.6,0.8488888888888888
mental_arithmetic,PSD_LogReg,1024,2024,5fold-subject,1,0.5,0.5,0.3333333333333333,0.0,0.3511111111111111
mental_arithmetic,PSD_LogReg,1024,2024,5fold-subject,2,0.6,0.6,0.5238095238095238,0.1999999999999999,0.768888888888889
epfl_p300,BPE_Hist_LogReg,1024,42,LOSO,0,0.5821759259259259,0.4812499999999999,0.4622641509433962,-0.0255681818181818,0.4883584104938272
epfl_p300,BPE_Hist_LogReg,1024,42,LOSO,1,0.6846064814814815,0.5038194444444445,0.5005470456617397,0.0066828675577156,0.4948085455246913
epfl_p300,BPE_Hist_LogReg,1024,42,LOSO,2,0.6140046296296297,0.5225694444444444,0.494941200133388,0.031461761858664,0.5265347704475309
epfl_p300,BPE_Hist_LogReg,1024,123,LOSO,0,0.5850694444444444,0.4829861111111111,0.4640975145148475,-0.023311132254995,0.4884307484567901
epfl_p300,BPE_Hist_LogReg,1024,123,LOSO,1,0.6846064814814815,0.5038194444444445,0.5005470456617397,0.0066828675577156,0.494825424382716
epfl_p300,BPE_Hist_LogReg,1024,123,LOSO,2,0.6140046296296297,0.5211805555555555,0.4941964793130127,0.0295829291949564,0.5265046296296296
epfl_p300,BPE_Hist_LogReg,1024,456,LOSO,0,0.5821759259259259,0.4812499999999999,0.4622641509433962,-0.0255681818181818,0.4883957851080247
epfl_p300,BPE_Hist_LogReg,1024,456,LOSO,1,0.6846064814814815,0.5038194444444445,0.5005470456617397,0.0066828675577156,0.4948109567901234
epfl_p300,BPE_Hist_LogReg,1024,456,LOSO,2,0.6145833333333334,0.5229166666666667,0.4953271028037383,0.0319767441860464,0.5265046296296296
epfl_p300,BPE_Hist_LogReg,1024,789,LOSO,0,0.5839120370370371,0.4822916666666667,0.4633640042449475,-0.0242165242165242,0.4883897569444444
epfl_p300,BPE_Hist_LogReg,1024,789,LOSO,1,0.6857638888888888,0.5017361111111112,0.4990258729635833,0.0030599755201957,0.4948157793209876
epfl_p300,BPE_Hist_LogReg,1024,789,LOSO,2,0.6140046296296297,0.5225694444444444,0.494941200133388,0.031461761858664,0.5265263310185185
epfl_p300,BPE_Hist_LogReg,1024,2024,LOSO,0,0.5833333333333334,0.4819444444444444,0.4629973325967041,-0.0246679316888045,0.4883270640432099
epfl_p300,BPE_Hist_LogReg,1024,2024,LOSO,1,0.6851851851851852,0.5055555555555555,0.5020172910662825,0.0097087378640777,0.4947868441358024
epfl_p300,BPE_Hist_LogReg,1024,2024,LOSO,2,0.6140046296296297,0.5211805555555555,0.4941964793130127,0.0295829291949564,0.526539592978395
epfl_p300,BPE_Hist_RF,1024,42,LOSO,0,0.8333333333333334,0.5,0.4545454545454545,0.0,0.5073326581790124
epfl_p300,BPE_Hist_RF,1024,42,LOSO,1,0.8333333333333334,0.5,0.4545454545454545,0.0,0.4911072530864197
epfl_p300,BPE_Hist_RF,1024,42,LOSO,2,0.8333333333333334,0.5,0.4545454545454545,0.0,0.5540581597222223
epfl_p300,BPE_Hist_RF,1024,123,LOSO,0,0.8333333333333334,0.5,0.4545454545454545,0.0,0.5073326581790124
epfl_p300,BPE_Hist_RF,1024,123,LOSO,1,0.8333333333333334,0.5,0.4545454545454545,0.0,0.4911072530864197
epfl_p300,BPE_Hist_RF,1024,123,LOSO,2,0.8333333333333334,0.5,0.4545454545454545,0.0,0.5540581597222223
epfl_p300,BPE_Hist_RF,1024,456,LOSO,0,0.8333333333333334,0.5,0.4545454545454545,0.0,0.5073326581790124
epfl_p300,BPE_Hist_RF,1024,456,LOSO,1,0.8333333333333334,0.5,0.4545454545454545,0.0,0.4911072530864197
epfl_p300,BPE_Hist_RF,1024,456,LOSO,2,0.8333333333333334,0.5,0.4545454545454545,0.0,0.5540581597222223
epfl_p300,BPE_Hist_RF,1024,789,LOSO,0,0.8333333333333334,0.5,0.4545454545454545,0.0,0.5073326581790124
epfl_p300,BPE_Hist_RF,1024,789,LOSO,1,0.8333333333333334,0.5,0.4545454545454545,0.0,0.4911072530864197
epfl_p300,BPE_Hist_RF,1024,789,LOSO,2,0.8333333333333334,0.5,0.4545454545454545,0.0,0.5540581597222223
epfl_p300,BPE_Hist_RF,1024,2024,LOSO,0,0.8333333333333334,0.5,0.4545454545454545,0.0,0.5073326581790124
epfl_p300,BPE_Hist_RF,1024,2024,LOSO,1,0.8333333333333334,0.5,0.4545454545454545,0.0,0.4911072530864197
epfl_p300,BPE_Hist_RF,1024,2024,LOSO,2,0.8333333333333334,0.5,0.4545454545454545,0.0,0.5540581597222223
epfl_p300,BPE_Windowed_LogReg,1024,42,LOSO,0,0.7609953703703703,0.596875,0.5915419682179927,0.1837944664031621,0.6666835455246913
epfl_p300,BPE_Windowed_LogReg,1024,42,LOSO,1,0.7910879629629629,0.6149305555555555,0.6170041117194134,0.234087694483734,0.7159698109567901
epfl_p300,BPE_Windowed_LogReg,1024,42,LOSO,2,0.7216435185185185,0.6399305555555556,0.6014314876451952,0.2183098591549296,0.6884765625
epfl_p300,BPE_Windowed_LogReg,1024,123,LOSO,0,0.7604166666666666,0.5951388888888889,0.5900304185472909,0.1807387862796834,0.6667148919753085
epfl_p300,BPE_Windowed_LogReg,1024,123,LOSO,1,0.7910879629629629,0.6149305555555555,0.6170041117194134,0.234087694483734,0.7158757716049382
epfl_p300,BPE_Windowed_LogReg,1024,123,LOSO,2,0.71875,0.6381944444444445,0.5991079066357082,0.2144396551724137,0.6884789737654322
epfl_p300,BPE_Windowed_LogReg,1024,456,LOSO,0,0.7604166666666666,0.5951388888888889,0.5900304185472909,0.1807387862796834,0.6666618441358025
epfl_p300,BPE_Windowed_LogReg,1024,456,LOSO,1,0.7910879629629629,0.6149305555555555,0.6170041117194134,0.234087694483734,0.7159963348765432
epfl_p300,BPE_Windowed_LogReg,1024,456,LOSO,2,0.7193287037037037,0.6385416666666667,0.5995717068514004,0.215210355987055,0.6884765625
epfl_p300,BPE_Windowed_LogReg,1024,789,LOSO,0,0.7609953703703703,0.5954861111111112,0.5904975960531548,0.1816380449141347,0.6665678047839505
epfl_p300,BPE_Windowed_LogReg,1024,789,LOSO,1,0.7910879629629629,0.6149305555555555,0.6170041117194134,0.234087694483734,0.7159481095679012
epfl_p300,BPE_Windowed_LogReg,1024,789,LOSO,2,0.71875,0.6381944444444445,0.5991079066357082,0.2144396551724137,0.6885416666666666
epfl_p300,BPE_Windowed_LogReg,1024,2024,LOSO,0,0.7604166666666666,0.5951388888888889,0.5900304185472909,0.1807387862796834,0.6667365933641974
epfl_p300,BPE_Windowed_LogReg,1024,2024,LOSO,1,0.7910879629629629,0.6149305555555555,0.6170041117194134,0.234087694483734,0.7159601658950617
epfl_p300,BPE_Windowed_LogReg,1024,2024,LOSO,2,0.71875,0.6381944444444445,0.5991079066357082,0.2144396551724137,0.6884645061728395
epfl_p300,BPE_WindowedSeq_CNN,1024,42,LOSO,0,0.8333333333333334,0.5,0.4545454545454545,0.0,0.5651765046296297
epfl_p300,BPE_WindowedSeq_CNN,1024,42,LOSO,1,0.8333333333333334,0.5,0.4545454545454545,0.0,0.5934678819444444
epfl_p300,BPE_WindowedSeq_CNN,1024,42,LOSO,2,0.8333333333333334,0.5,0.4545454545454545,0.0,0.5914568865740741
epfl_p300,BPE_WindowedSeq_CNN,1024,123,LOSO,0,0.8310185185185185,0.5,0.4572280525113271,0.0,0.5676239390432098
epfl_p300,BPE_WindowedSeq_CNN,1024,123,LOSO,1,0.8333333333333334,0.5,0.4545454545454545,0.0,0.5724163290895061
epfl_p300,BPE_WindowedSeq_CNN,1024,123,LOSO,2,0.8333333333333334,0.5,0.4545454545454545,0.0,0.5595679012345679
epfl_p300,BPE_WindowedSeq_CNN,1024,456,LOSO,0,0.8333333333333334,0.5,0.4545454545454545,0.0,0.5792908468364197
epfl_p300,BPE_WindowedSeq_CNN,1024,456,LOSO,1,0.8333333333333334,0.5,0.4545454545454545,0.0,0.5692153742283951
epfl_p300,BPE_WindowedSeq_CNN,1024,456,LOSO,2,0.8333333333333334,0.5,0.4545454545454545,0.0,0.5969376929012347
epfl_p300,BPE_WindowedSeq_CNN,1024,789,LOSO,0,0.8333333333333334,0.5,0.4545454545454545,0.0,0.5892554012345679
epfl_p300,BPE_WindowedSeq_CNN,1024,789,LOSO,1,0.8333333333333334,0.5,0.4545454545454545,0.0,0.5575327932098766
epfl_p300,BPE_WindowedSeq_CNN,1024,789,LOSO,2,0.8333333333333334,0.5,0.4545454545454545,0.0,0.5851104359567901
epfl_p300,BPE_WindowedSeq_CNN,1024,2024,LOSO,0,0.8333333333333334,0.5,0.4545454545454545,0.0,0.5480215567129629
epfl_p300,BPE_WindowedSeq_CNN,1024,2024,LOSO,1,0.8333333333333334,0.5,0.4545454545454545,0.0,0.5603443287037037
epfl_p300,BPE_WindowedSeq_CNN,1024,2024,LOSO,2,0.8333333333333334,0.5,0.4545454545454545,0.0,0.5597945601851853
epfl_p300,BPE_Bigram_LogReg,1024,42,LOSO,0,0.2922453703703703,0.5072916666666667,0.2920725365169809,0.0056910569105691,0.5209273726851852
epfl_p300,BPE_Bigram_LogReg,1024,42,LOSO,1,0.7112268518518519,0.5170138888888889,0.5150825308756186,0.0316946959896508,0.5186656057098766
epfl_p300,BPE_Bigram_LogReg,1024,42,LOSO,2,0.5329861111111112,0.565625,0.4766377868977048,0.0724137931034483,0.5934112172067901
epfl_p300,BPE_Bigram_LogReg,1024,123,LOSO,0,0.6140046296296297,0.5045138888888889,0.4849418547752461,0.006454816285998,0.5209575135030864
epfl_p300,BPE_Bigram_LogReg,1024,123,LOSO,1,0.4988425925925926,0.5090277777777779,0.4400325701695564,0.0099085365853659,0.5186873070987654
epfl_p300,BPE_Bigram_LogReg,1024,123,LOSO,2,0.7089120370370371,0.5572916666666666,0.5460608880804321,0.0985663082437275,0.5933931327160493
epfl_p300,BPE_Bigram_LogReg,1024,456,LOSO,0,0.7158564814814815,0.5059027777777778,0.5055246509757526,0.0114093959731542,0.5209502797067901
epfl_p300,BPE_Bigram_LogReg,1024,456,LOSO,1,0.7881944444444444,0.5118055555555556,0.5060342969255234,0.030035335689046,0.518675250771605
epfl_p300,BPE_Bigram_LogReg,1024,456,LOSO,2,0.6741898148148148,0.565625,0.540124651677267,0.1006389776357827,0.5933955439814814
epfl_p300,BPE_Bigram_LogReg,1024,789,LOSO,0,0.3402777777777778,0.4944444444444444,0.3338302192294842,-0.0047003525264395,0.5209985050154322
epfl_p300,BPE_Bigram_LogReg,1024,789,LOSO,1,0.7065972222222222,0.5170138888888889,0.5144708949992103,0.0312101910828026,0.5186728395061728
epfl_p300,BPE_Bigram_LogReg,1024,789,LOSO,2,0.4936342592592592,0.5600694444444444,0.4526211374402435,0.0618298784846319,0.5933955439814814
epfl_p300,BPE_Bigram_LogReg,1024,2024,LOSO,0,0.5902777777777778,0.5083333333333333,0.4792123208949506,0.0111731843575418,0.5209442515432099
epfl_p300,BPE_Bigram_LogReg,1024,2024,LOSO,1,0.7065972222222222,0.5211805555555555,0.5179460147692639,0.038558786346397,0.5186885127314814
epfl_p300,BPE_Bigram_LogReg,1024,2024,LOSO,2,0.4670138888888889,0.5510416666666667,0.4340561040789873,0.0505154639175258,0.5933774594907407
epfl_p300,BPE_Seq_CNN,1024,42,LOSO,0,0.8333333333333334,0.5,0.4545454545454545,0.0,0.5098572530864197
epfl_p300,BPE_Seq_CNN,1024,42,LOSO,1,0.8333333333333334,0.5,0.4545454545454545,0.0,0.5683364679783951
epfl_p300,BPE_Seq_CNN,1024,42,LOSO,2,0.8333333333333334,0.5,0.4545454545454545,0.0,0.5580222800925926
epfl_p300,BPE_Seq_CNN,1024,123,LOSO,0,0.8333333333333334,0.5,0.4545454545454545,0.0,0.5085334683641975
epfl_p300,BPE_Seq_CNN,1024,123,LOSO,1,0.8333333333333334,0.5,0.4545454545454545,0.0,0.5479624807098766
epfl_p300,BPE_Seq_CNN,1024,123,LOSO,2,0.8333333333333334,0.5,0.4545454545454545,0.0,0.5604106385030864
epfl_p300,BPE_Seq_CNN,1024,456,LOSO,0,0.8333333333333334,0.5,0.4545454545454545,0.0,0.505444637345679
epfl_p300,BPE_Seq_CNN,1024,456,LOSO,1,0.8333333333333334,0.5,0.4545454545454545,0.0,0.5779513888888889
epfl_p300,BPE_Seq_CNN,1024,456,LOSO,2,0.8333333333333334,0.5,0.4545454545454545,0.0,0.5345389660493827
epfl_p300,BPE_Seq_CNN,1024,789,LOSO,0,0.8333333333333334,0.5,0.4545454545454545,0.0,0.5156081211419753
epfl_p300,BPE_Seq_CNN,1024,789,LOSO,1,0.8333333333333334,0.5,0.4545454545454545,0.0,0.5641951195987654
epfl_p300,BPE_Seq_CNN,1024,789,LOSO,2,0.8333333333333334,0.5,0.4545454545454545,0.0,0.535279224537037
epfl_p300,BPE_Seq_CNN,1024,2024,LOSO,0,0.8333333333333334,0.5,0.4545454545454545,0.0,0.502782600308642
epfl_p300,BPE_Seq_CNN,1024,2024,LOSO,1,0.8333333333333334,0.5,0.4545454545454545,0.0,0.5550829475308642
epfl_p300,BPE_Seq_CNN,1024,2024,LOSO,2,0.8333333333333334,0.5,0.4545454545454545,0.0,0.538548900462963
epfl_p300,BPE_Seq_Transformer,1024,42,LOSO,0,0.8333333333333334,0.5,0.4545454545454545,0.0,0.5081356095679013
epfl_p300,BPE_Seq_Transformer,1024,42,LOSO,1,0.8333333333333334,0.5,0.4545454545454545,0.0,0.5725959683641976
epfl_p300,BPE_Seq_Transformer,1024,42,LOSO,2,0.8333333333333334,0.5,0.4545454545454545,0.0,0.5655430169753086
epfl_p300,BPE_Seq_Transformer,1024,123,LOSO,0,0.8333333333333334,0.5,0.4545454545454545,0.0,0.5052589699074074
epfl_p300,BPE_Seq_Transformer,1024,123,LOSO,1,0.8333333333333334,0.5,0.4545454545454545,0.0,0.5799527391975308
epfl_p300,BPE_Seq_Transformer,1024,123,LOSO,2,0.8333333333333334,0.5,0.4545454545454545,0.0,0.5504292052469135
epfl_p300,BPE_Seq_Transformer,1024,456,LOSO,0,0.8333333333333334,0.5,0.4545454545454545,0.0,0.511328125
epfl_p300,BPE_Seq_Transformer,1024,456,LOSO,1,0.8333333333333334,0.5,0.4545454545454545,0.0,0.5742500964506173
epfl_p300,BPE_Seq_Transformer,1024,456,LOSO,2,0.8333333333333334,0.5,0.4545454545454545,0.0,0.5663170331790124
epfl_p300,BPE_Seq_Transformer,1024,789,LOSO,0,0.8333333333333334,0.5,0.4545454545454545,0.0,0.5084514853395061
epfl_p300,BPE_Seq_Transformer,1024,789,LOSO,1,0.8333333333333334,0.5,0.4545454545454545,0.0,0.5807677469135801
epfl_p300,BPE_Seq_Transformer,1024,789,LOSO,2,0.8333333333333334,0.5,0.4545454545454545,0.0,0.5581512827932098
epfl_p300,BPE_Seq_Transformer,1024,2024,LOSO,0,0.8333333333333334,0.5,0.4545454545454545,0.0,0.513575424382716
epfl_p300,BPE_Seq_Transformer,1024,2024,LOSO,1,0.8333333333333334,0.5,0.4545454545454545,0.0,0.5853744695216049
epfl_p300,BPE_Seq_Transformer,1024,2024,LOSO,2,0.8333333333333334,0.5,0.4545454545454545,0.0,0.5623963155864198
epfl_p300,BPE_Seq_CW_Transformer,1024,42,LOSO,0,0.8339120370370371,0.5017361111111112,0.4581491877198139,0.0057736720554271,0.5902801890432099
epfl_p300,BPE_Seq_CW_Transformer,1024,42,LOSO,1,0.8321759259259259,0.4993055555555555,0.4542008843967151,-0.0023041474654377,0.5729070216049383
epfl_p300,BPE_Seq_CW_Transformer,1024,42,LOSO,2,0.8333333333333334,0.5,0.4545454545454545,0.0,0.5621021412037037
epfl_p300,BPE_Seq_CW_Transformer,1024,123,LOSO,0,0.8333333333333334,0.5013888888888889,0.4579650162284619,0.0046082949308756,0.5640890239197531
epfl_p300,BPE_Seq_CW_Transformer,1024,123,LOSO,1,0.8333333333333334,0.5,0.4545454545454545,0.0,0.5150366512345679
epfl_p300,BPE_Seq_CW_Transformer,1024,123,LOSO,2,0.8333333333333334,0.5,0.4545454545454545,0.0,0.584714988425926
epfl_p300,BPE_Seq_CW_Transformer,1024,456,LOSO,0,0.8356481481481481,0.5097222222222222,0.4753335614095108,0.0318181818181819,0.5786603009259259
epfl_p300,BPE_Seq_CW_Transformer,1024,456,LOSO,1,0.8333333333333334,0.5,0.4545454545454545,0.0,0.5385802469135803
epfl_p300,BPE_Seq_CW_Transformer,1024,456,LOSO,2,0.8333333333333334,0.5,0.4545454545454545,0.0,0.5599524980709877
epfl_p300,BPE_Seq_CW_Transformer,1024,789,LOSO,0,0.8344907407407407,0.5048611111111111,0.4650780181147498,0.0160550458715594,0.590576774691358
epfl_p300,BPE_Seq_CW_Transformer,1024,789,LOSO,1,0.8333333333333334,0.5,0.4545454545454545,0.0,0.5669777199074074
epfl_p300,BPE_Seq_CW_Transformer,1024,789,LOSO,2,0.8333333333333334,0.5041666666666667,0.4646632846687062,0.0136986301369863,0.5601658950617284
epfl_p300,BPE_Seq_CW_Transformer,1024,2024,LOSO,0,0.8333333333333334,0.5,0.4545454545454545,0.0,0.5335756655092593
epfl_p300,BPE_Seq_CW_Transformer,1024,2024,LOSO,1,0.8304398148148148,0.4996527777777778,0.457043737499933,-0.0011389521640092,0.5922670717592593
epfl_p300,BPE_Seq_CW_Transformer,1024,2024,LOSO,2,0.8327546296296297,0.5038194444444445,0.4644561096842342,0.0125284738041,0.5789834104938272
epfl_p300,EEGNet,1024,42,LOSO,0,0.8333333333333334,0.5638888888888889,0.5742385873656835,0.1755725190839695,0.7308159722222223
epfl_p300,EEGNet,1024,42,LOSO,1,0.8715277777777778,0.6368055555555556,0.6762788813690909,0.3716981132075472,0.9112606095679012
epfl_p300,EEGNet,1024,42,LOSO,2,0.8263888888888888,0.7124999999999999,0.7021593447505584,0.4047619047619047,0.8109302662037038
epfl_p300,EEGNet,1024,123,LOSO,0,0.8420138888888888,0.6204861111111111,0.6438224397359533,0.2975986277873069,0.8112364969135801
epfl_p300,EEGNet,1024,123,LOSO,1,0.8582175925925926,0.5927083333333334,0.6173338648140767,0.2664670658682635,0.9013286072530864
epfl_p300,EEGNet,1024,123,LOSO,2,0.8072916666666666,0.6774305555555555,0.6689721825121743,0.3384105960264901,0.7885874807098765
epfl_p300,EEGNet,1024,456,LOSO,0,0.8472222222222222,0.6194444444444445,0.6451436252302485,0.3028169014084506,0.8074701003086421
epfl_p300,EEGNet,1024,456,LOSO,1,0.8599537037037037,0.5965277777777778,0.6229537167608585,0.2768924302788843,0.9162880979938272
epfl_p300,EEGNet,1024,456,LOSO,2,0.8223379629629629,0.6822916666666667,0.6815335490877263,0.3630705394190872,0.8028211805555555
epfl_p300,EEGNet,1024,789,LOSO,0,0.8350694444444444,0.5760416666666667,0.590881563502329,0.2039106145251397,0.7579354745370371
epfl_p300,EEGNet,1024,789,LOSO,1,0.8709490740740741,0.6420138888888889,0.681295514413673,0.3794063079777366,0.8958333333333334
epfl_p300,EEGNet,1024,789,LOSO,2,0.8252314814814815,0.6895833333333333,0.6880098142608096,0.3760330578512396,0.8015070408950618
epfl_p300,EEGNet,1024,2024,LOSO,0,0.8501157407407407,0.6336805555555556,0.6607663288872989,0.3313253012048193,0.7837311921296297
epfl_p300,EEGNet,1024,2024,LOSO,1,0.8692129629629629,0.6368055555555556,0.6748547983161933,0.3675373134328359,0.8959972993827161
epfl_p300,EEGNet,1024,2024,LOSO,2,0.8136574074074074,0.6520833333333333,0.6559139784946236,0.3119658119658119,0.7790388695987654
epfl_p300,Patching_LogReg,1024,42,LOSO,0,0.8333333333333334,0.5,0.4545454545454545,0.0,0.531715374228395
epfl_p300,Patching_LogReg,1024,42,LOSO,1,0.8142361111111112,0.5065972222222223,0.4858396604447624,0.019348268839104,0.5530285493827161
epfl_p300,Patching_LogReg,1024,42,LOSO,2,0.7899305555555556,0.5225694444444444,0.5207917131094251,0.05632582322357,0.5488160686728395
epfl_p300,Patching_LogReg,1024,123,LOSO,0,0.8333333333333334,0.5,0.4545454545454545,0.0,0.5316695601851852
epfl_p300,Patching_LogReg,1024,123,LOSO,1,0.8142361111111112,0.5065972222222223,0.4858396604447624,0.019348268839104,0.5530213155864198
epfl_p300,Patching_LogReg,1024,123,LOSO,2,0.7899305555555556,0.5225694444444444,0.5207917131094251,0.05632582322357,0.5488184799382716
epfl_p300,Patching_LogReg,1024,456,LOSO,0,0.8333333333333334,0.5,0.4545454545454545,0.0,0.5316984953703704
epfl_p300,Patching_LogReg,1024,456,LOSO,1,0.8142361111111112,0.5065972222222223,0.4858396604447624,0.019348268839104,0.5530357831790123
epfl_p300,Patching_LogReg,1024,456,LOSO,2,0.7899305555555556,0.5225694444444444,0.5207917131094251,0.05632582322357,0.5488208912037037
epfl_p300,Patching_LogReg,1024,789,LOSO,0,0.8333333333333334,0.5,0.4545454545454545,0.0,0.5316767939814815
epfl_p300,Patching_LogReg,1024,789,LOSO,1,0.8142361111111112,0.5065972222222223,0.4858396604447624,0.019348268839104,0.5530430169753086
epfl_p300,Patching_LogReg,1024,789,LOSO,2,0.7899305555555556,0.5225694444444444,0.5207917131094251,0.05632582322357,0.5487943672839506
epfl_p300,Patching_LogReg,1024,2024,LOSO,0,0.8333333333333334,0.5,0.4545454545454545,0.0,0.5316671489197531
epfl_p300,Patching_LogReg,1024,2024,LOSO,1,0.8142361111111112,0.5065972222222223,0.4858396604447624,0.019348268839104,0.5530623070987655
epfl_p300,Patching_LogReg,1024,2024,LOSO,2,0.7899305555555556,0.5225694444444444,0.5207917131094251,0.05632582322357,0.5488401813271605
epfl_p300,VQ_LogReg,1024,42,LOSO,0,0.8333333333333334,0.5,0.4545454545454545,0.0,0.5358856577932098
epfl_p300,VQ_LogReg,1024,42,LOSO,1,0.8333333333333334,0.5,0.4545454545454545,0.0,0.5192370756172839
epfl_p300,VQ_LogReg,1024,42,LOSO,2,0.8333333333333334,0.5,0.4545454545454545,0.0,0.5481626157407407
epfl_p300,VQ_LogReg,1024,123,LOSO,0,0.8333333333333334,0.5,0.4545454545454545,0.0,0.5358940972222221
epfl_p300,VQ_LogReg,1024,123,LOSO,1,0.8333333333333334,0.5,0.4545454545454545,0.0,0.5192322530864197
epfl_p300,VQ_LogReg,1024,123,LOSO,2,0.8333333333333334,0.5,0.4545454545454545,0.0,0.5481577932098766
epfl_p300,VQ_LogReg,1024,456,LOSO,0,0.8333333333333334,0.5,0.4545454545454545,0.0,0.5358868634259258
epfl_p300,VQ_LogReg,1024,456,LOSO,1,0.8333333333333334,0.5,0.4545454545454545,0.0,0.5192250192901234
epfl_p300,VQ_LogReg,1024,456,LOSO,2,0.8333333333333334,0.5,0.4545454545454545,0.0,0.5481662326388889
epfl_p300,VQ_LogReg,1024,789,LOSO,0,0.8333333333333334,0.5,0.4545454545454545,0.0,0.5358832465277777
epfl_p300,VQ_LogReg,1024,789,LOSO,1,0.8333333333333334,0.5,0.4545454545454545,0.0,0.5192238136574074
epfl_p300,VQ_LogReg,1024,789,LOSO,2,0.8333333333333334,0.5,0.4545454545454545,0.0,0.5481577932098766
epfl_p300,VQ_LogReg,1024,2024,LOSO,0,0.8333333333333334,0.5,0.4545454545454545,0.0,0.535889274691358
epfl_p300,VQ_LogReg,1024,2024,LOSO,1,0.8333333333333334,0.5,0.4545454545454545,0.0,0.5192129629629629
epfl_p300,VQ_LogReg,1024,2024,LOSO,2,0.8333333333333334,0.5,0.4545454545454545,0.0,0.5481589988425926
epfl_p300,Chronos_Binning,1024,42,LOSO,0,0.8333333333333334,0.5,0.4545454545454545,0.0,0.499392361111111
epfl_p300,Chronos_Binning,1024,42,LOSO,1,0.8333333333333334,0.5,0.4545454545454545,0.0,0.5202449845679011
epfl_p300,Chronos_Binning,1024,42,LOSO,2,0.8333333333333334,0.5,0.4545454545454545,0.0,0.5273220486111111
epfl_p300,Chronos_Binning,1024,123,LOSO,0,0.8333333333333334,0.5,0.4545454545454545,0.0,0.4993971836419753
epfl_p300,Chronos_Binning,1024,123,LOSO,1,0.8333333333333334,0.5,0.4545454545454545,0.0,0.5202341338734568
epfl_p300,Chronos_Binning,1024,123,LOSO,2,0.8333333333333334,0.5,0.4545454545454545,0.0,0.5273184317129631
epfl_p300,Chronos_Binning,1024,456,LOSO,0,0.8333333333333334,0.5,0.4545454545454545,0.0,0.4994008005401234
epfl_p300,Chronos_Binning,1024,456,LOSO,1,0.8333333333333334,0.5,0.4545454545454545,0.0,0.520264274691358
epfl_p300,Chronos_Binning,1024,456,LOSO,2,0.8333333333333334,0.5,0.4545454545454545,0.0,0.5273244598765432
epfl_p300,Chronos_Binning,1024,789,LOSO,0,0.8333333333333334,0.5,0.4545454545454545,0.0,0.4993827160493826
epfl_p300,Chronos_Binning,1024,789,LOSO,1,0.8333333333333334,0.5,0.4545454545454545,0.0,0.5202498070987654
epfl_p300,Chronos_Binning,1024,789,LOSO,2,0.8333333333333334,0.5,0.4545454545454545,0.0,0.5273124035493828
epfl_p300,Chronos_Binning,1024,2024,LOSO,0,0.8333333333333334,0.5,0.4545454545454545,0.0,0.499392361111111
epfl_p300,Chronos_Binning,1024,2024,LOSO,1,0.8333333333333334,0.5,0.4545454545454545,0.0,0.5202377507716048
epfl_p300,Chronos_Binning,1024,2024,LOSO,2,0.8333333333333334,0.5,0.4545454545454545,0.0,0.5273136091820988
epfl_p300,PSD_LogReg,1024,42,LOSO,0,0.5642361111111112,0.5774305555555556,0.4971897227901599,0.0898468976631747,0.6060546874999999
epfl_p300,PSD_LogReg,1024,42,LOSO,1,0.6649305555555556,0.565625,0.5367363012414207,0.0981308411214952,0.5803144290123456
epfl_p300,PSD_LogReg,1024,42,LOSO,2,0.5619212962962963,0.5829861111111112,0.4979086821262083,0.0952191235059761,0.6197771990740741
epfl_p300,PSD_LogReg,1024,123,LOSO,0,0.5642361111111112,0.5774305555555556,0.4971897227901599,0.0898468976631747,0.6060329861111111
epfl_p300,PSD_LogReg,1024,123,LOSO,1,0.6649305555555556,0.565625,0.5367363012414207,0.0981308411214952,0.5803505979938272
epfl_p300,PSD_LogReg,1024,123,LOSO,2,0.5619212962962963,0.5829861111111112,0.4979086821262083,0.0952191235059761,0.6197796103395062
epfl_p300,PSD_LogReg,1024,456,LOSO,0,0.5636574074074074,0.5770833333333334,0.4967671964293163,0.0893719806763284,0.606030574845679
epfl_p300,PSD_LogReg,1024,456,LOSO,1,0.6643518518518519,0.5652777777777778,0.5363262889078056,0.0975103734439833,0.5803096064814814
epfl_p300,PSD_LogReg,1024,456,LOSO,2,0.5619212962962963,0.5829861111111112,0.4979086821262083,0.0952191235059761,0.6198085455246913
epfl_p300,PSD_LogReg,1024,789,LOSO,0,0.5636574074074074,0.5770833333333334,0.4967671964293163,0.0893719806763284,0.6060546874999999
epfl_p300,PSD_LogReg,1024,789,LOSO,1,0.6649305555555556,0.565625,0.5367363012414207,0.0981308411214952,0.5803071952160495
epfl_p300,PSD_LogReg,1024,789,LOSO,2,0.5625,0.5833333333333334,0.4983341397663648,0.0956937799043062,0.6197771990740741
epfl_p300,PSD_LogReg,1024,2024,LOSO,0,0.5642361111111112,0.5774305555555556,0.4971897227901599,0.0898468976631747,0.6059968171296297
epfl_p300,PSD_LogReg,1024,2024,LOSO,1,0.6649305555555556,0.565625,0.5367363012414207,0.0981308411214952,0.5803023726851851
epfl_p300,PSD_LogReg,1024,2024,LOSO,2,0.5619212962962963,0.5829861111111112,0.4979086821262083,0.0952191235059761,0.6197675540123457
ssvep_nakanishi,BPE_Hist_LogReg,1024,42,LOSO,0,0.0555555555555555,0.0555555555555555,0.0482830506390943,-0.0303030303030302,0.5022222222222222
ssvep_nakanishi,BPE_Hist_LogReg,1024,42,LOSO,1,0.0555555555555555,0.0555555555555555,0.0404936810285885,-0.0303030303030302,0.5107070707070708
ssvep_nakanishi,BPE_Hist_LogReg,1024,42,LOSO,2,0.0611111111111111,0.0611111111111111,0.0453454174058877,-0.0242424242424244,0.4855892255892255
ssvep_nakanishi,BPE_Hist_LogReg,1024,123,LOSO,0,0.0555555555555555,0.0555555555555555,0.0484757672791794,-0.0303030303030302,0.5021885521885522
ssvep_nakanishi,BPE_Hist_LogReg,1024,123,LOSO,1,0.0555555555555555,0.0555555555555555,0.0404936810285885,-0.0303030303030302,0.5107070707070708
ssvep_nakanishi,BPE_Hist_LogReg,1024,123,LOSO,2,0.0555555555555555,0.0555555555555555,0.0369995527442335,-0.0303030303030302,0.4855555555555555
ssvep_nakanishi,BPE_Hist_LogReg,1024,456,LOSO,0,0.0611111111111111,0.0611111111111111,0.0557250897724043,-0.0242424242424241,0.5021885521885522
ssvep_nakanishi,BPE_Hist_LogReg,1024,456,LOSO,1,0.0555555555555555,0.0555555555555555,0.0404936810285885,-0.0303030303030302,0.5107407407407408
ssvep_nakanishi,BPE_Hist_LogReg,1024,456,LOSO,2,0.0611111111111111,0.0611111111111111,0.0451083382214401,-0.0242424242424241,0.4853198653198653
ssvep_nakanishi,BPE_Hist_LogReg,1024,789,LOSO,0,0.0611111111111111,0.0611111111111111,0.0488734628393213,-0.0242424242424241,0.5021548821548821
ssvep_nakanishi,BPE_Hist_LogReg,1024,789,LOSO,1,0.0555555555555555,0.0555555555555555,0.0404936810285885,-0.0303030303030302,0.5106734006734007
ssvep_nakanishi,BPE_Hist_LogReg,1024,789,LOSO,2,0.0611111111111111,0.0611111111111111,0.0453454174058877,-0.0242424242424244,0.4855218855218854
ssvep_nakanishi,BPE_Hist_LogReg,1024,2024,LOSO,0,0.0611111111111111,0.0611111111111111,0.0492007844312652,-0.0242424242424241,0.5022222222222222
ssvep_nakanishi,BPE_Hist_LogReg,1024,2024,LOSO,1,0.0555555555555555,0.0555555555555555,0.0404936810285885,-0.0303030303030302,0.5107070707070708
ssvep_nakanishi,BPE_Hist_LogReg,1024,2024,LOSO,2,0.0611111111111111,0.0611111111111111,0.0460954809705966,-0.0242424242424241,0.4854882154882156
ssvep_nakanishi,BPE_Hist_RF,1024,42,LOSO,0,0.1277777777777777,0.1277777777777777,0.1283539075092555,0.0484848484848483,0.5236531986531986
ssvep_nakanishi,BPE_Hist_RF,1024,42,LOSO,1,0.0722222222222222,0.0722222222222222,0.0719436299571232,-0.0121212121212122,0.4426262626262626
ssvep_nakanishi,BPE_Hist_RF,1024,42,LOSO,2,0.1333333333333333,0.1333333333333333,0.1347289330825504,0.0545454545454545,0.5404377104377105
ssvep_nakanishi,BPE_Hist_RF,1024,123,LOSO,0,0.1277777777777777,0.1277777777777777,0.1283539075092555,0.0484848484848483,0.5236531986531986
ssvep_nakanishi,BPE_Hist_RF,1024,123,LOSO,1,0.0722222222222222,0.0722222222222222,0.0719436299571232,-0.0121212121212122,0.4426262626262626
ssvep_nakanishi,BPE_Hist_RF,1024,123,LOSO,2,0.1333333333333333,0.1333333333333333,0.1347289330825504,0.0545454545454545,0.5404377104377105
ssvep_nakanishi,BPE_Hist_RF,1024,456,LOSO,0,0.1277777777777777,0.1277777777777777,0.1283539075092555,0.0484848484848483,0.5236531986531986
ssvep_nakanishi,BPE_Hist_RF,1024,456,LOSO,1,0.0722222222222222,0.0722222222222222,0.0719436299571232,-0.0121212121212122,0.4426262626262626
ssvep_nakanishi,BPE_Hist_RF,1024,456,LOSO,2,0.1333333333333333,0.1333333333333333,0.1347289330825504,0.0545454545454545,0.5404377104377105
ssvep_nakanishi,BPE_Hist_RF,1024,789,LOSO,0,0.1277777777777777,0.1277777777777777,0.1283539075092555,0.0484848484848483,0.5236531986531986
ssvep_nakanishi,BPE_Hist_RF,1024,789,LOSO,1,0.0722222222222222,0.0722222222222222,0.0719436299571232,-0.0121212121212122,0.4426262626262626
ssvep_nakanishi,BPE_Hist_RF,1024,789,LOSO,2,0.1333333333333333,0.1333333333333333,0.1347289330825504,0.0545454545454545,0.5404377104377105
ssvep_nakanishi,BPE_Hist_RF,1024,2024,LOSO,0,0.1277777777777777,0.1277777777777777,0.1283539075092555,0.0484848484848483,0.5236531986531986
ssvep_nakanishi,BPE_Hist_RF,1024,2024,LOSO,1,0.0722222222222222,0.0722222222222222,0.0719436299571232,-0.0121212121212122,0.4426262626262626
ssvep_nakanishi,BPE_Hist_RF,1024,2024,LOSO,2,0.1333333333333333,0.1333333333333333,0.1347289330825504,0.0545454545454545,0.5404377104377105
ssvep_nakanishi,BPE_Windowed_LogReg,1024,42,LOSO,0,0.0888888888888888,0.0888888888888888,0.0844110694735957,0.0060606060606061,0.4635353535353534
ssvep_nakanishi,BPE_Windowed_LogReg,1024,42,LOSO,1,0.0833333333333333,0.0833333333333333,0.075919190026199,0.0,0.510942760942761
ssvep_nakanishi,BPE_Windowed_LogReg,1024,42,LOSO,2,0.1055555555555555,0.1055555555555555,0.1035155444353786,0.0242424242424242,0.5102356902356903
ssvep_nakanishi,BPE_Windowed_LogReg,1024,123,LOSO,0,0.0888888888888888,0.0888888888888888,0.0844110694735957,0.0060606060606061,0.4635016835016834
ssvep_nakanishi,BPE_Windowed_LogReg,1024,123,LOSO,1,0.0833333333333333,0.0833333333333333,0.075919190026199,0.0,0.510942760942761
ssvep_nakanishi,BPE_Windowed_LogReg,1024,123,LOSO,2,0.1055555555555555,0.1055555555555555,0.1035155444353786,0.0242424242424242,0.5102693602693602
ssvep_nakanishi,BPE_Windowed_LogReg,1024,456,LOSO,0,0.0888888888888888,0.0888888888888888,0.0844110694735957,0.0060606060606061,0.4634680134680134
ssvep_nakanishi,BPE_Windowed_LogReg,1024,456,LOSO,1,0.0833333333333333,0.0833333333333333,0.0758931771967474,0.0,0.510909090909091
ssvep_nakanishi,BPE_Windowed_LogReg,1024,456,LOSO,2,0.1055555555555555,0.1055555555555555,0.1035155444353786,0.0242424242424242,0.5102020202020202
ssvep_nakanishi,BPE_Windowed_LogReg,1024,789,LOSO,0,0.0888888888888888,0.0888888888888888,0.0844110694735957,0.0060606060606061,0.4635016835016834
ssvep_nakanishi,BPE_Windowed_LogReg,1024,789,LOSO,1,0.0833333333333333,0.0833333333333333,0.075919190026199,0.0,0.5109764309764311
ssvep_nakanishi,BPE_Windowed_LogReg,1024,789,LOSO,2,0.1055555555555555,0.1055555555555555,0.1035155444353786,0.0242424242424242,0.5101683501683502
ssvep_nakanishi,BPE_Windowed_LogReg,1024,2024,LOSO,0,0.0888888888888888,0.0888888888888888,0.0844110694735957,0.0060606060606061,0.4634343434343433
ssvep_nakanishi,BPE_Windowed_LogReg,1024,2024,LOSO,1,0.0833333333333333,0.0833333333333333,0.075919190026199,0.0,0.5108754208754209
ssvep_nakanishi,BPE_Windowed_LogReg,1024,2024,LOSO,2,0.1055555555555555,0.1055555555555555,0.1035155444353786,0.0242424242424242,0.5103703703703703
ssvep_nakanishi,BPE_WindowedSeq_CNN,1024,42,LOSO,0,0.0833333333333333,0.0833333333333333,0.0128205128205128,0.0,0.4954545454545454
ssvep_nakanishi,BPE_WindowedSeq_CNN,1024,42,LOSO,1,0.0833333333333333,0.0833333333333333,0.0128205128205128,0.0,0.4997643097643097
ssvep_nakanishi,BPE_WindowedSeq_CNN,1024,42,LOSO,2,0.0833333333333333,0.0833333333333333,0.0128865979381443,-2.220446049250313e-16,0.537053872053872
ssvep_nakanishi,BPE_WindowedSeq_CNN,1024,123,LOSO,0,0.0944444444444444,0.0944444444444444,0.027595029239766,0.012121212121212,0.4961784511784512
ssvep_nakanishi,BPE_WindowedSeq_CNN,1024,123,LOSO,1,0.0833333333333333,0.0833333333333333,0.0128205128205128,0.0,0.522020202020202
ssvep_nakanishi,BPE_WindowedSeq_CNN,1024,123,LOSO,2,0.0833333333333333,0.0833333333333333,0.0128205128205128,0.0,0.4814814814814814
ssvep_nakanishi,BPE_WindowedSeq_CNN,1024,456,LOSO,0,0.0833333333333333,0.0833333333333333,0.0128205128205128,0.0,0.4582323232323232
ssvep_nakanishi,BPE_WindowedSeq_CNN,1024,456,LOSO,1,0.0833333333333333,0.0833333333333333,0.0128205128205128,0.0,0.5096632996632996
ssvep_nakanishi,BPE_WindowedSeq_CNN,1024,456,LOSO,2,0.0833333333333333,0.0833333333333333,0.0128205128205128,0.0,0.5257744107744108
ssvep_nakanishi,BPE_WindowedSeq_CNN,1024,789,LOSO,0,0.0833333333333333,0.0833333333333333,0.0128205128205128,0.0,0.4867003367003366
ssvep_nakanishi,BPE_WindowedSeq_CNN,1024,789,LOSO,1,0.0833333333333333,0.0833333333333333,0.0128205128205128,0.0,0.4986868686868688
ssvep_nakanishi,BPE_WindowedSeq_CNN,1024,789,LOSO,2,0.0833333333333333,0.0833333333333333,0.0128205128205128,0.0,0.5085353535353535
ssvep_nakanishi,BPE_WindowedSeq_CNN,1024,2024,LOSO,0,0.0833333333333333,0.0833333333333333,0.0128205128205128,0.0,0.4872222222222222
ssvep_nakanishi,BPE_WindowedSeq_CNN,1024,2024,LOSO,1,0.0833333333333333,0.0833333333333333,0.0128205128205128,0.0,0.4877104377104377
ssvep_nakanishi,BPE_WindowedSeq_CNN,1024,2024,LOSO,2,0.1055555555555555,0.1055555555555555,0.043541908633372,0.0242424242424242,0.4954377104377103
ssvep_nakanishi,BPE_Bigram_LogReg,1024,42,LOSO,0,0.0777777777777777,0.0777777777777777,0.0441392390289449,-0.0060606060606061,0.509141414141414
ssvep_nakanishi,BPE_Bigram_LogReg,1024,42,LOSO,1,0.0555555555555555,0.0555555555555555,0.0256586505569969,-0.0303030303030302,0.5287373737373737
ssvep_nakanishi,BPE_Bigram_LogReg,1024,42,LOSO,2,0.0944444444444444,0.0944444444444444,0.0658182302771855,0.012121212121212,0.5025925925925926
ssvep_nakanishi,BPE_Bigram_LogReg,1024,123,LOSO,0,0.0666666666666666,0.0666666666666666,0.0265666955638026,-0.018181818181818,0.5090909090909091
ssvep_nakanishi,BPE_Bigram_LogReg,1024,123,LOSO,1,0.0722222222222222,0.0722222222222222,0.0240926006476245,-0.0121212121212119,0.5286700336700337
ssvep_nakanishi,BPE_Bigram_LogReg,1024,123,LOSO,2,0.0833333333333333,0.0833333333333333,0.0183119224701374,-2.220446049250313e-16,0.5025925925925926
ssvep_nakanishi,BPE_Bigram_LogReg,1024,456,LOSO,0,0.0666666666666666,0.0666666666666666,0.0190539345711759,-0.018181818181818,0.509006734006734
ssvep_nakanishi,BPE_Bigram_LogReg,1024,456,LOSO,1,0.0666666666666666,0.0666666666666666,0.032414953467585,-0.018181818181818,0.5287542087542088
ssvep_nakanishi,BPE_Bigram_LogReg,1024,456,LOSO,2,0.0944444444444444,0.0944444444444444,0.0753515361064713,0.012121212121212,0.5025420875420875
ssvep_nakanishi,BPE_Bigram_LogReg,1024,789,LOSO,0,0.0611111111111111,0.0611111111111111,0.0163507989594946,-0.0242424242424241,0.5092087542087541
ssvep_nakanishi,BPE_Bigram_LogReg,1024,789,LOSO,1,0.0444444444444444,0.0444444444444444,0.028544428591245,-0.0424242424242424,0.5286026936026936
ssvep_nakanishi,BPE_Bigram_LogReg,1024,789,LOSO,2,0.1,0.0999999999999999,0.0738174623956242,0.0181818181818181,0.5026599326599327
ssvep_nakanishi,BPE_Bigram_LogReg,1024,2024,LOSO,0,0.0722222222222222,0.0722222222222222,0.0305042625325038,-0.0121212121212122,0.5091245791245792
ssvep_nakanishi,BPE_Bigram_LogReg,1024,2024,LOSO,1,0.0555555555555555,0.0555555555555555,0.044163241521654,-0.0303030303030302,0.5286700336700336
ssvep_nakanishi,BPE_Bigram_LogReg,1024,2024,LOSO,2,0.0888888888888888,0.0888888888888888,0.0590091420589,0.0060606060606061,0.5021885521885521
ssvep_nakanishi,BPE_Seq_CNN,1024,42,LOSO,0,0.0833333333333333,0.0833333333333333,0.0128205128205128,0.0,0.5130303030303031
ssvep_nakanishi,BPE_Seq_CNN,1024,42,LOSO,1,0.0888888888888888,0.0888888888888888,0.0297184170471841,0.0060606060606058,0.5002693602693603
ssvep_nakanishi,BPE_Seq_CNN,1024,42,LOSO,2,0.0777777777777777,0.0777777777777777,0.031899881164587,-0.0060606060606061,0.5004377104377105
ssvep_nakanishi,BPE_Seq_CNN,1024,123,LOSO,0,0.0833333333333333,0.0833333333333333,0.0268287975294344,0.0,0.5225589225589224
ssvep_nakanishi,BPE_Seq_CNN,1024,123,LOSO,1,0.1277777777777777,0.1277777777777777,0.0685928611210566,0.0484848484848486,0.5221212121212122
ssvep_nakanishi,BPE_Seq_CNN,1024,123,LOSO,2,0.0833333333333333,0.0833333333333333,0.0197240951716655,0.0,0.5278451178451179
ssvep_nakanishi,BPE_Seq_CNN,1024,456,LOSO,0,0.0722222222222222,0.0722222222222222,0.0251736111111111,-0.0121212121212122,0.5028619528619528
ssvep_nakanishi,BPE_Seq_CNN,1024,456,LOSO,1,0.0833333333333333,0.0833333333333333,0.0128205128205128,0.0,0.4875757575757576
ssvep_nakanishi,BPE_Seq_CNN,1024,456,LOSO,2,0.0833333333333333,0.0833333333333333,0.0256410256410256,0.0,0.489057239057239
ssvep_nakanishi,BPE_Seq_CNN,1024,789,LOSO,0,0.0888888888888888,0.0888888888888888,0.0343658982462663,0.0060606060606061,0.5255387205387206
ssvep_nakanishi,BPE_Seq_CNN,1024,789,LOSO,1,0.1055555555555555,0.1055555555555555,0.06126875881238,0.0242424242424242,0.5224579124579125
ssvep_nakanishi,BPE_Seq_CNN,1024,789,LOSO,2,0.0777777777777777,0.0777777777777777,0.0123456790123456,-0.0060606060606061,0.5253872053872054
ssvep_nakanishi,BPE_Seq_CNN,1024,2024,LOSO,0,0.0833333333333333,0.0833333333333333,0.0216666666666666,0.0,0.5209090909090909
ssvep_nakanishi,BPE_Seq_CNN,1024,2024,LOSO,1,0.0777777777777777,0.0777777777777777,0.0301094781321157,-0.0060606060606061,0.493131313131313
ssvep_nakanishi,BPE_Seq_CNN,1024,2024,LOSO,2,0.0777777777777777,0.0777777777777777,0.0331849691117425,-0.0060606060606061,0.4538383838383837
ssvep_nakanishi,BPE_Seq_Transformer,1024,42,LOSO,0,0.0611111111111111,0.0611111111111111,0.0253369598526366,-0.0242424242424241,0.4900673400673401
ssvep_nakanishi,BPE_Seq_Transformer,1024,42,LOSO,1,0.0777777777777777,0.0777777777777777,0.0313387423935091,-0.0060606060606061,0.4946127946127945
ssvep_nakanishi,BPE_Seq_Transformer,1024,42,LOSO,2,0.0666666666666666,0.0666666666666666,0.0304185137030477,-0.018181818181818,0.4796632996632996
ssvep_nakanishi,BPE_Seq_Transformer,1024,123,LOSO,0,0.1055555555555555,0.1055555555555555,0.0523418647351227,0.0242424242424242,0.4756228956228955
ssvep_nakanishi,BPE_Seq_Transformer,1024,123,LOSO,1,0.0666666666666666,0.0666666666666666,0.0408818968200306,-0.018181818181818,0.5185185185185185
ssvep_nakanishi,BPE_Seq_Transformer,1024,123,LOSO,2,0.0777777777777777,0.0777777777777777,0.0442901234567901,-0.0060606060606061,0.4768013468013468
ssvep_nakanishi,BPE_Seq_Transformer,1024,456,LOSO,0,0.0888888888888888,0.0888888888888888,0.0499625051950633,0.0060606060606061,0.4721548821548821
ssvep_nakanishi,BPE_Seq_Transformer,1024,456,LOSO,1,0.1111111111111111,0.1111111111111111,0.0630099718896578,0.0303030303030302,0.5092255892255892
ssvep_nakanishi,BPE_Seq_Transformer,1024,456,LOSO,2,0.1,0.0999999999999999,0.0555971271245656,0.0181818181818181,0.4888888888888889
ssvep_nakanishi,BPE_Seq_Transformer,1024,789,LOSO,0,0.0722222222222222,0.0722222222222222,0.0472382933625129,-0.0121212121212122,0.4677777777777777
ssvep_nakanishi,BPE_Seq_Transformer,1024,789,LOSO,1,0.1055555555555555,0.1055555555555555,0.0598900044927031,0.0242424242424242,0.4981144781144782
ssvep_nakanishi,BPE_Seq_Transformer,1024,789,LOSO,2,0.0888888888888888,0.0888888888888888,0.0402802278808951,0.0060606060606058,0.4814478114478113
ssvep_nakanishi,BPE_Seq_Transformer,1024,2024,LOSO,0,0.1,0.1,0.0416922963687312,0.0181818181818181,0.4811111111111111
ssvep_nakanishi,BPE_Seq_Transformer,1024,2024,LOSO,1,0.0833333333333333,0.0833333333333333,0.0427093787432419,0.0,0.512929292929293
ssvep_nakanishi,BPE_Seq_Transformer,1024,2024,LOSO,2,0.1,0.0999999999999999,0.040077671656619,0.0181818181818179,0.4795286195286195
ssvep_nakanishi,BPE_Seq_CW_Transformer,1024,42,LOSO,0,0.0777777777777777,0.0777777777777777,0.0228182822424744,-0.0060606060606061,0.4515151515151515
ssvep_nakanishi,BPE_Seq_CW_Transformer,1024,42,LOSO,1,0.0777777777777777,0.0777777777777777,0.0198581560283687,-0.0060606060606063,0.5007070707070708
ssvep_nakanishi,BPE_Seq_CW_Transformer,1024,42,LOSO,2,0.0722222222222222,0.0722222222222222,0.0315987933634992,-0.0121212121212122,0.4923569023569024
ssvep_nakanishi,BPE_Seq_CW_Transformer,1024,123,LOSO,0,0.0777777777777777,0.0777777777777777,0.0353505291005291,-0.0060606060606061,0.5025252525252526
ssvep_nakanishi,BPE_Seq_CW_Transformer,1024,123,LOSO,1,0.0444444444444444,0.0444444444444444,0.0107060185185185,-0.0424242424242424,0.5004377104377103
ssvep_nakanishi,BPE_Seq_CW_Transformer,1024,123,LOSO,2,0.0944444444444444,0.0944444444444444,0.054349068122653,0.012121212121212,0.4696632996632996
ssvep_nakanishi,BPE_Seq_CW_Transformer,1024,456,LOSO,0,0.0944444444444444,0.0944444444444444,0.0466777739804055,0.012121212121212,0.4679124579124579
ssvep_nakanishi,BPE_Seq_CW_Transformer,1024,456,LOSO,1,0.0777777777777777,0.0777777777777777,0.0254375254375254,-0.0060606060606061,0.4879124579124579
ssvep_nakanishi,BPE_Seq_CW_Transformer,1024,456,LOSO,2,0.0722222222222222,0.0722222222222222,0.0305702669448456,-0.0121212121212122,0.4686868686868686
ssvep_nakanishi,BPE_Seq_CW_Transformer,1024,789,LOSO,0,0.0833333333333333,0.0833333333333333,0.0322553736532231,0.0,0.446026936026936
ssvep_nakanishi,BPE_Seq_CW_Transformer,1024,789,LOSO,1,0.0666666666666666,0.0666666666666666,0.0183439490445859,-0.018181818181818,0.4852188552188552
ssvep_nakanishi,BPE_Seq_CW_Transformer,1024,789,LOSO,2,0.0944444444444444,0.0944444444444444,0.0442166244488225,0.012121212121212,0.46006734006734
ssvep_nakanishi,BPE_Seq_CW_Transformer,1024,2024,LOSO,0,0.1,0.1,0.046723702542668,0.0181818181818181,0.4547474747474747
ssvep_nakanishi,BPE_Seq_CW_Transformer,1024,2024,LOSO,1,0.0888888888888888,0.0888888888888888,0.0263513068668115,0.0060606060606061,0.4943434343434343
ssvep_nakanishi,BPE_Seq_CW_Transformer,1024,2024,LOSO,2,0.1,0.0999999999999999,0.0408954293088962,0.0181818181818181,0.4846464646464645
ssvep_nakanishi,EEGNet,1024,42,LOSO,0,0.0833333333333333,0.0833333333333333,0.0128205128205128,0.0,0.5048148148148147
ssvep_nakanishi,EEGNet,1024,42,LOSO,1,0.0833333333333333,0.0833333333333333,0.0128205128205128,0.0,0.4965656565656566
ssvep_nakanishi,EEGNet,1024,42,LOSO,2,0.0888888888888888,0.0888888888888888,0.0227572894442751,0.0060606060606061,0.5068013468013468
ssvep_nakanishi,EEGNet,1024,123,LOSO,0,0.0833333333333333,0.0833333333333333,0.0128205128205128,0.0,0.49003367003367
ssvep_nakanishi,EEGNet,1024,123,LOSO,1,0.0833333333333333,0.0833333333333333,0.0128205128205128,0.0,0.5006397306397307
ssvep_nakanishi,EEGNet,1024,123,LOSO,2,0.0833333333333333,0.0833333333333333,0.0128205128205128,0.0,0.4894612794612794
ssvep_nakanishi,EEGNet,1024,456,LOSO,0,0.0833333333333333,0.0833333333333333,0.0219941348973607,0.0,0.485117845117845
ssvep_nakanishi,EEGNet,1024,456,LOSO,1,0.0777777777777777,0.0777777777777777,0.0221690002456398,-0.0060606060606061,0.4989225589225589
ssvep_nakanishi,EEGNet,1024,456,LOSO,2,0.0833333333333333,0.0833333333333333,0.0213688290493676,0.0,0.4902693602693602
ssvep_nakanishi,EEGNet,1024,789,LOSO,0,0.0833333333333333,0.0833333333333333,0.018923294879579,0.0,0.5044107744107743
ssvep_nakanishi,EEGNet,1024,789,LOSO,1,0.0833333333333333,0.0833333333333333,0.0237647058823529,-2.220446049250313e-16,0.5106734006734007
ssvep_nakanishi,EEGNet,1024,789,LOSO,2,0.0833333333333333,0.0833333333333333,0.0128205128205128,0.0,0.5011784511784512
ssvep_nakanishi,EEGNet,1024,2024,LOSO,0,0.0833333333333333,0.0833333333333333,0.0128205128205128,0.0,0.4983838383838384
ssvep_nakanishi,EEGNet,1024,2024,LOSO,1,0.0888888888888888,0.0888888888888888,0.0244444444444444,0.0060606060606061,0.49503367003367
ssvep_nakanishi,EEGNet,1024,2024,LOSO,2,0.0833333333333333,0.0833333333333333,0.0128205128205128,0.0,0.5039393939393939
ssvep_nakanishi,Patching_LogReg,1024,42,LOSO,0,0.0833333333333333,0.0833333333333333,0.0128205128205128,0.0,0.5150505050505051
ssvep_nakanishi,Patching_LogReg,1024,42,LOSO,1,0.0777777777777777,0.0777777777777777,0.0215410107705053,-0.0060606060606061,0.5061616161616161
ssvep_nakanishi,Patching_LogReg,1024,42,LOSO,2,0.0833333333333333,0.0833333333333333,0.0128205128205128,0.0,0.4916161616161616
ssvep_nakanishi,Patching_LogReg,1024,123,LOSO,0,0.0833333333333333,0.0833333333333333,0.0128205128205128,0.0,0.514983164983165
ssvep_nakanishi,Patching_LogReg,1024,123,LOSO,1,0.0777777777777777,0.0777777777777777,0.0215410107705053,-0.0060606060606061,0.5058249158249158
ssvep_nakanishi,Patching_LogReg,1024,123,LOSO,2,0.0833333333333333,0.0833333333333333,0.0128205128205128,0.0,0.4917845117845118
ssvep_nakanishi,Patching_LogReg,1024,456,LOSO,0,0.0833333333333333,0.0833333333333333,0.0128205128205128,0.0,0.514983164983165
ssvep_nakanishi,Patching_LogReg,1024,456,LOSO,1,0.0777777777777777,0.0777777777777777,0.0215410107705053,-0.0060606060606061,0.5058249158249158
ssvep_nakanishi,Patching_LogReg,1024,456,LOSO,2,0.0833333333333333,0.0833333333333333,0.0128205128205128,0.0,0.4919191919191919
ssvep_nakanishi,Patching_LogReg,1024,789,LOSO,0,0.0833333333333333,0.0833333333333333,0.0128205128205128,0.0,0.515016835016835
ssvep_nakanishi,Patching_LogReg,1024,789,LOSO,1,0.0777777777777777,0.0777777777777777,0.0215410107705053,-0.0060606060606061,0.5059595959595958
ssvep_nakanishi,Patching_LogReg,1024,789,LOSO,2,0.0833333333333333,0.0833333333333333,0.0128205128205128,0.0,0.492020202020202
ssvep_nakanishi,Patching_LogReg,1024,2024,LOSO,0,0.0833333333333333,0.0833333333333333,0.0128205128205128,0.0,0.5148821548821548
ssvep_nakanishi,Patching_LogReg,1024,2024,LOSO,1,0.0777777777777777,0.0777777777777777,0.0215410107705053,-0.0060606060606061,0.5058585858585859
ssvep_nakanishi,Patching_LogReg,1024,2024,LOSO,2,0.0833333333333333,0.0833333333333333,0.0128205128205128,0.0,0.4918181818181819
ssvep_nakanishi,VQ_LogReg,1024,42,LOSO,0,0.0833333333333333,0.0833333333333333,0.0240395034209467,0.0,0.5025589225589225
ssvep_nakanishi,VQ_LogReg,1024,42,LOSO,1,0.0888888888888888,0.0888888888888888,0.0252572660269781,0.0060606060606061,0.5106060606060606
ssvep_nakanishi,VQ_LogReg,1024,42,LOSO,2,0.0833333333333333,0.0833333333333333,0.0128205128205128,0.0,0.5
ssvep_nakanishi,VQ_LogReg,1024,123,LOSO,0,0.0833333333333333,0.0833333333333333,0.0240395034209467,0.0,0.5025589225589225
ssvep_nakanishi,VQ_LogReg,1024,123,LOSO,1,0.0888888888888888,0.0888888888888888,0.0252572660269781,0.0060606060606061,0.5106060606060606
ssvep_nakanishi,VQ_LogReg,1024,123,LOSO,2,0.0833333333333333,0.0833333333333333,0.0128205128205128,0.0,0.5
ssvep_nakanishi,VQ_LogReg,1024,456,LOSO,0,0.0833333333333333,0.0833333333333333,0.0240395034209467,0.0,0.5025589225589225
ssvep_nakanishi,VQ_LogReg,1024,456,LOSO,1,0.0888888888888888,0.0888888888888888,0.0252572660269781,0.0060606060606061,0.5106060606060606
ssvep_nakanishi,VQ_LogReg,1024,456,LOSO,2,0.0833333333333333,0.0833333333333333,0.0128205128205128,0.0,0.5
ssvep_nakanishi,VQ_LogReg,1024,789,LOSO,0,0.0833333333333333,0.0833333333333333,0.0240395034209467,0.0,0.5025589225589225
ssvep_nakanishi,VQ_LogReg,1024,789,LOSO,1,0.0888888888888888,0.0888888888888888,0.0252572660269781,0.0060606060606061,0.5106060606060606
ssvep_nakanishi,VQ_LogReg,1024,789,LOSO,2,0.0833333333333333,0.0833333333333333,0.0128205128205128,0.0,0.5
ssvep_nakanishi,VQ_LogReg,1024,2024,LOSO,0,0.0833333333333333,0.0833333333333333,0.0240395034209467,0.0,0.5025589225589225
ssvep_nakanishi,VQ_LogReg,1024,2024,LOSO,1,0.0888888888888888,0.0888888888888888,0.0252572660269781,0.0060606060606061,0.5106060606060606
ssvep_nakanishi,VQ_LogReg,1024,2024,LOSO,2,0.0833333333333333,0.0833333333333333,0.0128205128205128,0.0,0.5
ssvep_nakanishi,Chronos_Binning,1024,42,LOSO,0,0.0555555555555555,0.0555555555555555,0.0507013938612361,-0.0303030303030302,0.5129292929292929
ssvep_nakanishi,Chronos_Binning,1024,42,LOSO,1,0.0666666666666666,0.0666666666666666,0.0409033265297589,-0.018181818181818,0.5234343434343435
ssvep_nakanishi,Chronos_Binning,1024,42,LOSO,2,0.0777777777777777,0.0777777777777777,0.0609436942075417,-0.0060606060606061,0.5065319865319865
ssvep_nakanishi,Chronos_Binning,1024,123,LOSO,0,0.0555555555555555,0.0555555555555555,0.0513329919508409,-0.0303030303030302,0.5125757575757576
ssvep_nakanishi,Chronos_Binning,1024,123,LOSO,1,0.0666666666666666,0.0666666666666666,0.0409033265297589,-0.018181818181818,0.5235353535353536
ssvep_nakanishi,Chronos_Binning,1024,123,LOSO,2,0.0777777777777777,0.0777777777777777,0.0609436942075417,-0.0060606060606061,0.5064646464646464
ssvep_nakanishi,Chronos_Binning,1024,456,LOSO,0,0.0555555555555555,0.0555555555555555,0.0509011625716431,-0.0303030303030302,0.5128956228956228
ssvep_nakanishi,Chronos_Binning,1024,456,LOSO,1,0.0666666666666666,0.0666666666666666,0.0406255487519812,-0.018181818181818,0.5235353535353535
ssvep_nakanishi,Chronos_Binning,1024,456,LOSO,2,0.0777777777777777,0.0777777777777777,0.0609436942075417,-0.0060606060606061,0.5065319865319865
ssvep_nakanishi,Chronos_Binning,1024,789,LOSO,0,0.0555555555555555,0.0555555555555555,0.0506429143290723,-0.0303030303030302,0.5129292929292929
ssvep_nakanishi,Chronos_Binning,1024,789,LOSO,1,0.0666666666666666,0.0666666666666666,0.0409033265297589,-0.018181818181818,0.5235353535353535
ssvep_nakanishi,Chronos_Binning,1024,789,LOSO,2,0.0777777777777777,0.0777777777777777,0.0612001044639519,-0.0060606060606061,0.5065319865319865
ssvep_nakanishi,Chronos_Binning,1024,2024,LOSO,0,0.0555555555555555,0.0555555555555555,0.0507013938612361,-0.0303030303030302,0.5129292929292929
ssvep_nakanishi,Chronos_Binning,1024,2024,LOSO,1,0.0666666666666666,0.0666666666666666,0.0409033265297589,-0.018181818181818,0.5235353535353535
ssvep_nakanishi,Chronos_Binning,1024,2024,LOSO,2,0.0777777777777777,0.0777777777777777,0.0609436942075417,-0.0060606060606061,0.5064983164983164
ssvep_nakanishi,PSD_LogReg,1024,42,LOSO,0,0.0944444444444444,0.0944444444444444,0.0616130507741116,0.0121212121212123,0.5283838383838384
ssvep_nakanishi,PSD_LogReg,1024,42,LOSO,1,0.15,0.15,0.1187180561374109,0.0727272727272727,0.5623232323232323
ssvep_nakanishi,PSD_LogReg,1024,42,LOSO,2,0.0944444444444444,0.0944444444444444,0.0266326675166454,0.0121212121212123,0.5474410774410773
ssvep_nakanishi,PSD_LogReg,1024,123,LOSO,0,0.0944444444444444,0.0944444444444444,0.0616130507741116,0.0121212121212123,0.5283164983164984
ssvep_nakanishi,PSD_LogReg,1024,123,LOSO,1,0.15,0.15,0.1184667333860882,0.0727272727272727,0.5622558922558923
ssvep_nakanishi,PSD_LogReg,1024,123,LOSO,2,0.0944444444444444,0.0944444444444444,0.0266326675166454,0.0121212121212123,0.5476767676767678
ssvep_nakanishi,PSD_LogReg,1024,456,LOSO,0,0.0944444444444444,0.0944444444444444,0.0616130507741116,0.0121212121212123,0.5286195286195287
ssvep_nakanishi,PSD_LogReg,1024,456,LOSO,1,0.15,0.15,0.1187180561374109,0.0727272727272727,0.5622895622895624
ssvep_nakanishi,PSD_LogReg,1024,456,LOSO,2,0.0944444444444444,0.0944444444444444,0.0266326675166454,0.0121212121212123,0.5473400673400672
ssvep_nakanishi,PSD_LogReg,1024,789,LOSO,0,0.0944444444444444,0.0944444444444444,0.0616130507741116,0.0121212121212123,0.5285858585858586
ssvep_nakanishi,PSD_LogReg,1024,789,LOSO,1,0.15,0.15,0.1184667333860882,0.0727272727272727,0.5622222222222223
ssvep_nakanishi,PSD_LogReg,1024,789,LOSO,2,0.0944444444444444,0.0944444444444444,0.0266326675166454,0.0121212121212123,0.5475757575757575
ssvep_nakanishi,PSD_LogReg,1024,2024,LOSO,0,0.0944444444444444,0.0944444444444444,0.0616130507741116,0.0121212121212123,0.5284511784511784
ssvep_nakanishi,PSD_LogReg,1024,2024,LOSO,1,0.15,0.15,0.1184667333860882,0.0727272727272727,0.5622222222222223
ssvep_nakanishi,PSD_LogReg,1024,2024,LOSO,2,0.0944444444444444,0.0944444444444444,0.0266326675166454,0.0121212121212123,0.5473737373737374
ssvep_nakanishi,SSVEP_FFT_LogReg,1024,42,LOSO,0,0.3166666666666666,0.3166666666666667,0.322475402793185,0.2545454545454545,0.758888888888889
ssvep_nakanishi,SSVEP_FFT_LogReg,1024,42,LOSO,1,0.1833333333333333,0.1833333333333333,0.1715277819728719,0.1090909090909091,0.6172053872053872
ssvep_nakanishi,SSVEP_FFT_LogReg,1024,42,LOSO,2,0.3111111111111111,0.3111111111111111,0.2977203955464825,0.2484848484848485,0.8190235690235691
ssvep_nakanishi,SSVEP_FFT_LogReg,1024,123,LOSO,0,0.3055555555555556,0.3055555555555556,0.3119500679569358,0.2424242424242424,0.7605050505050505
ssvep_nakanishi,SSVEP_FFT_LogReg,1024,123,LOSO,1,0.1722222222222222,0.1722222222222222,0.157722162389687,0.0969696969696969,0.6178114478114478
ssvep_nakanishi,SSVEP_FFT_LogReg,1024,123,LOSO,2,0.3055555555555556,0.3055555555555556,0.2903098265260063,0.2424242424242424,0.8197643097643098
ssvep_nakanishi,SSVEP_FFT_LogReg,1024,456,LOSO,0,0.3222222222222222,0.3222222222222223,0.3309285602154871,0.2606060606060606,0.7603703703703703
ssvep_nakanishi,SSVEP_FFT_LogReg,1024,456,LOSO,1,0.1722222222222222,0.1722222222222222,0.1606995689554196,0.0969696969696969,0.6175757575757576
ssvep_nakanishi,SSVEP_FFT_LogReg,1024,456,LOSO,2,0.3,0.3,0.2864750788663832,0.2363636363636364,0.8186868686868687
ssvep_nakanishi,SSVEP_FFT_LogReg,1024,789,LOSO,0,0.3166666666666666,0.3166666666666667,0.3231164382138942,0.2545454545454545,0.7625252525252527
ssvep_nakanishi,SSVEP_FFT_LogReg,1024,789,LOSO,1,0.1777777777777777,0.1777777777777777,0.1678867249408574,0.103030303030303,0.6147811447811448
ssvep_nakanishi,SSVEP_FFT_LogReg,1024,789,LOSO,2,0.2944444444444444,0.2944444444444445,0.2844464980238294,0.2303030303030303,0.8193602693602693
ssvep_nakanishi,SSVEP_FFT_LogReg,1024,2024,LOSO,0,0.3111111111111111,0.3111111111111111,0.3178983068095865,0.2484848484848485,0.7616161616161615
ssvep_nakanishi,SSVEP_FFT_LogReg,1024,2024,LOSO,1,0.1555555555555555,0.1555555555555555,0.1405232123223757,0.0787878787878787,0.6196296296296296
ssvep_nakanishi,SSVEP_FFT_LogReg,1024,2024,LOSO,2,0.3111111111111111,0.3111111111111111,0.2967357276659602,0.2484848484848485,0.8195286195286196
epfl_p300,PSD_LogReg,4096,42,LOSO,0,0.7361111111111112,0.5652777777777778,0.5595847856074512,0.1208226221079691,0.5923201195987654
epfl_p300,PSD_LogReg,4096,42,LOSO,1,0.7719907407407407,0.5104166666666666,0.5077948104000208,0.0247524752475247,0.5029103973765432
epfl_p300,PSD_LogReg,4096,42,LOSO,2,0.65625,0.6118055555555555,0.5563454795676319,0.1530418250950569,0.6665051118827161
epfl_p300,PSD_LogReg,4096,42,LOSO,3,0.6163194444444444,0.5684027777777778,0.5184551748255569,0.0901189387008235,0.6019000771604939
epfl_p300,PSD_LogReg,4096,42,LOSO,4,0.5787037037037037,0.6208333333333333,0.5196238813356612,0.1374407582938388,0.6708188657407409
epfl_p300,PSD_LogReg,4096,42,LOSO,5,0.4965277777777778,0.5548611111111111,0.452893909397927,0.0570809248554914,0.5975718557098766
epfl_p300,PSD_LogReg,4096,42,LOSO,6,0.7714120370370371,0.5614583333333334,0.564555857309364,0.1299559471365639,0.6118079668209877
epfl_p300,PSD_LogReg,4096,42,LOSO,7,0.6516203703703703,0.554861111111111,0.5258381938151698,0.080448065173116,0.5993537808641975
epfl_p300,PSD_LogReg,4096,42,LOSO,8,0.5254629629629629,0.6222222222222222,0.4882455681609692,0.1251778093883356,0.7215181327160494
epfl_p300,PSD_LogReg,4096,42,LOSO,9,0.5966435185185185,0.5871527777777777,0.5171874417487813,0.1071733561058925,0.6333260995370371
epfl_p300,PSD_LogReg,4096,123,LOSO,0,0.7355324074074074,0.5649305555555555,0.5591578347991861,0.1200256739409499,0.5923442322530864
epfl_p300,PSD_LogReg,4096,123,LOSO,1,0.7719907407407407,0.5104166666666666,0.5077948104000208,0.0247524752475247,0.5028573495370371
epfl_p300,PSD_LogReg,4096,123,LOSO,2,0.65625,0.6118055555555555,0.5563454795676319,0.1530418250950569,0.6664882330246914
epfl_p300,PSD_LogReg,4096,123,LOSO,3,0.6157407407407407,0.5680555555555555,0.5180442726929054,0.089579524680073,0.6018880208333333
epfl_p300,PSD_LogReg,4096,123,LOSO,4,0.5787037037037037,0.6208333333333333,0.5196238813356612,0.1374407582938388,0.6708140432098765
epfl_p300,PSD_LogReg,4096,123,LOSO,5,0.495949074074074,0.554513888888889,0.4524593324759942,0.0566787003610107,0.5975911458333334
epfl_p300,PSD_LogReg,4096,123,LOSO,6,0.7714120370370371,0.5614583333333334,0.564555857309364,0.1299559471365639,0.6118320794753087
epfl_p300,PSD_LogReg,4096,123,LOSO,7,0.6521990740740741,0.5552083333333333,0.5262412395767899,0.0810397553516819,0.5993827160493828
epfl_p300,PSD_LogReg,4096,123,LOSO,8,0.5248842592592593,0.621875,0.4877937033510858,0.1247334754797441,0.7215012538580247
epfl_p300,PSD_LogReg,4096,123,LOSO,9,0.5972222222222222,0.5874999999999999,0.5176088369070825,0.1076923076923076,0.6333478009259259
epfl_p300,PSD_LogReg,4096,456,LOSO,0,0.7361111111111112,0.5652777777777778,0.5595847856074512,0.1208226221079691,0.5923490547839506
epfl_p300,PSD_LogReg,4096,456,LOSO,1,0.7714120370370371,0.5100694444444445,0.5074468215613249,0.0238879736408565,0.5029996141975309
epfl_p300,PSD_LogReg,4096,456,LOSO,2,0.65625,0.6118055555555555,0.5563454795676319,0.1530418250950569,0.6665436921296296
epfl_p300,PSD_LogReg,4096,456,LOSO,3,0.6163194444444444,0.5684027777777778,0.5184551748255569,0.0901189387008235,0.6019796489197531
epfl_p300,PSD_LogReg,4096,456,LOSO,4,0.5787037037037037,0.6208333333333333,0.5196238813356612,0.1374407582938388,0.6707947530864198
epfl_p300,PSD_LogReg,4096,456,LOSO,5,0.4965277777777778,0.5548611111111111,0.452893909397927,0.0570809248554914,0.5975718557098766
epfl_p300,PSD_LogReg,4096,456,LOSO,6,0.7714120370370371,0.5614583333333334,0.564555857309364,0.1299559471365639,0.6118079668209877
epfl_p300,PSD_LogReg,4096,456,LOSO,7,0.6521990740740741,0.5552083333333333,0.5262412395767899,0.0810397553516819,0.599389949845679
epfl_p300,PSD_LogReg,4096,456,LOSO,8,0.5254629629629629,0.6222222222222222,0.4882455681609692,0.1251778093883356,0.721508487654321
epfl_p300,PSD_LogReg,4096,456,LOSO,9,0.5972222222222222,0.5888888888888888,0.5181507573766498,0.1092150170648463,0.6333333333333334
epfl_p300,PSD_LogReg,4096,789,LOSO,0,0.7355324074074074,0.5649305555555555,0.5591578347991861,0.1200256739409499,0.5923369984567901
epfl_p300,PSD_LogReg,4096,789,LOSO,1,0.7719907407407407,0.5090277777777777,0.5059847913159575,0.0215231788079469,0.5030309606481482
epfl_p300,PSD_LogReg,4096,789,LOSO,2,0.65625,0.6118055555555555,0.5563454795676319,0.1530418250950569,0.6665340470679013
epfl_p300,PSD_LogReg,4096,789,LOSO,3,0.6157407407407407,0.5666666666666667,0.5174126340015748,0.0879120879120879,0.601953125
epfl_p300,PSD_LogReg,4096,789,LOSO,4,0.5787037037037037,0.6208333333333333,0.5196238813356612,0.1374407582938388,0.6708405671296296
epfl_p300,PSD_LogReg,4096,789,LOSO,5,0.4965277777777778,0.5548611111111111,0.452893909397927,0.0570809248554914,0.5975429205246914
epfl_p300,PSD_LogReg,4096,789,LOSO,6,0.7714120370370371,0.5614583333333334,0.564555857309364,0.1299559471365639,0.6118031442901234
epfl_p300,PSD_LogReg,4096,789,LOSO,7,0.6516203703703703,0.554861111111111,0.5258381938151698,0.080448065173116,0.5993537808641975
epfl_p300,PSD_LogReg,4096,789,LOSO,8,0.5248842592592593,0.621875,0.4877937033510858,0.1247334754797441,0.7215084876543211
epfl_p300,PSD_LogReg,4096,789,LOSO,9,0.5972222222222222,0.5888888888888888,0.5181507573766498,0.1092150170648463,0.6333695023148148
epfl_p300,PSD_LogReg,4096,2024,LOSO,0,0.7355324074074074,0.5649305555555555,0.5591578347991861,0.1200256739409499,0.5923128858024691
epfl_p300,PSD_LogReg,4096,2024,LOSO,1,0.7714120370370371,0.5100694444444445,0.5074468215613249,0.0238879736408565,0.5028477044753087
epfl_p300,PSD_LogReg,4096,2024,LOSO,2,0.65625,0.6118055555555555,0.5563454795676319,0.1530418250950569,0.6665219907407409
epfl_p300,PSD_LogReg,4096,2024,LOSO,3,0.6145833333333334,0.5659722222222222,0.5165925988154745,0.0868372943327238,0.6019458912037037
epfl_p300,PSD_LogReg,4096,2024,LOSO,4,0.5787037037037037,0.6208333333333333,0.5196238813356612,0.1374407582938388,0.6708092206790123
epfl_p300,PSD_LogReg,4096,2024,LOSO,5,0.495949074074074,0.554513888888889,0.4524593324759942,0.0566787003610107,0.5976128472222222
epfl_p300,PSD_LogReg,4096,2024,LOSO,6,0.7714120370370371,0.5614583333333334,0.564555857309364,0.1299559471365639,0.6118103780864197
epfl_p300,PSD_LogReg,4096,2024,LOSO,7,0.6527777777777778,0.5555555555555556,0.5266445085649585,0.0816326530612245,0.5993995949074074
epfl_p300,PSD_LogReg,4096,2024,LOSO,8,0.5254629629629629,0.6222222222222222,0.4882455681609692,0.1251778093883356,0.7215108989197532
epfl_p300,PSD_LogReg,4096,2024,LOSO,9,0.5978009259259259,0.5892361111111111,0.5185728436375939,0.109735269000854,0.6333526234567901
epfl_p300,Patching_LogReg,4096,42,LOSO,0,0.8472222222222222,0.5625,0.5716458777000304,0.1851851851851852,0.8070987654320987
epfl_p300,Patching_LogReg,4096,42,LOSO,1,0.8721064814814815,0.6635416666666667,0.7023381105709536,0.4153439153439153,0.8671440972222223
epfl_p300,Patching_LogReg,4096,42,LOSO,2,0.8315972222222222,0.740625,0.720649777257796,0.4425287356321838,0.8368513695987655
epfl_p300,Patching_LogReg,4096,42,LOSO,3,0.8559027777777778,0.7440972222222222,0.7424099378881988,0.4848275862068965,0.8510513117283952
epfl_p300,Patching_LogReg,4096,42,LOSO,4,0.8831018518518519,0.7506944444444444,0.7713686858101028,0.5436746987951808,0.9056206597222224
epfl_p300,Patching_LogReg,4096,42,LOSO,5,0.859375,0.6447916666666667,0.6766444655443664,0.3638743455497382,0.8160252700617285
epfl_p300,Patching_LogReg,4096,42,LOSO,6,0.8518518518518519,0.5708333333333333,0.5846263056485144,0.2098765432098766,0.8323664158950617
epfl_p300,Patching_LogReg,4096,42,LOSO,7,0.8287037037037037,0.625,0.6419354838709678,0.2884615384615384,0.7924985532407408
epfl_p300,Patching_LogReg,4096,42,LOSO,8,0.8935185185185185,0.7277777777777777,0.7692923898531375,0.5430463576158939,0.9119839891975308
epfl_p300,Patching_LogReg,4096,42,LOSO,9,0.890625,0.7552083333333334,0.7815647065197109,0.564516129032258,0.904075038580247
epfl_p300,Patching_LogReg,4096,123,LOSO,0,0.8472222222222222,0.5625,0.5716458777000304,0.1851851851851852,0.8070891203703704
epfl_p300,Patching_LogReg,4096,123,LOSO,1,0.8721064814814815,0.6635416666666667,0.7023381105709536,0.4153439153439153,0.8671585648148148
epfl_p300,Patching_LogReg,4096,123,LOSO,2,0.8315972222222222,0.740625,0.720649777257796,0.4425287356321838,0.8368610146604938
epfl_p300,Patching_LogReg,4096,123,LOSO,3,0.8559027777777778,0.7440972222222222,0.7424099378881988,0.4848275862068965,0.8510561342592593
epfl_p300,Patching_LogReg,4096,123,LOSO,4,0.8831018518518519,0.7506944444444444,0.7713686858101028,0.5436746987951808,0.90561824845679
epfl_p300,Patching_LogReg,4096,123,LOSO,5,0.859375,0.6447916666666667,0.6766444655443664,0.3638743455497382,0.8160349151234567
epfl_p300,Patching_LogReg,4096,123,LOSO,6,0.8518518518518519,0.5708333333333333,0.5846263056485144,0.2098765432098766,0.8323736496913581
epfl_p300,Patching_LogReg,4096,123,LOSO,7,0.8287037037037037,0.625,0.6419354838709678,0.2884615384615384,0.7924792631172839
epfl_p300,Patching_LogReg,4096,123,LOSO,8,0.8935185185185185,0.7277777777777777,0.7692923898531375,0.5430463576158939,0.911986400462963
epfl_p300,Patching_LogReg,4096,123,LOSO,9,0.890625,0.7552083333333334,0.7815647065197109,0.564516129032258,0.904072627314815
epfl_p300,Patching_LogReg,4096,456,LOSO,0,0.8472222222222222,0.5625,0.5716458777000304,0.1851851851851852,0.8070915316358025
epfl_p300,Patching_LogReg,4096,456,LOSO,1,0.8721064814814815,0.6635416666666667,0.7023381105709536,0.4153439153439153,0.8671537422839506
epfl_p300,Patching_LogReg,4096,456,LOSO,2,0.8315972222222222,0.740625,0.720649777257796,0.4425287356321838,0.836841724537037
epfl_p300,Patching_LogReg,4096,456,LOSO,3,0.8559027777777778,0.7440972222222222,0.7424099378881988,0.4848275862068965,0.8510585455246914
epfl_p300,Patching_LogReg,4096,456,LOSO,4,0.8831018518518519,0.7506944444444444,0.7713686858101028,0.5436746987951808,0.9056110146604938
epfl_p300,Patching_LogReg,4096,456,LOSO,5,0.859375,0.6447916666666667,0.6766444655443664,0.3638743455497382,0.8160204475308642
epfl_p300,Patching_LogReg,4096,456,LOSO,6,0.8518518518518519,0.5708333333333333,0.5846263056485144,0.2098765432098766,0.8323832947530865
epfl_p300,Patching_LogReg,4096,456,LOSO,7,0.8287037037037037,0.625,0.6419354838709678,0.2884615384615384,0.7924720293209877
epfl_p300,Patching_LogReg,4096,456,LOSO,8,0.8935185185185185,0.7277777777777777,0.7692923898531375,0.5430463576158939,0.9119839891975308
epfl_p300,Patching_LogReg,4096,456,LOSO,9,0.890625,0.7552083333333334,0.7815647065197109,0.564516129032258,0.9040702160493828
epfl_p300,Patching_LogReg,4096,789,LOSO,0,0.8472222222222222,0.5625,0.5716458777000304,0.1851851851851852,0.8070842978395062
epfl_p300,Patching_LogReg,4096,789,LOSO,1,0.8721064814814815,0.6635416666666667,0.7023381105709536,0.4153439153439153,0.867163387345679
epfl_p300,Patching_LogReg,4096,789,LOSO,2,0.8315972222222222,0.740625,0.720649777257796,0.4425287356321838,0.8368537808641975
epfl_p300,Patching_LogReg,4096,789,LOSO,3,0.8559027777777778,0.7440972222222222,0.7424099378881988,0.4848275862068965,0.8510368441358025
epfl_p300,Patching_LogReg,4096,789,LOSO,4,0.8831018518518519,0.7506944444444444,0.7713686858101028,0.5436746987951808,0.9056254822530864
epfl_p300,Patching_LogReg,4096,789,LOSO,5,0.859375,0.6447916666666667,0.6766444655443664,0.3638743455497382,0.8160252700617284
epfl_p300,Patching_LogReg,4096,789,LOSO,6,0.8518518518518519,0.5708333333333333,0.5846263056485144,0.2098765432098766,0.8323688271604938
epfl_p300,Patching_LogReg,4096,789,LOSO,7,0.8287037037037037,0.625,0.6419354838709678,0.2884615384615384,0.7924889081790123
epfl_p300,Patching_LogReg,4096,789,LOSO,8,0.8935185185185185,0.7277777777777777,0.7692923898531375,0.5430463576158939,0.9119888117283952
epfl_p300,Patching_LogReg,4096,789,LOSO,9,0.890625,0.7552083333333334,0.7815647065197109,0.564516129032258,0.9040895061728396
epfl_p300,Patching_LogReg,4096,2024,LOSO,0,0.8472222222222222,0.5625,0.5716458777000304,0.1851851851851852,0.8070963541666666
epfl_p300,Patching_LogReg,4096,2024,LOSO,1,0.8721064814814815,0.6635416666666667,0.7023381105709536,0.4153439153439153,0.8671537422839507
epfl_p300,Patching_LogReg,4096,2024,LOSO,2,0.8315972222222222,0.740625,0.720649777257796,0.4425287356321838,0.8368537808641974
epfl_p300,Patching_LogReg,4096,2024,LOSO,3,0.8559027777777778,0.7440972222222222,0.7424099378881988,0.4848275862068965,0.8510416666666668
epfl_p300,Patching_LogReg,4096,2024,LOSO,4,0.8831018518518519,0.7506944444444444,0.7713686858101028,0.5436746987951808,0.9056230709876544
epfl_p300,Patching_LogReg,4096,2024,LOSO,5,0.859375,0.6447916666666667,0.6766444655443664,0.3638743455497382,0.816013213734568
epfl_p300,Patching_LogReg,4096,2024,LOSO,6,0.8518518518518519,0.5708333333333333,0.5846263056485144,0.2098765432098766,0.8323615933641976
epfl_p300,Patching_LogReg,4096,2024,LOSO,7,0.8287037037037037,0.625,0.6419354838709678,0.2884615384615384,0.7925009645061729
epfl_p300,Patching_LogReg,4096,2024,LOSO,8,0.8935185185185185,0.7277777777777777,0.7692923898531375,0.5430463576158939,0.9119864004629632
epfl_p300,Patching_LogReg,4096,2024,LOSO,9,0.890625,0.7552083333333334,0.7815647065197109,0.564516129032258,0.9040774498456792
epfl_p300,Patching_LogReg,4096,42,LOSO,0,0.8472222222222222,0.5625,0.5716458777000304,0.18518518518518523,0.8071059992283951
epfl_p300,Patching_LogReg,4096,42,LOSO,1,0.8721064814814815,0.6635416666666667,0.7023381105709536,0.41534391534391535,0.8671465084876544
epfl_p300,Patching_LogReg,4096,42,LOSO,2,0.8315972222222222,0.740625,0.720649777257796,0.44252873563218387,0.8368393132716049
epfl_p300,Patching_LogReg,4096,42,LOSO,3,0.8559027777777778,0.7440972222222222,0.7424099378881988,0.4848275862068965,0.8510489004629631
epfl_p300,Patching_LogReg,4096,42,LOSO,4,0.8831018518518519,0.7506944444444444,0.7713686858101028,0.5436746987951808,0.9056254822530865
epfl_p300,Patching_LogReg,4096,42,LOSO,5,0.859375,0.6447916666666667,0.6766444655443664,0.3638743455497382,0.8160325038580247
epfl_p300,Patching_LogReg,4096,42,LOSO,6,0.8518518518518519,0.5708333333333333,0.5846263056485144,0.2098765432098766,0.8323808834876543
epfl_p300,Patching_LogReg,4096,42,LOSO,7,0.8287037037037037,0.625,0.6419354838709678,0.28846153846153844,0.7925009645061728
epfl_p300,Patching_LogReg,4096,42,LOSO,8,0.8935185185185185,0.7277777777777777,0.7692923898531375,0.5430463576158939,0.9119839891975308
epfl_p300,Patching_LogReg,4096,42,LOSO,9,0.890625,0.7552083333333334,0.7815647065197109,0.564516129032258,0.904075038580247
epfl_p300,Patching_LogReg,4096,123,LOSO,0,0.8472222222222222,0.5625,0.5716458777000304,0.18518518518518523,0.8070650077160493
epfl_p300,Patching_LogReg,4096,123,LOSO,1,0.8721064814814815,0.6635416666666667,0.7023381105709536,0.41534391534391535,0.8671706211419753
epfl_p300,Patching_LogReg,4096,123,LOSO,2,0.8315972222222222,0.740625,0.720649777257796,0.44252873563218387,0.8368586033950616
epfl_p300,Patching_LogReg,4096,123,LOSO,3,0.8559027777777778,0.7440972222222222,0.7424099378881988,0.4848275862068965,0.8510440779320987
epfl_p300,Patching_LogReg,4096,123,LOSO,4,0.8831018518518519,0.7506944444444444,0.7713686858101028,0.5436746987951808,0.9056254822530865
epfl_p300,Patching_LogReg,4096,123,LOSO,5,0.859375,0.6447916666666667,0.6766444655443664,0.3638743455497382,0.816013213734568
epfl_p300,Patching_LogReg,4096,123,LOSO,6,0.8518518518518519,0.5708333333333333,0.5846263056485144,0.2098765432098766,0.8323736496913581
epfl_p300,Patching_LogReg,4096,123,LOSO,7,0.8287037037037037,0.625,0.6419354838709678,0.28846153846153844,0.7924792631172839
epfl_p300,Patching_LogReg,4096,123,LOSO,8,0.8935185185185185,0.7277777777777777,0.7692923898531375,0.5430463576158939,0.9119912229938272
epfl_p300,Patching_LogReg,4096,123,LOSO,9,0.890625,0.7552083333333334,0.7815647065197109,0.564516129032258,0.9040702160493828
epfl_p300,Patching_LogReg,4096,456,LOSO,0,0.8472222222222222,0.5625,0.5716458777000304,0.18518518518518523,0.807079475308642
epfl_p300,Patching_LogReg,4096,456,LOSO,1,0.8721064814814815,0.6635416666666667,0.7023381105709536,0.41534391534391535,0.8671633873456791
epfl_p300,Patching_LogReg,4096,456,LOSO,2,0.8315972222222222,0.740625,0.720649777257796,0.44252873563218387,0.8368441358024691
epfl_p300,Patching_LogReg,4096,456,LOSO,3,0.8559027777777778,0.7440972222222222,0.7424099378881988,0.4848275862068965,0.8510320216049383
epfl_p300,Patching_LogReg,4096,456,LOSO,4,0.8831018518518519,0.7506944444444444,0.7713686858101028,0.5436746987951808,0.905639949845679
epfl_p300,Patching_LogReg,4096,456,LOSO,5,0.859375,0.6447916666666667,0.6766444655443664,0.3638743455497382,0.8160204475308642
epfl_p300,Patching_LogReg,4096,456,LOSO,6,0.8518518518518519,0.5708333333333333,0.5846263056485144,0.2098765432098766,0.8323760609567903
epfl_p300,Patching_LogReg,4096,456,LOSO,7,0.8287037037037037,0.625,0.6419354838709678,0.28846153846153844,0.7924672067901235
epfl_p300,Patching_LogReg,4096,456,LOSO,8,0.8935185185185185,0.7277777777777777,0.7692923898531375,0.5430463576158939,0.911988811728395
epfl_p300,Patching_LogReg,4096,456,LOSO,9,0.890625,0.7552083333333334,0.7815647065197109,0.564516129032258,0.9040678047839507
epfl_p300,Patching_LogReg,4096,789,LOSO,0,0.8472222222222222,0.5625,0.5716458777000304,0.18518518518518523,0.8070842978395062
epfl_p300,Patching_LogReg,4096,789,LOSO,1,0.8721064814814815,0.6635416666666667,0.7023381105709536,0.41534391534391535,0.8671657986111112
epfl_p300,Patching_LogReg,4096,789,LOSO,2,0.8315972222222222,0.740625,0.720649777257796,0.44252873563218387,0.8368513695987654
epfl_p300,Patching_LogReg,4096,789,LOSO,3,0.8559027777777778,0.7440972222222222,0.7424099378881988,0.4848275862068965,0.8510874807098766
epfl_p300,Patching_LogReg,4096,789,LOSO,4,0.8831018518518519,0.7506944444444444,0.7713686858101028,0.5436746987951808,0.9056134259259259
epfl_p300,Patching_LogReg,4096,789,LOSO,5,0.859375,0.6447916666666667,0.6766444655443664,0.3638743455497382,0.8160276813271604
epfl_p300,Patching_LogReg,4096,789,LOSO,6,0.8518518518518519,0.5708333333333333,0.5846263056485144,0.2098765432098766,0.8323519483024692
epfl_p300,Patching_LogReg,4096,789,LOSO,7,0.8287037037037037,0.625,0.6419354838709678,0.28846153846153844,0.7924840856481483
epfl_p300,Patching_LogReg,4096,789,LOSO,8,0.8935185185185185,0.7277777777777777,0.7692923898531375,0.5430463576158939,0.9119791666666667
epfl_p300,Patching_LogReg,4096,789,LOSO,9,0.890625,0.7552083333333334,0.7815647065197109,0.564516129032258,0.9040846836419754
epfl_p300,Patching_LogReg,4096,2024,LOSO,0,0.8472222222222222,0.5625,0.5716458777000304,0.18518518518518523,0.8071204668209876
epfl_p300,Patching_LogReg,4096,2024,LOSO,1,0.8721064814814815,0.6635416666666667,0.7023381105709536,0.41534391534391535,0.8671682098765433
epfl_p300,Patching_LogReg,4096,2024,LOSO,2,0.8315972222222222,0.740625,0.720649777257796,0.44252873563218387,0.8368561921296296
epfl_p300,Patching_LogReg,4096,2024,LOSO,3,0.8559027777777778,0.7440972222222222,0.7424099378881988,0.4848275862068965,0.8510585455246913
epfl_p300,Patching_LogReg,4096,2024,LOSO,4,0.8831018518518519,0.7506944444444444,0.7713686858101028,0.5436746987951808,0.9056254822530865
epfl_p300,Patching_LogReg,4096,2024,LOSO,5,0.859375,0.6447916666666667,0.6766444655443664,0.3638743455497382,0.8160325038580246
epfl_p300,Patching_LogReg,4096,2024,LOSO,6,0.8518518518518519,0.5708333333333333,0.5846263056485144,0.2098765432098766,0.8323736496913581
epfl_p300,Patching_LogReg,4096,2024,LOSO,7,0.8287037037037037,0.625,0.6419354838709678,0.28846153846153844,0.7924937307098766
epfl_p300,Patching_LogReg,4096,2024,LOSO,8,0.8935185185185185,0.7277777777777777,0.7692923898531375,0.5430463576158939,0.9119815779320988
epfl_p300,Patching_LogReg,4096,2024,LOSO,9,0.890625,0.7552083333333334,0.7815647065197109,0.564516129032258,0.9040774498456791
epfl_p300,PSD_LogReg,4096,42,LOSO,0,0.7355324074074074,0.5649305555555555,0.5591578347991861,0.12002567394094998,0.5923683449074074
epfl_p300,PSD_LogReg,4096,42,LOSO,1,0.7714120370370371,0.5100694444444445,0.5074468215613249,0.023887973640856597,0.5029947916666666
epfl_p300,PSD_LogReg,4096,42,LOSO,2,0.65625,0.6118055555555555,0.5563454795676319,0.15304182509505693,0.6664954668209877
epfl_p300,PSD_LogReg,4096,42,LOSO,3,0.6157407407407407,0.5666666666666667,0.5174126340015748,0.08791208791208793,0.6019483024691358
epfl_p300,PSD_LogReg,4096,42,LOSO,4,0.5787037037037037,0.6208333333333333,0.5196238813356612,0.13744075829383884,0.6708309220679012
epfl_p300,PSD_LogReg,4096,42,LOSO,5,0.49594907407407407,0.554513888888889,0.45245933247599424,0.05667870036101075,0.5975983796296296
epfl_p300,PSD_LogReg,4096,42,LOSO,6,0.7714120370370371,0.5614583333333334,0.564555857309364,0.1299559471365639,0.6118152006172839
epfl_p300,PSD_LogReg,4096,42,LOSO,7,0.6521990740740741,0.5552083333333333,0.5262412395767899,0.08103975535168195,0.5993730709876544
epfl_p300,PSD_LogReg,4096,42,LOSO,8,0.5248842592592593,0.621875,0.4877937033510858,0.12473347547974412,0.7215036651234568
epfl_p300,PSD_LogReg,4096,42,LOSO,9,0.5978009259259259,0.5892361111111111,0.5185728436375939,0.10973526900085406,0.633326099537037
epfl_p300,PSD_LogReg,4096,123,LOSO,0,0.7355324074074074,0.5649305555555555,0.5591578347991861,0.12002567394094998,0.5923201195987654
epfl_p300,PSD_LogReg,4096,123,LOSO,1,0.7719907407407407,0.5104166666666666,0.5077948104000208,0.024752475247524774,0.5030357831790124
epfl_p300,PSD_LogReg,4096,123,LOSO,2,0.65625,0.6118055555555555,0.5563454795676319,0.15304182509505693,0.6665316358024692
epfl_p300,PSD_LogReg,4096,123,LOSO,3,0.6157407407407407,0.5680555555555555,0.5180442726929054,0.08957952468007302,0.6018928433641975
epfl_p300,PSD_LogReg,4096,123,LOSO,4,0.5787037037037037,0.6208333333333333,0.5196238813356612,0.13744075829383884,0.6708212770061728
epfl_p300,PSD_LogReg,4096,123,LOSO,5,0.4965277777777778,0.5548611111111111,0.45289390939792706,0.05708092485549143,0.5975284529320988
epfl_p300,PSD_LogReg,4096,123,LOSO,6,0.7714120370370371,0.5614583333333334,0.564555857309364,0.1299559471365639,0.6118344907407408
epfl_p300,PSD_LogReg,4096,123,LOSO,7,0.6527777777777778,0.5555555555555556,0.5266445085649585,0.08163265306122458,0.5993851273148149
epfl_p300,PSD_LogReg,4096,123,LOSO,8,0.5248842592592593,0.621875,0.4877937033510858,0.12473347547974412,0.7214964313271605
epfl_p300,PSD_LogReg,4096,123,LOSO,9,0.5966435185185185,0.5885416666666666,0.5177287584643605,0.10869565217391308,0.6333140432098766
epfl_p300,PSD_LogReg,4096,456,LOSO,0,0.7355324074074074,0.5649305555555555,0.5591578347991861,0.12002567394094998,0.5923345871913581
epfl_p300,PSD_LogReg,4096,456,LOSO,1,0.7714120370370371,0.5100694444444445,0.5074468215613249,0.023887973640856597,0.5029682677469136
epfl_p300,PSD_LogReg,4096,456,LOSO,2,0.65625,0.6118055555555555,0.5563454795676319,0.15304182509505693,0.6665509259259259
epfl_p300,PSD_LogReg,4096,456,LOSO,3,0.6157407407407407,0.5666666666666667,0.5174126340015748,0.08791208791208793,0.6019627700617284
epfl_p300,PSD_LogReg,4096,456,LOSO,4,0.5787037037037037,0.6208333333333333,0.5196238813356612,0.13744075829383884,0.6708116319444444
epfl_p300,PSD_LogReg,4096,456,LOSO,5,0.4965277777777778,0.5548611111111111,0.45289390939792706,0.05708092485549143,0.5975477430555556
epfl_p300,PSD_LogReg,4096,456,LOSO,6,0.7714120370370371,0.5614583333333334,0.564555857309364,0.1299559471365639,0.6118200231481481
epfl_p300,PSD_LogReg,4096,456,LOSO,7,0.6521990740740741,0.5552083333333333,0.5262412395767899,0.08103975535168195,0.5993827160493828
epfl_p300,PSD_LogReg,4096,456,LOSO,8,0.5248842592592593,0.621875,0.4877937033510858,0.12473347547974412,0.7215181327160494
epfl_p300,PSD_LogReg,4096,456,LOSO,9,0.5978009259259259,0.5892361111111111,0.5185728436375939,0.10973526900085406,0.6332947530864198
epfl_p300,PSD_LogReg,4096,789,LOSO,0,0.7349537037037037,0.5645833333333333,0.5587314331593738,0.11923076923076925,0.5922887731481481
epfl_p300,PSD_LogReg,4096,789,LOSO,1,0.7714120370370371,0.5100694444444445,0.5074468215613249,0.023887973640856597,0.5028260030864198
epfl_p300,PSD_LogReg,4096,789,LOSO,2,0.65625,0.6118055555555555,0.5563454795676319,0.15304182509505693,0.6665244020061729
epfl_p300,PSD_LogReg,4096,789,LOSO,3,0.6157407407407407,0.5680555555555555,0.5180442726929054,0.08957952468007302,0.601953125
epfl_p300,PSD_LogReg,4096,789,LOSO,4,0.5787037037037037,0.6208333333333333,0.5196238813356612,0.13744075829383884,0.6707875192901235
epfl_p300,PSD_LogReg,4096,789,LOSO,5,0.4965277777777778,0.5548611111111111,0.45289390939792706,0.05708092485549143,0.5975790895061728
epfl_p300,PSD_LogReg,4096,789,LOSO,6,0.7714120370370371,0.5614583333333334,0.564555857309364,0.1299559471365639,0.6118248456790123
epfl_p300,PSD_LogReg,4096,789,LOSO,7,0.6521990740740741,0.5552083333333333,0.5262412395767899,0.08103975535168195,0.5993778935185184
epfl_p300,PSD_LogReg,4096,789,LOSO,8,0.5248842592592593,0.621875,0.4877937033510858,0.12473347547974412,0.7215205439814815
epfl_p300,PSD_LogReg,4096,789,LOSO,9,0.5972222222222222,0.5888888888888888,0.5181507573766498,0.10921501706484638,0.6333188657407408
epfl_p300,PSD_LogReg,4096,2024,LOSO,0,0.7361111111111112,0.5652777777777778,0.5595847856074512,0.12082262210796912,0.5923321759259259
epfl_p300,PSD_LogReg,4096,2024,LOSO,1,0.7714120370370371,0.5100694444444445,0.5074468215613249,0.023887973640856597,0.5028115354938272
epfl_p300,PSD_LogReg,4096,2024,LOSO,2,0.65625,0.6118055555555555,0.5563454795676319,0.15304182509505693,0.6664978780864198
epfl_p300,PSD_LogReg,4096,2024,LOSO,3,0.6151620370370371,0.5663194444444444,0.517002550918545,0.08737419945105229,0.6019627700617284
epfl_p300,PSD_LogReg,4096,2024,LOSO,4,0.5787037037037037,0.6208333333333333,0.5196238813356612,0.13744075829383884,0.6708092206790124
epfl_p300,PSD_LogReg,4096,2024,LOSO,5,0.4965277777777778,0.5548611111111111,0.45289390939792706,0.05708092485549143,0.5975670331790124
epfl_p300,PSD_LogReg,4096,2024,LOSO,6,0.7714120370370371,0.5614583333333334,0.564555857309364,0.1299559471365639,0.6118200231481481
epfl_p300,PSD_LogReg,4096,2024,LOSO,7,0.6521990740740741,0.5552083333333333,0.5262412395767899,0.08103975535168195,0.5993923611111112
epfl_p300,PSD_LogReg,4096,2024,LOSO,8,0.5248842592592593,0.621875,0.4877937033510858,0.12473347547974412,0.7215133101851853
epfl_p300,PSD_LogReg,4096,2024,LOSO,9,0.5972222222222222,0.5888888888888888,0.5181507573766498,0.10921501706484638,0.6333574459876543
