dataset,classifier,vocab_size,seed,cv_strategy,accuracy_mean,accuracy_std,accuracy_ci_low,accuracy_ci_high,balanced_accuracy_mean,macro_f1_mean,kappa_mean,auc_roc_mean,n_folds,n_trials,n_subjects,confusion_matrix,timestamp
bci_iv_2a,BPE_Hist_LogReg,4096,42,LOSO,0.2689043209876543,0.01867060745765874,0.25713252314814816,0.28029031635802465,0.2689043209876543,0.23995916781954335,0.025205761316872417,0.5337887499285551,9,5184,9,"[[147, 370, 264, 515], [138, 393, 326, 439], [142, 395, 302, 457], [173, 273, 298, 552]]",2026-03-07T16:58:44.780688
bci_iv_2a,BPE_Hist_LogReg,4096,123,LOSO,0.26948302469135804,0.018872800630609587,0.2569444444444444,0.2810619212962963,0.26948302469135804,0.2391882158805418,0.025977366255144033,0.5337954478880886,9,5184,9,"[[143, 389, 240, 524], [137, 409, 307, 443], [133, 411, 288, 464], [169, 285, 285, 557]]",2026-03-07T16:58:44.787686
bci_iv_2a,BPE_Hist_LogReg,4096,456,LOSO,0.2706404320987654,0.018813557623821933,0.25810185185185186,0.28182870370370366,0.2706404320987654,0.2406842588231175,0.02752057613168722,0.5337914291123687,9,5184,9,"[[146, 386, 237, 527], [138, 405, 310, 443], [138, 407, 289, 462], [168, 283, 282, 563]]",2026-03-07T16:58:44.794685
bci_iv_2a,BPE_Hist_LogReg,4096,789,LOSO,0.2706404320987655,0.017994697345708084,0.2588734567901235,0.2826051311728395,0.2706404320987655,0.2413487110512743,0.027520576131687235,0.5338099601337449,9,5184,9,"[[153, 387, 239, 517], [139, 410, 306, 441], [136, 413, 285, 462], [170, 288, 283, 555]]",2026-03-07T16:58:44.801690
bci_iv_2a,BPE_Hist_LogReg,4096,2024,LOSO,0.27102623456790126,0.019322888839724005,0.2584828317901234,0.28241222993827164,0.27102623456790126,0.2411424339598612,0.028034979423868296,0.53380035972508,9,5184,9,"[[143, 388, 239, 526], [137, 413, 306, 440], [135, 408, 293, 460], [169, 288, 283, 556]]",2026-03-07T16:58:44.808690
bci_iv_2a,BPE_Hist_RF,4096,42,LOSO,0.2472993827160494,0.018393514569537375,0.23494405864197532,0.2594569830246914,0.2472993827160494,0.24634618502885589,-0.003600823045267481,0.508864526177412,9,5184,9,"[[303, 321, 352, 320], [307, 334, 348, 307], [292, 352, 304, 348], [314, 323, 318, 341]]",2026-03-07T17:01:50.850074
bci_iv_2a,BPE_Hist_RF,4096,123,LOSO,0.2472993827160494,0.018393514569537375,0.23456790123456792,0.25887345679012347,0.2472993827160494,0.24634618502885589,-0.003600823045267481,0.508864526177412,9,5184,9,"[[303, 321, 352, 320], [307, 334, 348, 307], [292, 352, 304, 348], [314, 323, 318, 341]]",2026-03-07T17:01:50.857074
bci_iv_2a,BPE_Hist_RF,4096,456,LOSO,0.2472993827160494,0.018393514569537375,0.23553240740740744,0.2586805555555556,0.2472993827160494,0.24634618502885589,-0.003600823045267481,0.508864526177412,9,5184,9,"[[303, 321, 352, 320], [307, 334, 348, 307], [292, 352, 304, 348], [314, 323, 318, 341]]",2026-03-07T17:01:50.864074
bci_iv_2a,BPE_Hist_RF,4096,789,LOSO,0.2472993827160494,0.018393514569537375,0.2357204861111111,0.26003568672839505,0.2472993827160494,0.24634618502885589,-0.003600823045267481,0.508864526177412,9,5184,9,"[[303, 321, 352, 320], [307, 334, 348, 307], [292, 352, 304, 348], [314, 323, 318, 341]]",2026-03-07T17:01:50.871074
bci_iv_2a,BPE_Hist_RF,4096,2024,LOSO,0.2472993827160494,0.018393514569537375,0.23552758487654318,0.25887345679012347,0.2472993827160494,0.24634618502885589,-0.003600823045267481,0.508864526177412,9,5184,9,"[[303, 321, 352, 320], [307, 334, 348, 307], [292, 352, 304, 348], [314, 323, 318, 341]]",2026-03-07T17:01:50.878073
bci_iv_2a,BPE_Windowed_LogReg,4096,42,LOSO,0.30169753086419754,0.02467175871436301,0.2847222222222222,0.3175154320987654,0.30169753086419754,0.2974802661327476,0.06893004115226337,0.5575390446387746,9,5184,9,"[[310, 366, 245, 375], [258, 455, 326, 257], [238, 372, 338, 348], [269, 280, 286, 461]]",2026-03-07T17:02:08.892992
bci_iv_2a,BPE_Windowed_LogReg,4096,123,LOSO,0.3022762345679013,0.02450377238919817,0.28510320216049384,0.31636284722222224,0.3022762345679013,0.2981695496543,0.06970164609053499,0.5575546732110196,9,5184,9,"[[311, 366, 244, 375], [258, 455, 326, 257], [236, 373, 339, 348], [267, 280, 287, 462]]",2026-03-07T17:02:08.899492
bci_iv_2a,BPE_Windowed_LogReg,4096,456,LOSO,0.30092592592592593,0.024014460556998185,0.28586516203703705,0.3159722222222222,0.30092592592592593,0.29663407402414776,0.06790123456790123,0.5575792323959763,9,5184,9,"[[306, 366, 245, 379], [259, 454, 326, 257], [237, 371, 339, 349], [270, 281, 284, 461]]",2026-03-07T17:02:08.907064
bci_iv_2a,BPE_Windowed_LogReg,4096,789,LOSO,0.3020833333333333,0.024236564341865652,0.2856867283950617,0.31635802469135804,0.3020833333333333,0.2979103592700667,0.06944444444444443,0.5575481985168038,9,5184,9,"[[310, 366, 244, 376], [258, 455, 326, 257], [236, 372, 339, 349], [268, 280, 286, 462]]",2026-03-07T17:02:08.914062
bci_iv_2a,BPE_Windowed_LogReg,4096,2024,LOSO,0.3016975308641976,0.02412268309963294,0.28528645833333327,0.3157793209876543,0.3016975308641976,0.2974580470803039,0.06893004115226337,0.557563603823731,9,5184,9,"[[307, 366, 245, 378], [257, 455, 327, 257], [236, 371, 340, 349], [268, 279, 287, 462]]",2026-03-07T17:02:08.920563
bci_iv_2a,BPE_WindowedSeq_CNN,4096,42,LOSO,0.30960648148148145,0.02593212558149084,0.2933931327160494,0.32677951388888893,0.30960648148148145,0.24992924596446306,0.07947530864197531,0.5633939543324188,9,5184,9,"[[134, 554, 78, 530], [129, 702, 94, 371], [138, 633, 91, 434], [127, 421, 70, 678]]",2026-03-07T17:03:09.416680
bci_iv_2a,BPE_WindowedSeq_CNN,4096,123,LOSO,0.3013117283950617,0.03342594908119075,0.27757523148148144,0.32060667438271606,0.3013117283950617,0.2444063665025197,0.06841563786008231,0.5613131215706447,9,5184,9,"[[72, 552, 117, 555], [75, 692, 122, 407], [86, 613, 118, 479], [89, 411, 116, 680]]",2026-03-07T17:03:52.860848
bci_iv_2a,BPE_WindowedSeq_CNN,4096,456,LOSO,0.30941358024691357,0.026288411521488367,0.29301697530864196,0.32773919753086417,0.30941358024691357,0.24291847584012713,0.07921810699588477,0.5626169910265202,9,5184,9,"[[82, 583, 73, 558], [81, 738, 87, 390], [78, 663, 102, 453], [98, 450, 66, 682]]",2026-03-07T17:04:36.478214
bci_iv_2a,BPE_WindowedSeq_CNN,4096,789,LOSO,0.30690586419753085,0.028371568380941715,0.28858024691358025,0.3263888888888889,0.3069058641975309,0.24770929438988018,0.07587448559670779,0.5690387713620256,9,5184,9,"[[102, 567, 111, 516], [97, 714, 117, 368], [105, 634, 117, 440], [107, 425, 106, 658]]",2026-03-07T17:05:22.402270
bci_iv_2a,BPE_WindowedSeq_CNN,4096,2024,LOSO,0.30092592592592593,0.028362386006580666,0.28336709104938274,0.3186728395061728,0.30092592592592593,0.2419619122522347,0.06790123456790123,0.5642325388660265,9,5184,9,"[[123, 616, 47, 510], [139, 745, 56, 356], [142, 674, 39, 441], [145, 450, 48, 653]]",2026-03-07T17:06:08.151017
bci_iv_2a,BPE_Bigram_LogReg,4096,42,LOSO,0.26504629629629634,0.020881502954477684,0.2525028935185185,0.27893518518518523,0.2650462962962963,0.16408669433324355,0.020061728395061706,0.5433637063471651,9,5184,9,"[[0, 435, 324, 537], [0, 472, 338, 486], [0, 466, 329, 501], [1, 396, 326, 573]]",2026-03-07T17:06:24.455240
bci_iv_2a,BPE_Bigram_LogReg,4096,123,LOSO,0.26851851851851855,0.023762112462555333,0.2536651234567901,0.28491994598765435,0.26851851851851855,0.17090601996280616,0.024691358024691343,0.5433250814471879,9,5184,9,"[[232, 218, 438, 408], [220, 261, 425, 390], [216, 234, 434, 412], [228, 211, 392, 465]]",2026-03-07T17:06:24.462238
bci_iv_2a,BPE_Bigram_LogReg,4096,456,LOSO,0.27044753086419754,0.019241837715335657,0.25810185185185186,0.28337191358024694,0.27044753086419754,0.16923194872145456,0.027263374485596705,0.5433210626714678,9,5184,9,"[[176, 222, 373, 525], [172, 264, 392, 468], [176, 247, 395, 478], [177, 180, 372, 567]]",2026-03-07T17:06:24.469238
bci_iv_2a,BPE_Bigram_LogReg,4096,789,LOSO,0.2604166666666667,0.021990740740740738,0.2459490740740741,0.27546778549382717,0.2604166666666667,0.17523094219443544,0.013888888888888876,0.5433078900177183,9,5184,9,"[[439, 470, 139, 248], [432, 484, 169, 211], [459, 484, 163, 190], [482, 396, 154, 264]]",2026-03-07T17:06:24.476244
bci_iv_2a,BPE_Bigram_LogReg,4096,2024,LOSO,0.27411265432098764,0.022936597622110082,0.26003086419753085,0.29051890432098765,0.27411265432098764,0.18726786506307472,0.03215020576131684,0.5433429426726109,9,5184,9,"[[279, 237, 348, 432], [249, 312, 345, 390], [259, 278, 346, 413], [292, 188, 332, 484]]",2026-03-07T17:06:24.483239
bci_iv_2a,BPE_Seq_CNN,4096,42,LOSO,0.2561728395061728,0.013173897437472121,0.24749228395061731,0.2648533950617284,0.2561728395061728,0.2113128057562863,0.008230452674897106,0.5153704775377228,9,5184,9,"[[458, 451, 228, 159], [432, 462, 255, 147], [445, 467, 254, 130], [474, 440, 228, 154]]",2026-03-07T17:06:34.770119
bci_iv_2a,BPE_Seq_CNN,4096,123,LOSO,0.267554012345679,0.013131460204565982,0.2592592592592593,0.27604648919753083,0.26755401234567905,0.23893340636122806,0.023405349794238695,0.5200304712505717,9,5184,9,"[[360, 545, 122, 269], [331, 594, 124, 247], [385, 542, 140, 229], [373, 521, 109, 293]]",2026-03-07T17:06:42.556476
bci_iv_2a,BPE_Seq_CNN,4096,456,LOSO,0.2658179012345679,0.015122767841450339,0.25675154320987653,0.2760464891975309,0.2658179012345679,0.23262393300072576,0.021090534979423863,0.5198793206304297,9,5184,9,"[[346, 513, 190, 247], [322, 558, 178, 238], [331, 528, 178, 259], [333, 489, 178, 296]]",2026-03-07T17:06:49.031361
bci_iv_2a,BPE_Seq_CNN,4096,789,LOSO,0.26041666666666663,0.012055941351851658,0.2523148148148148,0.2685185185185185,0.26041666666666663,0.22594052598572187,0.013888888888888864,0.5140956325731596,9,5184,9,"[[417, 419, 280, 180], [390, 440, 325, 141], [420, 440, 291, 145], [395, 413, 286, 202]]",2026-03-07T17:06:56.458759
bci_iv_2a,BPE_Seq_CNN,4096,2024,LOSO,0.2561728395061728,0.014847130713652665,0.24614197530864196,0.265625,0.2561728395061728,0.21927292316502148,0.008230452674897106,0.5139514031778692,9,5184,9,"[[324, 544, 205, 223], [337, 540, 207, 212], [367, 531, 208, 190], [348, 499, 193, 256]]",2026-03-07T17:07:03.052640
bci_iv_2a,BPE_Seq_Transformer,4096,42,LOSO,0.2665895061728395,0.024811628380885076,0.2517361111111111,0.2822145061728395,0.2665895061728395,0.19761287697153918,0.02211934156378602,0.5227538615969364,9,5184,9,"[[287, 464, 155, 390], [300, 457, 179, 360], [296, 454, 185, 361], [264, 418, 161, 453]]",2026-03-07T17:08:06.745719
bci_iv_2a,BPE_Seq_Transformer,4096,123,LOSO,0.25906635802469136,0.01880168662193087,0.2469135802469136,0.2704523533950618,0.25906635802469136,0.19051739881090154,0.01208847736625513,0.5257181552211934,9,5184,9,"[[373, 638, 90, 195], [355, 647, 118, 176], [343, 670, 108, 175], [405, 607, 69, 215]]",2026-03-07T17:09:00.368761
bci_iv_2a,BPE_Seq_Transformer,4096,456,LOSO,0.26967592592592593,0.01557132412855753,0.2600308641975309,0.2802854938271605,0.26967592592592593,0.19517444821626026,0.026234567901234573,0.5266641303726566,9,5184,9,"[[424, 439, 163, 270], [385, 457, 198, 256], [402, 447, 204, 243], [423, 379, 181, 313]]",2026-03-07T17:09:55.365428
bci_iv_2a,BPE_Seq_Transformer,4096,789,LOSO,0.26562500000000006,0.016203703703703703,0.25559413580246915,0.2779755015432099,0.265625,0.19415419328782932,0.020833333333333346,0.530523941186557,9,5184,9,"[[374, 342, 258, 322], [392, 378, 255, 271], [362, 378, 263, 293], [375, 318, 241, 362]]",2026-03-07T17:10:47.646802
bci_iv_2a,BPE_Seq_Transformer,4096,2024,LOSO,0.2584876543209877,0.014922129325473547,0.24845196759259258,0.2683256172839506,0.2584876543209877,0.18841280335618038,0.01131687242798354,0.5260668956475766,9,5184,9,"[[363, 576, 101, 256], [367, 571, 114, 244], [363, 597, 120, 216], [348, 559, 103, 286]]",2026-03-07T17:11:45.486726
bci_iv_2a,BPE_Seq_CW_Transformer,4096,42,LOSO,0.24884259259259262,0.006748786915330211,0.2438271604938272,0.2523148148148148,0.24884259259259262,0.1202733840042541,-0.0015432098765432044,0.4919584297839506,9,5184,9,"[[288, 465, 333, 210], [288, 461, 333, 214], [288, 468, 337, 203], [288, 479, 325, 204]]",2026-03-07T17:13:29.894721
bci_iv_2a,BPE_Seq_CW_Transformer,4096,123,LOSO,0.2513503086419753,0.0053527920237313314,0.24845679012345678,0.25540123456790126,0.2513503086419753,0.1098725003307734,0.0018004115226337466,0.49680730595564704,9,5184,9,"[[1, 292, 257, 746], [0, 299, 253, 744], [0, 299, 257, 740], [0, 295, 255, 746]]",2026-03-07T17:15:04.834704
bci_iv_2a,BPE_Seq_CW_Transformer,4096,456,LOSO,0.2525077160493827,0.007725688423804322,0.24942129629629628,0.2579137731481481,0.2525077160493827,0.10923898614213404,0.0033436213991769512,0.5034592728337905,9,5184,9,"[[431, 221, 356, 288], [432, 220, 356, 288], [428, 210, 370, 288], [430, 219, 359, 288]]",2026-03-07T17:16:39.858170
bci_iv_2a,BPE_Seq_CW_Transformer,4096,789,LOSO,0.24787808641975306,0.007667672420660407,0.24228395061728397,0.251929012345679,0.24787808641975306,0.12248318525700716,-0.0028292181069959036,0.500575354723937,9,5184,9,"[[337, 339, 197, 423], [347, 336, 198, 415], [345, 343, 197, 411], [348, 346, 187, 415]]",2026-03-07T17:18:12.333510
bci_iv_2a,BPE_Seq_CW_Transformer,4096,2024,LOSO,0.24980709876543208,0.0017253610937498314,0.2486496913580247,0.25096450617283955,0.24980709876543208,0.10260079933792315,-0.00025720164609052996,0.5006452367684041,9,5184,9,"[[432, 288, 146, 430], [433, 288, 144, 431], [431, 288, 144, 433], [431, 288, 146, 431]]",2026-03-07T17:19:47.446122
bci_iv_2a,CSP_LDA,4096,42,LOSO,0.3919753086419753,0.11652448121740043,0.3186294367283951,0.4654899691358024,0.3919753086419753,0.3391150400006133,0.18930041152263374,0.6840429598193873,9,5184,9,"[[463, 319, 331, 183], [275, 622, 269, 130], [240, 257, 624, 175], [282, 344, 347, 323]]",2026-03-07T17:21:46.059505
bci_iv_2a,CSP_LDA,4096,123,LOSO,0.3919753086419753,0.11652448121740043,0.31750578703703697,0.4697193287037037,0.3919753086419753,0.3391150400006133,0.18930041152263374,0.6840429598193873,9,5184,9,"[[463, 319, 331, 183], [275, 622, 269, 130], [240, 257, 624, 175], [282, 344, 347, 323]]",2026-03-07T17:21:46.067005
bci_iv_2a,CSP_LDA,4096,456,LOSO,0.3919753086419753,0.11652448121740043,0.3182822145061728,0.46759741512345676,0.3919753086419753,0.3391150400006133,0.18930041152263374,0.6840429598193873,9,5184,9,"[[463, 319, 331, 183], [275, 622, 269, 130], [240, 257, 624, 175], [282, 344, 347, 323]]",2026-03-07T17:21:46.074005
bci_iv_2a,CSP_LDA,4096,789,LOSO,0.3919753086419753,0.11652448121740043,0.31397569444444445,0.46822434413580244,0.3919753086419753,0.3391150400006133,0.18930041152263374,0.6840429598193873,9,5184,9,"[[463, 319, 331, 183], [275, 622, 269, 130], [240, 257, 624, 175], [282, 344, 347, 323]]",2026-03-07T17:21:46.081004
bci_iv_2a,CSP_LDA,4096,2024,LOSO,0.3919753086419753,0.11652448121740043,0.32174961419753084,0.4650848765432099,0.3919753086419753,0.3391150400006133,0.18930041152263374,0.6840429598193873,9,5184,9,"[[463, 319, 331, 183], [275, 622, 269, 130], [240, 257, 624, 175], [282, 344, 347, 323]]",2026-03-07T17:21:46.088503
bci_iv_2a,EEGNet,4096,42,LOSO,0.45775462962962954,0.15980607031567784,0.3547309027777778,0.563700810185185,0.45775462962962954,0.4238453718938256,0.2770061728395062,0.7340860946787837,9,5184,9,"[[537, 306, 272, 181], [290, 693, 233, 80], [275, 236, 689, 96], [358, 261, 223, 454]]",2026-03-07T17:33:30.453982
bci_iv_2a,EEGNet,4096,123,LOSO,0.4571759259259259,0.16032703858715225,0.3529996141975309,0.5671344521604937,0.4571759259259259,0.4220427104953226,0.2762345679012346,0.7418311685528122,9,5184,9,"[[547, 370, 213, 166], [263, 746, 221, 66], [247, 315, 666, 68], [335, 343, 207, 411]]",2026-03-07T17:33:30.460481
bci_iv_2a,EEGNet,4096,456,LOSO,0.44810956790123463,0.15459610892551373,0.34335455246913577,0.5526716820987654,0.44810956790123463,0.4103418779698623,0.26414609053497945,0.7334913158721993,9,5184,9,"[[476, 363, 219, 238], [218, 739, 222, 117], [205, 323, 621, 147], [345, 316, 148, 487]]",2026-03-07T17:33:30.467480
bci_iv_2a,EEGNet,4096,789,LOSO,0.447337962962963,0.15607629233095519,0.3597511574074074,0.5576919367283951,0.447337962962963,0.4134311317062751,0.2631172839506173,0.7332153599394148,9,5184,9,"[[521, 313, 214, 248], [256, 711, 215, 114], [261, 294, 613, 128], [338, 300, 184, 474]]",2026-03-07T17:33:30.474481
bci_iv_2a,EEGNet,4096,2024,LOSO,0.44386574074074076,0.1519050374057155,0.3427806712962963,0.5426552854938271,0.44386574074074076,0.4116413274725336,0.25848765432098764,0.7293260781035665,9,5184,9,"[[456, 380, 246, 214], [213, 754, 241, 88], [241, 327, 623, 105], [305, 316, 207, 468]]",2026-03-07T17:33:30.480982
bci_iv_2a,Patching_LogReg,4096,42,LOSO,0.3551311728395062,0.07527647831298097,0.30670814043209876,0.40278260030864205,0.3551311728395062,0.3371400429200871,0.14017489711934156,0.6339591906721537,9,5184,9,"[[379, 339, 268, 310], [243, 510, 349, 194], [199, 364, 510, 223], [313, 245, 296, 442]]",2026-03-07T17:36:58.116098
bci_iv_2a,Patching_LogReg,4096,123,LOSO,0.3553240740740741,0.07517358883613846,0.30690104166666665,0.3997010030864197,0.3553240740740741,0.3374475045049723,0.14043209876543208,0.633973479652492,9,5184,9,"[[380, 339, 268, 309], [243, 510, 349, 194], [199, 364, 510, 223], [313, 245, 296, 442]]",2026-03-07T17:36:58.123597
bci_iv_2a,Patching_LogReg,4096,456,LOSO,0.3551311728395062,0.07566254314485524,0.3065104166666667,0.4076051311728395,0.3551311728395062,0.3372294431223765,0.14017489711934158,0.6339538323045267,9,5184,9,"[[379, 339, 268, 310], [243, 509, 350, 194], [198, 364, 511, 223], [313, 245, 296, 442]]",2026-03-07T17:36:58.131098
bci_iv_2a,Patching_LogReg,4096,789,LOSO,0.355516975308642,0.07551929355682394,0.30882523148148144,0.4095389660493827,0.355516975308642,0.3376036734563115,0.14068930041152264,0.6339471343449933,9,5184,9,"[[379, 339, 268, 310], [243, 510, 349, 194], [198, 364, 511, 223], [312, 245, 296, 443]]",2026-03-07T17:36:58.138097
bci_iv_2a,Patching_LogReg,4096,2024,LOSO,0.3551311728395062,0.07566254314485524,0.3080584490740741,0.40280189043209874,0.3551311728395062,0.3372294431223765,0.14017489711934158,0.6339614233253315,9,5184,9,"[[379, 339, 268, 310], [243, 509, 350, 194], [198, 364, 511, 223], [313, 245, 296, 442]]",2026-03-07T17:36:58.145598
bci_iv_2a,VQ_LogReg,4096,42,LOSO,0.2858796296296296,0.04726985614968088,0.2577015817901235,0.3186728395061728,0.2858796296296296,0.20213748521176386,0.0478395061728395,0.623185299497028,9,5184,9,"[[151, 541, 134, 470], [133, 689, 102, 372], [118, 636, 151, 391], [178, 494, 133, 491]]",2026-03-07T17:37:30.314293
bci_iv_2a,VQ_LogReg,4096,123,LOSO,0.2858796296296296,0.04726985614968088,0.25771604938271603,0.31809895833333335,0.2858796296296296,0.20213748521176386,0.0478395061728395,0.6231828435785323,9,5184,9,"[[151, 541, 134, 470], [133, 689, 102, 372], [118, 636, 151, 391], [178, 494, 133, 491]]",2026-03-07T17:37:30.321292
bci_iv_2a,VQ_LogReg,4096,456,LOSO,0.2858796296296296,0.04726985614968088,0.2586757330246914,0.3194589120370371,0.2858796296296296,0.20213748521176386,0.0478395061728395,0.6231821737825789,9,5184,9,"[[151, 541, 134, 470], [133, 689, 102, 372], [118, 636, 151, 391], [178, 494, 133, 491]]",2026-03-07T17:37:30.328292
bci_iv_2a,VQ_LogReg,4096,789,LOSO,0.2858796296296296,0.04726985614968088,0.25809702932098766,0.31891396604938266,0.2858796296296296,0.20213748521176386,0.0478395061728395,0.6231794945987654,9,5184,9,"[[151, 541, 134, 470], [133, 689, 102, 372], [118, 636, 151, 391], [178, 494, 133, 491]]",2026-03-07T17:37:30.335193
bci_iv_2a,VQ_LogReg,4096,2024,LOSO,0.2858796296296296,0.04726985614968088,0.25712770061728396,0.32098765432098764,0.2858796296296296,0.20213748521176386,0.0478395061728395,0.62318105745599,9,5184,9,"[[151, 541, 134, 470], [133, 689, 102, 372], [118, 636, 151, 391], [178, 494, 133, 491]]",2026-03-07T17:37:30.342192
bci_iv_2a,Chronos_Binning,4096,42,LOSO,0.27218364197530864,0.017776243878870793,0.2602189429012346,0.28337673611111114,0.27218364197530864,0.25227366527159334,0.029578189300411537,0.5374491848136717,9,5184,9,"[[169, 426, 251, 450], [148, 489, 284, 375], [169, 495, 275, 357], [190, 407, 221, 478]]",2026-03-07T17:39:51.362956
bci_iv_2a,Chronos_Binning,4096,123,LOSO,0.271604938271605,0.01800710035511569,0.25983314043209876,0.2829861111111111,0.271604938271605,0.2515261657659404,0.028806584362139922,0.5374460590992226,9,5184,9,"[[166, 425, 253, 452], [147, 488, 285, 376], [168, 496, 275, 357], [189, 407, 221, 479]]",2026-03-07T17:39:51.369957
bci_iv_2a,Chronos_Binning,4096,456,LOSO,0.27218364197530864,0.01842383523614772,0.2604118441358025,0.2837577160493827,0.27218364197530864,0.2521955991562007,0.029578189300411537,0.537446728895176,9,5184,9,"[[167, 426, 252, 451], [148, 490, 283, 375], [168, 495, 276, 357], [189, 408, 221, 478]]",2026-03-07T17:39:51.376956
bci_iv_2a,Chronos_Binning,4096,789,LOSO,0.2714120370370371,0.018042195912175808,0.2596402391975308,0.2818335262345679,0.2714120370370371,0.25130247883276696,0.02854938271604939,0.5374489615483539,9,5184,9,"[[166, 424, 253, 453], [147, 488, 284, 377], [168, 496, 274, 358], [189, 407, 221, 479]]",2026-03-07T17:39:51.383457
bci_iv_2a,Chronos_Binning,4096,2024,LOSO,0.271412037037037,0.017610097285535815,0.2604166666666667,0.2827932098765432,0.2714120370370371,0.25140866193138406,0.02854938271604938,0.5374487382830361,9,5184,9,"[[166, 424, 254, 452], [147, 486, 286, 377], [168, 496, 275, 357], [187, 408, 221, 480]]",2026-03-07T17:39:51.390600
bci_iv_2a,PSD_LogReg,4096,42,LOSO,0.3804012345679012,0.08290804400345354,0.32500964506172836,0.4353829089506173,0.3804012345679012,0.3456927010590818,0.17386831275720163,0.6667430234053496,9,5184,9,"[[350, 368, 247, 331], [161, 587, 326, 222], [155, 366, 553, 222], [265, 306, 243, 482]]",2026-03-07T17:40:48.493560
bci_iv_2a,PSD_LogReg,4096,123,LOSO,0.3804012345679012,0.08290804400345354,0.3273533950617284,0.4349971064814815,0.3804012345679012,0.34567015308931176,0.17386831275720163,0.6667300740169182,9,5184,9,"[[350, 368, 247, 331], [159, 587, 327, 223], [155, 366, 553, 222], [265, 306, 243, 482]]",2026-03-07T17:40:48.500560
bci_iv_2a,PSD_LogReg,4096,456,LOSO,0.3804012345679012,0.08290804400345354,0.32869405864197526,0.43383487654320985,0.3804012345679012,0.3456907155068948,0.17386831275720163,0.6667340927926383,9,5184,9,"[[350, 368, 247, 331], [160, 587, 326, 223], [155, 366, 553, 222], [265, 306, 243, 482]]",2026-03-07T17:40:48.507561
bci_iv_2a,PSD_LogReg,4096,789,LOSO,0.38059413580246915,0.08276384700746689,0.3290846836419753,0.42997685185185186,0.38059413580246915,0.34583994131604523,0.17412551440329216,0.6667331997313672,9,5184,9,"[[350, 368, 247, 331], [161, 588, 325, 222], [155, 366, 553, 222], [265, 306, 243, 482]]",2026-03-07T17:40:48.514560
bci_iv_2a,PSD_LogReg,4096,2024,LOSO,0.3804012345679012,0.08290804400345354,0.32812500000000006,0.4332754629629629,0.3804012345679012,0.3456927010590818,0.17386831275720163,0.6667331997313671,9,5184,9,"[[350, 368, 247, 331], [161, 587, 326, 222], [155, 366, 553, 222], [265, 306, 243, 482]]",2026-03-07T17:40:48.521561
physionet_mi,BPE_Hist_LogReg,4096,42,5fold-subject,0.3252564472002233,0.007100210330689727,0.3191165914877863,0.33201709452819805,0.3253902160749821,0.3246149284658295,0.1004339792273861,0.5803576056981247,5,9795,109,"[[780, 501, 574, 615], [434, 819, 543, 632], [585, 540, 723, 604], [518, 535, 532, 860]]",2026-03-07T21:59:29.098873
physionet_mi,BPE_Hist_LogReg,4096,123,5fold-subject,0.3168858952854724,0.013151879686047158,0.30390232138524226,0.32676819858771194,0.3169844509128311,0.3158158575222189,0.08919241688237649,0.577054299801788,5,9795,109,"[[790, 502, 532, 646], [475, 804, 522, 627], [631, 549, 663, 609], [576, 520, 502, 847]]",2026-03-07T21:59:29.103874
physionet_mi,BPE_Hist_LogReg,4096,456,5fold-subject,0.32025874684668876,0.011108196927688805,0.309905131086563,0.328777041817868,0.3203551643845723,0.3187447116678811,0.09374378891607885,0.5779518861682192,5,9795,109,"[[820, 502, 550, 598], [479, 826, 532, 591], [666, 564, 655, 567], [561, 540, 507, 837]]",2026-03-07T21:59:29.108374
physionet_mi,BPE_Hist_LogReg,4096,789,5fold-subject,0.32252145737400484,0.0024712599227235056,0.3203416003638875,0.3247013143841223,0.32247027438506437,0.32166561572949615,0.09661812195345423,0.5777011028229929,5,9795,109,"[[812, 497, 567, 594], [463, 820, 539, 606], [612, 553, 695, 592], [569, 526, 517, 833]]",2026-03-07T21:59:29.112373
physionet_mi,BPE_Hist_LogReg,4096,2024,5fold-subject,0.31910647632769934,0.013104846601706485,0.3083480515119116,0.3315750795617521,0.31917084701842396,0.31875166504948366,0.0921406393689522,0.5783721672138388,5,9795,109,"[[801, 500, 536, 633], [444, 806, 544, 634], [603, 536, 698, 615], [564, 554, 513, 814]]",2026-03-07T21:59:29.116372
physionet_mi,BPE_Hist_RF,4096,42,5fold-subject,0.26479313700698526,0.008662158132885827,0.2577518703519311,0.2725301327335439,0.2647809645586626,0.2645345776356341,0.019706804283996227,0.521927174985957,5,9795,109,"[[711, 527, 603, 629], [591, 629, 621, 587], [663, 574, 616, 599], [648, 571, 591, 635]]",2026-03-07T22:02:47.589115
physionet_mi,BPE_Hist_RF,4096,123,5fold-subject,0.2609509399983496,0.010184225142724749,0.2521961157080778,0.2697057642886215,0.2608228990528591,0.2602703430189354,0.01446362766833147,0.5145307460519595,5,9795,109,"[[741, 539, 614, 576], [663, 583, 582, 600], [696, 567, 621, 568], [698, 534, 606, 607]]",2026-03-07T22:02:47.594115
physionet_mi,BPE_Hist_RF,4096,456,5fold-subject,0.2601507820915327,0.003331919672852874,0.25719304812000265,0.26318439978351743,0.26015043942031724,0.26001492206016924,0.01347438781919288,0.5104520160035575,5,9795,109,"[[687, 522, 661, 600], [630, 604, 577, 617], [627, 590, 629, 606], [659, 542, 614, 630]]",2026-03-07T22:02:47.598615
physionet_mi,BPE_Hist_RF,4096,789,5fold-subject,0.26854996906151957,0.0063706745916806634,0.26318189496847855,0.2735219911682055,0.2684677237514517,0.2680688941475783,0.024623147436769455,0.5135566934531313,5,9795,109,"[[747, 557, 586, 580], [640, 619, 575, 594], [679, 541, 633, 599], [688, 560, 569, 628]]",2026-03-07T22:02:47.602615
physionet_mi,BPE_Hist_RF,4096,2024,5fold-subject,0.2618809409106055,0.008290707756040579,0.2546629748719781,0.2690989069492329,0.26185298852699856,0.26130486215909143,0.015841754107827687,0.5103534495114284,5,9795,109,"[[723, 506, 605, 636], [627, 601, 564, 636], [668, 571, 595, 618], [649, 556, 596, 644]]",2026-03-07T22:02:47.607115
physionet_mi,BPE_Windowed_LogReg,4096,42,5fold-subject,0.43070136223283795,0.015798601520629584,0.415938359115482,0.44334992146203855,0.4306625704358408,0.4300605219027299,0.24093493812545966,0.6903607294437808,5,9795,109,"[[1192, 332, 518, 428], [288, 1163, 471, 506], [538, 499, 890, 525], [451, 522, 508, 964]]",2026-03-07T22:03:20.388708
physionet_mi,BPE_Windowed_LogReg,4096,123,5fold-subject,0.42434554035143773,0.019801625736437234,0.40460144950365784,0.4397032493450963,0.42433908996983716,0.4234740653766956,0.2324474599716873,0.6842292602018484,5,9795,109,"[[1197, 311, 522, 440], [309, 1162, 478, 479], [547, 508, 873, 524], [485, 530, 506, 924]]",2026-03-07T22:03:20.393206
physionet_mi,BPE_Windowed_LogReg,4096,456,5fold-subject,0.42159781760642623,0.01822577269975788,0.4031595780438864,0.4342713712567231,0.4215898276558182,0.42097709126955074,0.2288349900093019,0.684148424520311,5,9795,109,"[[1178, 315, 523, 454], [315, 1129, 471, 513], [543, 529, 879, 501], [466, 521, 512, 946]]",2026-03-07T22:03:20.397706
physionet_mi,BPE_Windowed_LogReg,4096,789,5fold-subject,0.42950231635436714,0.018715406625944515,0.41079182522263996,0.4424528539985326,0.42947004155557406,0.4286858570299262,0.23932058106036375,0.6872077736366553,5,9795,109,"[[1200, 311, 519, 440], [318, 1148, 469, 493], [565, 502, 891, 494], [463, 508, 518, 956]]",2026-03-07T22:03:20.402206
physionet_mi,BPE_Windowed_LogReg,4096,2024,5fold-subject,0.42873940304694125,0.03050433982294037,0.4029753614481953,0.45636053822144507,0.4287068283187696,0.42804905592287135,0.23830638724806094,0.6866782458009106,5,9795,109,"[[1203, 325, 486, 456], [310, 1142, 474, 502], [516, 500, 924, 512], [453, 520, 548, 924]]",2026-03-07T22:03:20.406206
physionet_mi,BPE_WindowedSeq_CNN,4096,42,5fold-subject,0.3765468451377112,0.014162881049620282,0.36735093671565056,0.39056879581141113,0.37691096847849587,0.3548086532821144,0.16910269324185864,0.63657591573325,5,9795,109,"[[1133, 616, 460, 261], [350, 1438, 399, 241], [682, 869, 709, 192], [490, 1072, 477, 406]]",2026-03-07T22:03:34.553998
physionet_mi,BPE_WindowedSeq_CNN,4096,123,5fold-subject,0.37693679455925266,0.02048676512381344,0.36117583881968274,0.39783289945722794,0.3771190279868408,0.35647295253995986,0.16951211639357047,0.6432572853008388,5,9795,109,"[[1139, 622, 327, 382], [355, 1397, 339, 337], [673, 886, 580, 313], [561, 986, 325, 573]]",2026-03-07T22:03:46.499569
physionet_mi,BPE_WindowedSeq_CNN,4096,456,5fold-subject,0.37491350502888343,0.0068662194787308135,0.3691799705864183,0.38064703947134854,0.37487825260628604,0.35788900551335046,0.1666212535056818,0.6409605057161961,5,9795,109,"[[1043, 520, 473, 434], [297, 1215, 448, 468], [601, 753, 718, 380], [485, 816, 445, 699]]",2026-03-07T22:03:58.587498
physionet_mi,BPE_WindowedSeq_CNN,4096,789,5fold-subject,0.36397393365357406,0.019040846653912508,0.3474385587936228,0.3790716649908322,0.36398001356786475,0.3405669775124974,0.15197993671772475,0.6342426583494781,5,9795,109,"[[866, 521, 734, 349], [232, 1138, 611, 447], [496, 661, 956, 339], [379, 823, 639, 604]]",2026-03-07T22:04:10.366583
physionet_mi,BPE_WindowedSeq_CNN,4096,2024,5fold-subject,0.37349016890021935,0.017891708952401747,0.3575544199458991,0.3909544012342085,0.3732986044017926,0.3633840122608853,0.16444968146122707,0.6336421528967959,5,9795,109,"[[1144, 405, 518, 403], [365, 1133, 534, 396], [727, 635, 772, 318], [552, 733, 553, 607]]",2026-03-07T22:04:22.524572
physionet_mi,BPE_Bigram_LogReg,4096,42,5fold-subject,0.26925872747290375,0.009011464485639607,0.2614271056105029,0.2770903493353046,0.26933975423884055,0.20344291563592018,0.02582155379032518,0.523418688342705,5,9795,109,"[[363, 15, 886, 1206], [330, 16, 835, 1247], [364, 18, 940, 1130], [315, 17, 798, 1315]]",2026-03-07T22:04:39.067154
physionet_mi,BPE_Bigram_LogReg,4096,123,5fold-subject,0.26593591960141805,0.007778775035825046,0.25810673368981557,0.27178680642175373,0.2658469292444969,0.20856852257754696,0.0211310935175399,0.5227651318707789,5,9795,109,"[[137, 164, 1037, 1132], [95, 142, 974, 1217], [137, 154, 1073, 1088], [108, 155, 928, 1254]]",2026-03-07T22:04:39.071654
physionet_mi,BPE_Bigram_LogReg,4096,456,5fold-subject,0.2645653480498133,0.009149775162949503,0.2567493851849085,0.27272806023066964,0.26488507289601204,0.20024335304179175,0.01985524229449547,0.5240951614019302,5,9795,109,"[[137, 126, 993, 1214], [114, 119, 925, 1270], [158, 127, 1038, 1129], [118, 130, 894, 1303]]",2026-03-07T22:04:39.076156
physionet_mi,BPE_Bigram_LogReg,4096,789,5fold-subject,0.2664640478894095,0.009936422172149536,0.2585546925204711,0.27549715478795767,0.2666097633410667,0.20417105107190509,0.02219987218539383,0.5252062439615776,5,9795,109,"[[418, 149, 752, 1151], [354, 148, 715, 1211], [432, 131, 800, 1089], [365, 159, 678, 1243]]",2026-03-07T22:04:39.080654
physionet_mi,BPE_Bigram_LogReg,4096,2024,5fold-subject,0.2664815639471944,0.0041511649351144335,0.2625061855970193,0.2696091454184185,0.26656572709142984,0.22028535348281478,0.022088821059328412,0.5216682639248436,5,9795,109,"[[168, 251, 1014, 1037], [119, 248, 954, 1107], [178, 249, 1058, 967], [136, 273, 900, 1136]]",2026-03-07T22:04:39.084654
physionet_mi,BPE_Seq_CNN,4096,42,5fold-subject,0.2682700534733191,0.009302704122388464,0.2596187319504383,0.276340862965907,0.26876468854212915,0.23202928183299756,0.025006452164473413,0.5220067939853719,5,9795,109,"[[463, 401, 875, 731], [444, 404, 775, 805], [447, 385, 904, 716], [444, 415, 734, 852]]",2026-03-07T22:04:46.867304
physionet_mi,BPE_Seq_CNN,4096,123,5fold-subject,0.26841709682153864,0.004568367442402164,0.2646551368215252,0.27277033490553126,0.2682258229381992,0.233614641501732,0.02429796112460434,0.5203084036127411,5,9795,109,"[[465, 218, 824, 963], [466, 236, 700, 1026], [439, 223, 852, 938], [419, 228, 721, 1077]]",2026-03-07T22:04:53.970975
physionet_mi,BPE_Seq_CNN,4096,456,5fold-subject,0.25986378651317965,0.005549652452740789,0.25503731281463826,0.2642017476253368,0.2600233073277264,0.20600401605726731,0.013323672137200825,0.5167447412011799,5,9795,109,"[[893, 126, 716, 735], [909, 130, 613, 776], [920, 111, 713, 708], [885, 141, 613, 806]]",2026-03-07T22:05:00.873995
physionet_mi,BPE_Seq_CNN,4096,789,5fold-subject,0.26635490535373874,0.007183579147462368,0.26023906947728986,0.27247074123018755,0.2661346406112909,0.22487120940492064,0.02156171603616086,0.5192129620356418,5,9795,109,"[[384, 266, 1096, 724], [340, 252, 1065, 771], [357, 257, 1145, 693], [382, 251, 984, 828]]",2026-03-07T22:05:08.400694
physionet_mi,BPE_Seq_CNN,4096,2024,5fold-subject,0.2647390474221124,0.007584414406358916,0.2582696094693683,0.2716975166435491,0.26466342442433044,0.2186236668466865,0.01957009107624268,0.5215947235975683,5,9795,109,"[[788, 96, 771, 815], [810, 94, 670, 854], [794, 108, 782, 768], [769, 109, 642, 925]]",2026-03-07T22:05:13.753602
physionet_mi,BPE_Seq_Transformer,4096,42,5fold-subject,0.2733526290106479,0.006065408284704544,0.26923845592949275,0.27891252344181516,0.2734886114203708,0.23126533523347104,0.031274849417759334,0.5262319036994748,5,9795,109,"[[299, 224, 1093, 854], [272, 247, 984, 925], [274, 215, 1124, 839], [276, 232, 933, 1004]]",2026-03-07T22:06:00.671061
physionet_mi,BPE_Seq_Transformer,4096,123,5fold-subject,0.27309121795364893,0.009956819896494695,0.26427377406494845,0.2819086618423494,0.27339081858946923,0.22432853342402873,0.031114578514239245,0.5255204439770103,5,9795,109,"[[174, 308, 1237, 751], [133, 344, 1149, 802], [191, 299, 1256, 706], [164, 297, 1088, 896]]",2026-03-07T22:06:55.926516
physionet_mi,BPE_Seq_Transformer,4096,456,5fold-subject,0.2663434757654223,0.0059245542285028974,0.2612525112474128,0.2715432355158557,0.26617854398189766,0.23287459186231474,0.021578956921482706,0.5250128551581824,5,9795,109,"[[759, 227, 519, 965], [757, 224, 426, 1021], [772, 217, 538, 925], [728, 218, 413, 1086]]",2026-03-07T22:07:45.990310
physionet_mi,BPE_Seq_Transformer,4096,789,5fold-subject,0.26517775142987965,0.012020438287279687,0.2565702715786954,0.2766010018058742,0.26514627662336865,0.2056125340934362,0.02026837432062332,0.5250277136920624,5,9795,109,"[[155, 150, 1327, 838], [142, 136, 1244, 906], [150, 136, 1354, 812], [106, 170, 1218, 951]]",2026-03-07T22:08:27.171191
physionet_mi,BPE_Seq_Transformer,4096,2024,5fold-subject,0.2675864956280462,0.008252480988251496,0.2610255569442428,0.27477153153950756,0.2666500304268881,0.22355533863030255,0.02222956064532673,0.5253263332431368,5,9795,109,"[[948, 3, 641, 878], [886, 11, 586, 945], [937, 10, 673, 832], [873, 8, 577, 987]]",2026-03-07T22:09:07.533840
physionet_mi,BPE_Seq_CW_Transformer,4096,42,5fold-subject,0.27879791774917917,0.003918164241172932,0.2754687829866061,0.2821270525117523,0.27942757445440003,0.2212565095646691,0.03914641580977325,0.5460690909082225,5,9795,109,"[[355, 152, 1055, 908], [314, 166, 888, 1060], [388, 168, 1067, 829], [305, 143, 856, 1141]]",2026-03-07T22:11:32.555956
physionet_mi,BPE_Seq_CW_Transformer,4096,123,5fold-subject,0.27496515255331844,0.01516113729304908,0.26261197777635864,0.2874773001655497,0.2747048115133487,0.22689884195174398,0.03290469575694235,0.5447854522979367,5,9795,109,"[[737, 145, 850, 738], [708, 147, 729, 844], [723, 143, 899, 687], [708, 182, 652, 903]]",2026-03-07T22:14:03.167834
physionet_mi,BPE_Seq_CW_Transformer,4096,456,5fold-subject,0.2813254570679867,0.0035925040954291393,0.2782655848861485,0.2847358958421056,0.2813294098515965,0.2038274052988748,0.04180546937134451,0.5454281695253952,5,9795,109,"[[113, 3, 1131, 1223], [124, 10, 921, 1373], [114, 5, 1182, 1151], [143, 3, 848, 1451]]",2026-03-07T22:16:01.859338
physionet_mi,BPE_Seq_CW_Transformer,4096,789,5fold-subject,0.28271610742867787,0.00904690343461801,0.27469420870186273,0.2907453659842098,0.2824265470852759,0.2113485532408264,0.04334535814403288,0.5457015218791627,5,9795,109,"[[314, 30, 1036, 1090], [273, 32, 921, 1202], [286, 38, 1111, 1017], [251, 34, 851, 1309]]",2026-03-07T22:18:41.103640
physionet_mi,BPE_Seq_CW_Transformer,4096,2024,5fold-subject,0.2808695890468321,0.015679704420952824,0.2681096990421749,0.2953314076547543,0.2814835367189389,0.19693068955457366,0.04190394879439496,0.5445185842083422,5,9795,109,"[[18, 208, 1475, 769], [18, 221, 1300, 889], [9, 172, 1559, 712], [18, 230, 1243, 954]]",2026-03-07T22:20:40.299927
physionet_mi,CSP_LDA,4096,42,5fold-subject,0.25525267364435655,0.004364361765604974,0.2516220949053492,0.2588793628654745,0.2548891245286325,0.24227405640007543,0.0065450762436959796,0.5023083694981834,5,9795,109,"[[787, 368, 785, 530], [780, 414, 740, 494], [821, 390, 791, 450], [825, 387, 723, 510]]",2026-03-08T00:10:34.365544
physionet_mi,CSP_LDA,4096,123,5fold-subject,0.25462988995654323,0.005866661481742292,0.25009094809210564,0.25995933826812834,0.25424532851902687,0.24260339784510263,0.005636191832664483,0.5061896128420323,5,9795,109,"[[722, 418, 859, 471], [734, 420, 803, 471], [714, 400, 874, 464], [777, 392, 798, 478]]",2026-03-08T00:10:34.370044
physionet_mi,CSP_LDA,4096,456,5fold-subject,0.2542659002500598,0.006545317955099534,0.248259891092491,0.25917917824391973,0.2539623634373963,0.23979002259743137,0.00526818634723405,0.5046309879094591,5,9795,109,"[[771, 398, 845, 456], [773, 386, 829, 440], [737, 397, 896, 422], [782, 404, 819, 440]]",2026-03-08T00:10:34.375045
physionet_mi,CSP_LDA,4096,789,5fold-subject,0.2543871278419172,0.009659874203402757,0.2464637440390179,0.26254523744164604,0.25429430601986935,0.24100018977706386,0.005633839067237712,0.4987396323431369,5,9795,109,"[[859, 414, 633, 564], [838, 431, 630, 529], [860, 422, 645, 525], [845, 443, 596, 561]]",2026-03-08T00:10:34.379324
physionet_mi,CSP_LDA,4096,2024,5fold-subject,0.25614404460863865,0.008085936732741002,0.24964833371413972,0.2635360484740881,0.2557299650376197,0.24131818857941653,0.007623516039081046,0.49761017763524257,5,9795,109,"[[762, 355, 884, 469], [751, 367, 866, 444], [757, 335, 919, 441], [770, 361, 854, 460]]",2026-03-08T00:10:34.383824
physionet_mi,EEGNet,4096,42,5fold-subject,0.5801431810056441,0.035516205290128514,0.5496103326084443,0.6073293607659677,0.580026396171337,0.5797886702493316,0.4401070815060774,0.8095103965892934,5,9795,109,"[[1592, 169, 393, 316], [181, 1465, 444, 338], [374, 336, 1293, 449], [334, 338, 460, 1313]]",2026-03-08T00:25:06.697763
physionet_mi,EEGNet,4096,123,5fold-subject,0.574416469849455,0.014123560942822069,0.5619583303980908,0.5863920338885624,0.5743403673753659,0.5749255638542954,0.4325554712262593,0.8019821631928226,5,9795,109,"[[1558, 155, 362, 395], [176, 1395, 377, 480], [343, 325, 1234, 550], [314, 289, 408, 1434]]",2026-03-08T00:25:06.702266
physionet_mi,EEGNet,4096,456,5fold-subject,0.5749033473556482,0.030100096689633732,0.5501629551086487,0.6013685262799425,0.5745684594443701,0.5760697976559295,0.43306271483279746,0.801719722491697,5,9795,109,"[[1570, 144, 428, 328], [193, 1352, 485, 398], [336, 260, 1358, 498], [291, 267, 537, 1350]]",2026-03-08T00:25:06.706767
physionet_mi,EEGNet,4096,789,5fold-subject,0.5845987766000242,0.029661352112353073,0.5573612297974302,0.6092434042553191,0.5843241489017846,0.5850609966590388,0.4460026617566564,0.8080419320535996,5,9795,109,"[[1593, 152, 419, 306], [175, 1400, 463, 390], [330, 276, 1375, 471], [317, 300, 487, 1341]]",2026-03-08T00:25:06.711266
physionet_mi,EEGNet,4096,2024,5fold-subject,0.5945041553206083,0.003866839851329851,0.5919068952050636,0.5984392905118293,0.5945615797025173,0.5957513309288259,0.459366436863871,0.8151159925648566,5,9795,109,"[[1557, 171, 435, 307], [150, 1455, 467, 356], [296, 286, 1452, 418], [270, 301, 515, 1359]]",2026-03-08T00:25:06.715267
physionet_mi,Patching_LogReg,4096,42,5fold-subject,0.25209069471361933,0.0020089799409507185,0.25029501047688074,0.25370320078461084,0.25,0.10066687616759074,0.0,0.654314694206727,5,9795,109,"[[2470, 0, 0, 0], [2428, 0, 0, 0], [2452, 0, 0, 0], [2445, 0, 0, 0]]",2026-03-08T00:26:44.545708
physionet_mi,Patching_LogReg,4096,123,5fold-subject,0.25215647944465835,0.0008558714641053778,0.2513392179400985,0.2528542174133847,0.25,0.10068869837580278,0.0,0.6523627086851856,5,9795,109,"[[2470, 0, 0, 0], [2428, 0, 0, 0], [2452, 0, 0, 0], [2445, 0, 0, 0]]",2026-03-08T00:26:44.550208
physionet_mi,Patching_LogReg,4096,456,5fold-subject,0.25230975964840613,0.0020363843690801857,0.2502429161018781,0.2538832660516818,0.25,0.10073670245958807,0.0,0.6508248061376648,5,9795,109,"[[2470, 0, 0, 0], [2428, 0, 0, 0], [2452, 0, 0, 0], [2445, 0, 0, 0]]",2026-03-08T00:26:44.554708
physionet_mi,Patching_LogReg,4096,789,5fold-subject,0.2522000826829002,0.0013137250219246376,0.2512965828553876,0.25349572059413894,0.25,0.10070235055773613,0.0,0.6511663287173188,5,9795,109,"[[2470, 0, 0, 0], [2428, 0, 0, 0], [2452, 0, 0, 0], [2445, 0, 0, 0]]",2026-03-08T00:26:44.559208
physionet_mi,Patching_LogReg,4096,2024,5fold-subject,0.2523302270169788,0.0024325790316619823,0.24992378566390822,0.25411366246945566,0.25,0.10074277571375975,0.0,0.6533315825571233,5,9795,109,"[[2470, 0, 0, 0], [2428, 0, 0, 0], [2452, 0, 0, 0], [2445, 0, 0, 0]]",2026-03-08T00:26:44.563708
physionet_mi,VQ_LogReg,4096,42,5fold-subject,0.3312509434057559,0.013249735475319883,0.32037482796389416,0.34281626411361826,0.3310834428951387,0.3274291423782955,0.10815851882959297,0.5831546941403463,5,9795,109,"[[968, 363, 628, 511], [646, 579, 613, 590], [621, 353, 838, 640], [608, 341, 641, 855]]",2026-03-08T00:27:29.625017
physionet_mi,VQ_LogReg,4096,123,5fold-subject,0.3245033454262475,0.011687789672916409,0.31421803887805827,0.33446075283446713,0.32422832698777215,0.3194895027115254,0.09900521305396373,0.5815742811678074,5,9795,109,"[[917, 333, 650, 570], [686, 496, 628, 618], [616, 289, 867, 680], [572, 301, 679, 893]]",2026-03-08T00:27:29.629518
physionet_mi,VQ_LogReg,4096,456,5fold-subject,0.3153730542502206,0.00789464978453825,0.30869601393329704,0.32239689480523026,0.31497771724916346,0.30914239732166393,0.08670516623241135,0.5777221210057619,5,9795,109,"[[976, 385, 620, 489], [777, 508, 606, 537], [731, 266, 828, 627], [681, 291, 698, 775]]",2026-03-08T00:27:29.633517
physionet_mi,VQ_LogReg,4096,789,5fold-subject,0.32154701531123137,0.014479132634104984,0.3106713901887291,0.3349170403966295,0.32124813071593694,0.3176520143388109,0.09503964794783645,0.5868471954956945,5,9795,109,"[[947, 343, 671, 509], [739, 547, 596, 546], [678, 292, 829, 653], [648, 292, 683, 822]]",2026-03-08T00:27:29.638018
physionet_mi,VQ_LogReg,4096,2024,5fold-subject,0.3200849375251328,0.012616835703116641,0.3093374683230711,0.33005035957705225,0.3197245323582231,0.31356019067849794,0.09314294061705455,0.5805305229441806,5,9795,109,"[[1014, 337, 622, 497], [776, 489, 618, 545], [668, 335, 840, 609], [613, 359, 683, 790]]",2026-03-08T00:27:29.642518
physionet_mi,Chronos_Binning,4096,42,5fold-subject,0.3164788105422488,0.009239192627788956,0.3083973270499816,0.32376235056107333,0.31655188208824453,0.31409663608190613,0.08868086684441881,0.5817881148398,5,9795,109,"[[806, 369, 583, 712], [428, 666, 574, 760], [611, 435, 683, 723], [517, 428, 557, 943]]",2026-03-08T00:33:45.967085
physionet_mi,Chronos_Binning,4096,123,5fold-subject,0.31354850226773284,0.014334696830469442,0.30117200546531053,0.32481854774951846,0.31344649275670644,0.3108632652692386,0.08457570023092184,0.5801158327931312,5,9795,109,"[[831, 386, 523, 730], [440, 640, 556, 792], [618, 452, 654, 728], [576, 411, 510, 948]]",2026-03-08T00:33:45.971585
physionet_mi,Chronos_Binning,4096,456,5fold-subject,0.3210181907497685,0.011334835985849202,0.3113810445802841,0.3306420454948889,0.3210567757516246,0.3189499986679638,0.09473107405879436,0.5795723128973608,5,9795,109,"[[859, 391, 544, 676], [441, 691, 542, 754], [629, 469, 675, 679], [558, 459, 506, 922]]",2026-03-08T00:33:45.975585
physionet_mi,Chronos_Binning,4096,789,5fold-subject,0.32085447744519746,0.00789081372150026,0.31456898446671316,0.3276335578825674,0.3207020032171608,0.3182364422993203,0.09432722507977324,0.5811825303056729,5,9795,109,"[[838, 378, 546, 708], [442, 662, 573, 751], [609, 425, 685, 733], [550, 421, 518, 956]]",2026-03-08T00:33:45.980085
physionet_mi,Chronos_Binning,4096,2024,5fold-subject,0.31740148002071333,0.00795151998484633,0.3104566781146592,0.3243462819267674,0.3174478240257268,0.315972164550233,0.08980126197749738,0.5821997787207775,5,9795,109,"[[833, 353, 569, 715], [449, 684, 554, 741], [631, 448, 667, 706], [561, 436, 526, 922]]",2026-03-08T00:33:45.984085
physionet_mi,PSD_LogReg,4096,42,5fold-subject,0.342285277956623,0.010617708508571461,0.3325812917891732,0.3507038296683184,0.3420378258589468,0.3343000836143728,0.12284862321951759,0.5801585246681468,5,9795,109,"[[923, 437, 529, 581], [532, 798, 550, 548], [586, 585, 751, 530], [551, 535, 478, 881]]",2026-03-08T00:36:23.835781
physionet_mi,PSD_LogReg,4096,123,5fold-subject,0.3373239974528589,0.0138795166081639,0.32528646122119204,0.34972901215186925,0.3372667160572812,0.3324739206997593,0.11633629867332525,0.5795802393317554,5,9795,109,"[[870, 453, 515, 632], [503, 792, 561, 572], [546, 580, 750, 576], [575, 515, 471, 884]]",2026-03-08T00:36:23.840282
physionet_mi,PSD_LogReg,4096,456,5fold-subject,0.3372259078859761,0.011202360645110682,0.32841383781471606,0.34726582567759284,0.33710609319284557,0.333628807067868,0.11616020704433683,0.5823004750576283,5,9795,109,"[[941, 487, 456, 586], [568, 841, 464, 555], [652, 577, 690, 533], [663, 525, 424, 833]]",2026-03-08T00:36:23.844281
physionet_mi,PSD_LogReg,4096,789,5fold-subject,0.3407862781310291,0.009068477457025298,0.33236037006990404,0.3480620652125429,0.3407244145828156,0.33728880202487327,0.12095824801192981,0.5778406803358871,5,9795,109,"[[960, 445, 503, 562], [581, 836, 505, 506], [636, 588, 696, 532], [611, 545, 448, 841]]",2026-03-08T00:36:23.848781
physionet_mi,PSD_LogReg,4096,2024,5fold-subject,0.3358822705628558,0.00602325090944293,0.3298899917068827,0.34043759142670477,0.3362762019600124,0.3322003171413356,0.11489448395927344,0.578609345968218,5,9795,109,"[[888, 462, 506, 614], [542, 794, 547, 545], [588, 617, 705, 542], [550, 550, 441, 904]]",2026-03-08T00:36:23.852782
sleep_edf,BPE_Hist_LogReg,4096,42,5fold-subject,0.728848917957039,0.04699579331889517,0.6870071788345166,0.7690175887118624,0.6021807981863249,0.49401412235940895,0.520157999754843,0.9013316368065543,5,54587,20,"[[31300, 3174, 1719, 755, 462], [134, 677, 195, 42, 192], [177, 1504, 4040, 1789, 1690], [4, 28, 215, 2704, 30], [399, 1314, 811, 141, 1091]]",2026-03-08T02:12:41.614827
sleep_edf,BPE_Hist_LogReg,4096,123,5fold-subject,0.7061135202814836,0.0625498422392183,0.6566296398568277,0.7592157010496541,0.5646535379987213,0.44801129630976816,0.4907238195118454,0.8951998183796898,5,54587,20,"[[30207, 3241, 2552, 858, 552], [119, 616, 277, 33, 195], [140, 1075, 4464, 1869, 1652], [5, 23, 778, 2154, 21], [286, 1011, 1194, 149, 1116]]",2026-03-08T02:12:41.619826
sleep_edf,BPE_Hist_LogReg,4096,456,5fold-subject,0.7292583534855004,0.04569737355497717,0.6943865734317038,0.7734954337840094,0.5638938044701962,0.47214139518559683,0.5045910583606209,0.9001709108519851,5,54587,20,"[[32276, 1768, 1623, 820, 923], [267, 392, 153, 41, 387], [594, 626, 2729, 2275, 2976], [11, 18, 207, 2655, 90], [705, 535, 522, 209, 1785]]",2026-03-08T02:12:41.624326
sleep_edf,BPE_Hist_LogReg,4096,789,5fold-subject,0.7225845625875646,0.07649216113602098,0.6493934069839744,0.781399368661057,0.5899955637022419,0.4913477191375602,0.5127358181886138,0.8977812351315299,5,54587,20,"[[31314, 3044, 2263, 479, 310], [155, 564, 188, 47, 286], [232, 1316, 3716, 2103, 1833], [7, 28, 292, 2634, 20], [423, 1182, 770, 157, 1224]]",2026-03-08T02:12:41.628826
sleep_edf,BPE_Hist_LogReg,4096,2024,5fold-subject,0.7071097959553215,0.10038056992986767,0.6189223006548539,0.7862164370123236,0.5840446418065528,0.4903166994139543,0.5028990821774577,0.89723577698454,5,54587,20,"[[30345, 4063, 1730, 841, 431], [135, 526, 207, 37, 335], [169, 1600, 4046, 1772, 1613], [7, 23, 300, 2619, 32], [365, 1365, 819, 141, 1066]]",2026-03-08T02:12:41.633826
sleep_edf,BPE_Hist_RF,4096,42,5fold-subject,0.7928619718149765,0.04953032983669331,0.7470326677475874,0.8289197205001271,0.41782819159088885,0.4298197939419193,0.4907882428957281,0.9098325324609705,5,54587,20,"[[36903, 0, 417, 90, 0], [1072, 0, 166, 2, 0], [4385, 0, 4686, 129, 0], [233, 0, 1043, 1705, 0], [2870, 0, 880, 6, 0]]",2026-03-08T02:39:43.450109
sleep_edf,BPE_Hist_RF,4096,123,5fold-subject,0.7940980965104977,0.026463519928995913,0.772322603024011,0.8158735899969842,0.41611601773152973,0.4264287093030316,0.4909667956925368,0.9062804908338753,5,54587,20,"[[36892, 0, 424, 94, 0], [1093, 0, 145, 2, 0], [4275, 0, 4772, 153, 0], [236, 0, 1072, 1673, 0], [2905, 0, 842, 9, 0]]",2026-03-08T02:39:43.454623
sleep_edf,BPE_Hist_RF,4096,456,5fold-subject,0.7969391441953876,0.02822561972163494,0.7731087553029671,0.8208029989666713,0.41700363022994463,0.43160988517193183,0.5017560982787653,0.9108559571409305,5,54587,20,"[[36937, 0, 351, 122, 0], [1090, 0, 148, 2, 0], [4168, 0, 4880, 152, 0], [251, 0, 1051, 1679, 0], [2874, 0, 877, 5, 0]]",2026-03-08T02:39:43.459622
sleep_edf,BPE_Hist_RF,4096,789,5fold-subject,0.7953274904038166,0.036886815538739376,0.7655860091822657,0.8301336873127493,0.41611057456498257,0.431535731825132,0.4988613791924917,0.9063390774081306,5,54587,20,"[[36930, 0, 388, 92, 0], [1096, 0, 140, 4, 0], [4274, 0, 4780, 146, 0], [214, 0, 1067, 1700, 0], [2888, 0, 859, 9, 0]]",2026-03-08T02:39:43.464340
sleep_edf,BPE_Hist_RF,4096,2024,5fold-subject,0.7976801762178756,0.02178120412722215,0.7795414048621939,0.8145227475137266,0.42328998246611765,0.4330625652735075,0.5025049743588784,0.9091010085161333,5,54587,20,"[[36972, 0, 332, 106, 0], [1087, 0, 151, 2, 0], [4151, 0, 4851, 198, 0], [232, 0, 1031, 1718, 0], [2878, 0, 870, 8, 0]]",2026-03-08T02:39:43.468841
sleep_edf,BPE_Windowed_LogReg,4096,42,5fold-subject,0.721878608882891,0.07912381946382753,0.64788578623448,0.7802106995635519,0.6023600777012894,0.507418329302994,0.521022777823707,0.9181030540750109,5,54587,20,"[[30649, 4232, 1556, 438, 535], [134, 635, 216, 9, 246], [83, 2290, 4285, 1096, 1446], [5, 93, 160, 2705, 18], [194, 1330, 1057, 57, 1118]]",2026-03-08T03:33:30.969777
sleep_edf,BPE_Windowed_LogReg,4096,123,5fold-subject,0.7534485398991773,0.059426800309626784,0.6963599488923323,0.8073229654774353,0.634675311615272,0.5447355169659283,0.565408860569446,0.9163522003214808,5,54587,20,"[[31654, 2628, 1386, 616, 1126], [136, 484, 177, 14, 429], [100, 641, 4126, 1260, 3073], [7, 20, 185, 2723, 46], [194, 599, 704, 84, 2175]]",2026-03-08T03:33:30.974277
sleep_edf,BPE_Windowed_LogReg,4096,456,5fold-subject,0.7348638970667445,0.06913865666245007,0.6794606496266642,0.7979566730617406,0.6190988678116216,0.5149914889559895,0.5392077480429609,0.9170546903884625,5,54587,20,"[[31270, 4052, 1263, 601, 224], [127, 749, 222, 19, 123], [116, 1794, 4540, 1624, 1126], [8, 28, 156, 2774, 15], [248, 1579, 974, 112, 843]]",2026-03-08T03:33:30.978775
sleep_edf,BPE_Windowed_LogReg,4096,789,5fold-subject,0.6927692349878557,0.15875564231436043,0.5363968019007943,0.8135743728341115,0.57521620765279,0.4830436957213795,0.5036753455077301,0.9120922368141707,5,54587,20,"[[29711, 5624, 1310, 327, 438], [125, 558, 272, 24, 261], [94, 2019, 3895, 1514, 1678], [6, 51, 361, 2539, 24], [158, 1402, 984, 75, 1137]]",2026-03-08T03:33:30.983276
sleep_edf,BPE_Windowed_LogReg,4096,2024,5fold-subject,0.7494501507163676,0.06346698333278587,0.693804734222034,0.7995918385333309,0.6302921902094681,0.5301710324175881,0.5576100745539131,0.9184010994058143,5,54587,20,"[[31752, 3329, 1277, 483, 569], [134, 646, 189, 15, 256], [123, 1163, 4393, 1277, 2244], [5, 24, 164, 2731, 57], [247, 1161, 891, 67, 1390]]",2026-03-08T03:33:30.988275
sleep_edf,BPE_WindowedSeq_CNN,4096,42,5fold-subject,0.8502444567900433,0.024233863136722367,0.8297791616897134,0.8703148194260398,0.5321435791546568,0.5240334428822736,0.6860749160860651,0.9384137115290422,5,54587,20,"[[36104, 0, 1009, 107, 190], [605, 0, 503, 1, 131], [796, 0, 7607, 428, 369], [42, 0, 700, 2237, 2], [859, 0, 2414, 6, 477]]",2026-03-08T03:36:47.012991
sleep_edf,BPE_WindowedSeq_CNN,4096,123,5fold-subject,0.8520808272071546,0.021991635049493252,0.8311824243582759,0.8718747080388434,0.5334644158660962,0.5224699861681806,0.6889913984085592,0.9382696252889323,5,54587,20,"[[36157, 0, 1020, 99, 134], [610, 0, 535, 3, 92], [797, 0, 7729, 414, 260], [43, 0, 757, 2179, 2], [862, 0, 2427, 8, 459]]",2026-03-08T03:40:02.760547
sleep_edf,BPE_WindowedSeq_CNN,4096,456,5fold-subject,0.8518221045322335,0.024873641452946967,0.8282317121417473,0.871484523591614,0.5343735131715128,0.5252907828634577,0.6894396946484852,0.9380835983117348,5,54587,20,"[[36104, 0, 1005, 117, 184], [615, 0, 530, 2, 93], [774, 0, 7729, 427, 270], [44, 0, 723, 2212, 2], [846, 0, 2435, 8, 467]]",2026-03-08T03:43:18.457009
sleep_edf,BPE_WindowedSeq_CNN,4096,789,5fold-subject,0.8511183912642531,0.026083211768120337,0.8314171274092912,0.8755656868629951,0.5277383298974021,0.5191387584632718,0.6873242930262371,0.9364454578826595,5,54587,20,"[[36125, 0, 1051, 86, 148], [622, 0, 531, 0, 87], [774, 0, 7756, 427, 243], [41, 0, 756, 2182, 2], [888, 0, 2461, 8, 399]]",2026-03-08T03:46:34.368335
sleep_edf,BPE_WindowedSeq_CNN,4096,2024,5fold-subject,0.8515897513307422,0.020349932634477052,0.8312240095890175,0.866844048374466,0.5374061761076698,0.5251258257346502,0.6889156621224217,0.9369696542383643,5,54587,20,"[[36151, 11, 976, 100, 172], [612, 0, 510, 0, 118], [732, 0, 7628, 449, 391], [42, 0, 747, 2189, 3], [822, 0, 2411, 11, 512]]",2026-03-08T03:49:50.308404
sleep_edf,BPE_Bigram_LogReg,4096,42,5fold-subject,0.7206012844125985,0.02975649716082972,0.6932547106380818,0.7431496971868657,0.5432750363959824,0.41892811982187483,0.48664941029487185,0.8721896601646897,5,54587,20,"[[33365, 1553, 985, 1366, 141], [361, 552, 127, 103, 97], [393, 2074, 1872, 3486, 1375], [14, 10, 32, 2918, 7], [162, 1759, 809, 382, 644]]",2026-03-08T03:53:45.713029
sleep_edf,BPE_Bigram_LogReg,4096,123,5fold-subject,0.7313185725669549,0.037441727150951135,0.700776538140263,0.7682315572779319,0.562296165347725,0.4434521103958571,0.5080345772497853,0.8653287907241616,5,54587,20,"[[33067, 1076, 1046, 1296, 925], [357, 444, 94, 103, 242], [392, 1014, 1929, 3318, 2547], [15, 2, 56, 2876, 32], [168, 996, 528, 436, 1628]]",2026-03-08T03:53:45.717530
sleep_edf,BPE_Bigram_LogReg,4096,456,5fold-subject,0.7173079822904411,0.039053602775609465,0.6846660220067704,0.7499499425741117,0.5428295738737272,0.4002710364518397,0.4824052076723163,0.8643623052030758,5,54587,20,"[[33429, 1226, 403, 1705, 647], [351, 483, 47, 140, 219], [436, 1364, 962, 4012, 2426], [14, 6, 18, 2931, 12], [214, 1309, 336, 514, 1383]]",2026-03-08T03:53:45.722029
sleep_edf,BPE_Bigram_LogReg,4096,789,5fold-subject,0.7385254991615094,0.05052858196306477,0.6940342527282596,0.7752996765209856,0.563422003263568,0.46630506509735375,0.5205018418834694,0.8648179511432925,5,54587,20,"[[32850, 937, 1437, 1003, 1183], [431, 285, 109, 85, 330], [429, 729, 2534, 2784, 2724], [14, 6, 192, 2749, 20], [194, 708, 631, 314, 1909]]",2026-03-08T03:53:45.726530
sleep_edf,BPE_Bigram_LogReg,4096,2024,5fold-subject,0.7268643539906823,0.053929543924218525,0.678021875312675,0.7690266323765048,0.5574663392853985,0.44793548973942154,0.5049898927911342,0.8698812256881083,5,54587,20,"[[32995, 1820, 968, 1447, 180], [326, 576, 121, 103, 114], [376, 1985, 2414, 3310, 1115], [16, 8, 75, 2879, 3], [127, 1731, 693, 398, 807]]",2026-03-08T03:53:45.731029
sleep_edf,BPE_Seq_CNN,4096,42,5fold-subject,0.8407076412312022,0.023517265173453258,0.8190324752387724,0.8601212750969713,0.5191905269119435,0.5168835651144961,0.6617365854497701,0.9216478272079158,5,54587,20,"[[36158, 2, 958, 49, 243], [666, 1, 412, 7, 154], [1096, 0, 7002, 616, 486], [61, 0, 790, 2125, 5], [1029, 0, 2085, 23, 619]]",2026-03-08T03:55:18.844535
sleep_edf,BPE_Seq_CNN,4096,123,5fold-subject,0.8446841432221653,0.0222328669876154,0.8239508777890985,0.8621333904330795,0.5225768677876522,0.5177706265567286,0.6707813617658959,0.9242858975493041,5,54587,20,"[[36201, 1, 942, 57, 209], [660, 0, 423, 8, 149], [1007, 0, 7234, 582, 377], [65, 0, 851, 2064, 1], [998, 1, 2124, 17, 616]]",2026-03-08T03:56:49.761062
sleep_edf,BPE_Seq_CNN,4096,456,5fold-subject,0.8430741230565355,0.024529769309807315,0.8208551987200219,0.8652404326726044,0.5173975277488403,0.5154395968830943,0.6654057105047189,0.9213949523603009,5,54587,20,"[[36266, 1, 893, 52, 198], [686, 2, 402, 7, 143], [1048, 1, 7156, 608, 387], [69, 0, 847, 2063, 2], [1034, 1, 2155, 17, 549]]",2026-03-08T03:58:22.397465
sleep_edf,BPE_Seq_CNN,4096,789,5fold-subject,0.8432991573719626,0.02385017796537381,0.8210659601607906,0.8631524556779103,0.5160676774461427,0.5139956126382677,0.6656920602762348,0.9222006383291502,5,54587,20,"[[36288, 2, 878, 46, 196], [686, 0, 423, 6, 125], [1062, 2, 7109, 611, 416], [70, 0, 813, 2093, 5], [1023, 0, 2162, 25, 546]]",2026-03-08T03:59:55.237800
sleep_edf,BPE_Seq_CNN,4096,2024,5fold-subject,0.8396003869289903,0.02137593802508132,0.821904981957983,0.8573958144577738,0.5169739487369976,0.5098532246908645,0.6595099727602906,0.9233109634367599,5,54587,20,"[[36159, 2, 968, 75, 206], [680, 1, 410, 8, 141], [1040, 2, 7083, 616, 459], [73, 0, 878, 2029, 1], [991, 0, 2170, 35, 560]]",2026-03-08T04:01:27.867413
sleep_edf,BPE_Seq_Transformer,4096,42,5fold-subject,0.7899736925707997,0.035551370061413984,0.7589139677295158,0.8196435055324857,0.4762836687421671,0.45933852569819067,0.5622565730489775,0.8899192653851216,5,54587,20,"[[34370, 0, 2631, 162, 247], [691, 0, 467, 12, 70], [1825, 0, 6510, 612, 253], [104, 0, 837, 2038, 2], [1307, 0, 2201, 26, 222]]",2026-03-08T04:12:31.988307
sleep_edf,BPE_Seq_Transformer,4096,123,5fold-subject,0.7892242141594756,0.03486992509682981,0.7574748371663568,0.8189805408301817,0.4684579821555199,0.4498399307292907,0.5557623649706358,0.8849329806661818,5,54587,20,"[[34496, 0, 2442, 203, 269], [727, 0, 433, 10, 70], [1930, 0, 6396, 675, 199], [72, 0, 901, 2008, 0], [1419, 0, 2111, 29, 197]]",2026-03-08T04:22:19.612587
sleep_edf,BPE_Seq_Transformer,4096,456,5fold-subject,0.7927637055419187,0.033810710768728415,0.762638422881342,0.8230651107944498,0.4710855363620404,0.4501893733263699,0.564781643936921,0.8878203055694527,5,54587,20,"[[34592, 0, 2401, 224, 193], [720, 0, 452, 13, 55], [1802, 0, 6532, 687, 179], [81, 0, 876, 2024, 0], [1321, 0, 2257, 31, 147]]",2026-03-08T04:32:20.627961
sleep_edf,BPE_Seq_Transformer,4096,789,5fold-subject,0.7921657944653967,0.03268080030471444,0.764379395050828,0.8199521938799655,0.4643257081409987,0.44304676977714885,0.5506724336607418,0.8849120257907656,5,54587,20,"[[35055, 0, 1973, 247, 135], [791, 0, 410, 13, 26], [2355, 0, 5958, 819, 68], [106, 0, 718, 2157, 0], [1597, 0, 2038, 47, 74]]",2026-03-08T04:42:01.446845
sleep_edf,BPE_Seq_Transformer,4096,2024,5fold-subject,0.7884263569380918,0.01680701455762621,0.7742270664954616,0.8034224017762945,0.45585448761121733,0.43891136165178396,0.5383989550318408,0.8842478565764844,5,54587,20,"[[35014, 0, 2113, 167, 116], [784, 0, 415, 14, 27], [2518, 0, 5900, 675, 107], [144, 0, 799, 2037, 1], [1679, 0, 1966, 28, 83]]",2026-03-08T04:51:25.904898
sleep_edf,BPE_Seq_CW_Transformer,4096,42,5fold-subject,0.7637453312001871,0.0251951771438833,0.7399596229153953,0.782654717365469,0.41954760138929315,0.40875686521810817,0.47667819353957724,0.8413744950037907,5,54587,20,"[[34552, 0, 2645, 187, 26], [915, 0, 307, 15, 3], [3161, 0, 5409, 590, 40], [180, 0, 1080, 1720, 1], [2052, 0, 1655, 26, 23]]",2026-03-08T04:54:49.874392
sleep_edf,BPE_Seq_CW_Transformer,4096,123,5fold-subject,0.7641927404453013,0.02630210996822254,0.7457088811037641,0.7900106183516137,0.433417772056524,0.4114277364095608,0.4816244493629189,0.8372000147364099,5,54587,20,"[[34493, 0, 2606, 251, 60], [905, 0, 309, 19, 7], [2993, 0, 5173, 963, 71], [156, 0, 811, 2014, 0], [1971, 0, 1681, 54, 50]]",2026-03-08T04:57:50.609397
sleep_edf,BPE_Seq_CW_Transformer,4096,456,5fold-subject,0.7612696740355682,0.027558870524598964,0.7377515959594716,0.7885877672114523,0.4364078690919917,0.41763691509849393,0.48211929744632176,0.8404028423845462,5,54587,20,"[[34227, 0, 2772, 255, 156], [876, 0, 318, 18, 28], [2856, 0, 5249, 921, 174], [161, 0, 834, 1985, 1], [1818, 0, 1777, 46, 115]]",2026-03-08T05:00:38.606902
sleep_edf,BPE_Seq_CW_Transformer,4096,789,5fold-subject,0.7640726729383255,0.035031502323707366,0.7344372654535605,0.7917817354846907,0.4307999706056881,0.41326897270935115,0.4804345992044593,0.8367277548764456,5,54587,20,"[[34506, 0, 2640, 234, 30], [908, 0, 314, 15, 3], [3181, 0, 5207, 788, 24], [176, 0, 829, 1975, 1], [1954, 0, 1737, 42, 23]]",2026-03-08T05:03:20.632825
sleep_edf,BPE_Seq_CW_Transformer,4096,2024,5fold-subject,0.768442418823518,0.020171249313757345,0.7508278450664779,0.7850054525071978,0.43311813801582205,0.41568007719545613,0.4870069404863721,0.8431863231549188,5,54587,20,"[[34713, 0, 2385, 232, 80], [949, 0, 268, 14, 9], [3059, 0, 5298, 766, 77], [160, 0, 935, 1885, 1], [1991, 0, 1675, 40, 50]]",2026-03-08T05:06:12.735507
sleep_edf,EEGNet,4096,42,5fold-subject,0.8873249768897565,0.019902333666166245,0.8734092995133191,0.9065773065419563,0.6313939600412004,0.6223657780271266,0.7637123901728253,0.970625265485725,5,54587,20,"[[36391, 48, 527, 103, 341], [515, 160, 331, 9, 225], [237, 67, 8076, 446, 374], [8, 0, 637, 2327, 9], [791, 256, 1209, 13, 1487]]",2026-03-08T06:40:43.269783
sleep_edf,EEGNet,4096,123,5fold-subject,0.8390451143358048,0.05275622604595819,0.7885856713687743,0.8816163332258127,0.5977139435041499,0.5755176203308895,0.6588382022191028,0.958087723305584,5,54587,20,"[[35805, 366, 383, 53, 803], [327, 196, 278, 10, 429], [1147, 187, 5430, 402, 2034], [146, 4, 602, 2148, 81], [576, 193, 756, 34, 2197]]",2026-03-08T06:40:43.274283
sleep_edf,EEGNet,4096,456,5fold-subject,0.846171377604119,0.06559126531275783,0.7801928180213084,0.8838783297827207,0.5875771561156864,0.5434900408617878,0.6477394576755865,0.9594990649538065,5,54587,20,"[[36570, 279, 281, 46, 234], [630, 166, 253, 3, 188], [1812, 102, 5805, 640, 841], [61, 2, 244, 2664, 10], [1417, 226, 1102, 5, 1006]]",2026-03-08T06:40:43.278784
sleep_edf,EEGNet,4096,789,5fold-subject,0.861986528399148,0.021340207217032583,0.8464871000625779,0.8810751639710637,0.6115122572431836,0.5631141423866108,0.7117891280800064,0.9658391908785454,5,54587,20,"[[36831, 211, 165, 165, 38], [621, 143, 340, 31, 105], [550, 86, 6044, 1502, 1018], [19, 1, 72, 2851, 38], [776, 193, 1538, 66, 1183]]",2026-03-08T06:40:43.283284
sleep_edf,EEGNet,4096,2024,5fold-subject,0.8326918193489365,0.0714583050882301,0.7652514792595881,0.8855056203295233,0.5073324947450253,0.5103026757543028,0.5844607864922404,0.9522383590697274,5,54587,20,"[[37145, 6, 204, 47, 8], [927, 28, 245, 5, 35], [3107, 37, 5335, 514, 207], [348, 1, 305, 2321, 6], [2081, 63, 997, 6, 609]]",2026-03-08T06:40:43.288283
sleep_edf,Patching_LogReg,4096,42,5fold-subject,0.6850316704470283,0.043802171971433164,0.6439791595386459,0.717969675488697,0.2,0.16245153091330472,0.0,0.7918700498864621,5,54587,20,"[[37410, 0, 0, 0, 0], [1240, 0, 0, 0, 0], [9200, 0, 0, 0, 0], [2981, 0, 0, 0, 0], [3756, 0, 0, 0, 0]]",2026-03-08T06:42:35.995523
sleep_edf,Patching_LogReg,4096,123,5fold-subject,0.685407269939095,0.02126286237773775,0.6632257113627891,0.7021316803623732,0.2,0.16263055671798415,0.0,0.7937801652547488,5,54587,20,"[[37410, 0, 0, 0, 0], [1240, 0, 0, 0, 0], [9200, 0, 0, 0, 0], [2981, 0, 0, 0, 0], [3756, 0, 0, 0, 0]]",2026-03-08T06:42:36.000208
sleep_edf,Patching_LogReg,4096,456,5fold-subject,0.6854977302397006,0.026817786525657517,0.6609819335811945,0.7078650544400243,0.2,0.16262118156504463,0.0,0.7948465739735348,5,54587,20,"[[37410, 0, 0, 0, 0], [1240, 0, 0, 0, 0], [9200, 0, 0, 0, 0], [2981, 0, 0, 0, 0], [3756, 0, 0, 0, 0]]",2026-03-08T06:42:36.004709
sleep_edf,Patching_LogReg,4096,789,5fold-subject,0.6854508200041971,0.034095312350312226,0.6583984012440874,0.7181096464102618,0.2,0.16257829882438365,0.0,0.7937639807372285,5,54587,20,"[[37410, 0, 0, 0, 0], [1240, 0, 0, 0, 0], [9200, 0, 0, 0, 0], [2981, 0, 0, 0, 0], [3756, 0, 0, 0, 0]]",2026-03-08T06:42:36.009209
sleep_edf,Patching_LogReg,4096,2024,5fold-subject,0.6853623122142676,0.015566072628128818,0.6717171872846138,0.6984354892838058,0.2,0.1626421081136385,0.0,0.7878266084985992,5,54587,20,"[[37410, 0, 0, 0, 0], [1240, 0, 0, 0, 0], [9200, 0, 0, 0, 0], [2981, 0, 0, 0, 0], [3756, 0, 0, 0, 0]]",2026-03-08T06:42:36.013709
sleep_edf,VQ_LogReg,4096,42,5fold-subject,0.8613098669614553,0.00998910205739234,0.8513588442617733,0.8694163200995083,0.5394183558045575,0.5551301551207086,0.6952542949182228,0.952466013064195,5,54587,20,"[[36693, 9, 509, 65, 134], [581, 1, 401, 0, 257], [1240, 0, 7387, 200, 373], [429, 0, 484, 2068, 0], [1024, 0, 1865, 0, 867]]",2026-03-08T06:43:23.183548
sleep_edf,VQ_LogReg,4096,123,5fold-subject,0.8555880266933256,0.009745903280017286,0.8470962407553284,0.864022934271822,0.534122454149011,0.5435005313041354,0.6832842046041344,0.9531898192612325,5,54587,20,"[[36687, 0, 544, 81, 98], [604, 0, 410, 1, 225], [1388, 0, 7234, 192, 386], [481, 0, 489, 2011, 0], [1179, 0, 1800, 0, 777]]",2026-03-08T06:43:23.189048
sleep_edf,VQ_LogReg,4096,456,5fold-subject,0.856692941664325,0.01483292932816554,0.8438740833255961,0.8695118000030538,0.5333001177398285,0.5454244806058773,0.684751390882125,0.9534317238365043,5,54587,20,"[[36813, 0, 426, 87, 84], [608, 13, 420, 2, 197], [1276, 0, 7128, 280, 516], [498, 0, 451, 2029, 3], [1040, 1, 1934, 0, 781]]",2026-03-08T06:43:23.193549
sleep_edf,VQ_LogReg,4096,789,5fold-subject,0.8625239434318903,0.025480187077052553,0.8423330057724587,0.8845709479304956,0.5442844380316403,0.5503356952367193,0.6982328107428619,0.9540413754989693,5,54587,20,"[[36734, 0, 437, 84, 155], [579, 0, 408, 0, 253], [1176, 0, 7391, 234, 399], [446, 0, 487, 2048, 0], [937, 0, 1902, 0, 917]]",2026-03-08T06:43:23.198550
sleep_edf,VQ_LogReg,4096,2024,5fold-subject,0.8592900742820454,0.023889512523837298,0.8370580538298265,0.8783156020651912,0.5339963431040567,0.5432737428115384,0.691050751470351,0.9519751040025076,5,54587,20,"[[36858, 0, 392, 78, 82], [637, 0, 393, 1, 209], [1268, 1, 7232, 306, 393], [459, 0, 480, 2042, 0], [1117, 0, 1861, 0, 778]]",2026-03-08T06:43:23.203550
sleep_edf,Chronos_Binning,4096,42,5fold-subject,0.6823651714357324,0.04111490356904952,0.6394784490757679,0.7110661969036787,0.19927053681329648,0.16218089848758654,-0.0019123048949949873,0.7616002171326327,5,54587,20,"[[37264, 0, 146, 0, 0], [1240, 0, 0, 0, 0], [9200, 0, 0, 0, 0], [2932, 0, 49, 0, 0], [3756, 0, 0, 0, 0]]",2026-03-08T06:46:20.097737
sleep_edf,Chronos_Binning,4096,123,5fold-subject,0.6836386968081991,0.021547561743804712,0.6650769725344182,0.7007676455571622,0.1995152393823624,0.16247682079730014,-0.002286649228029103,0.7572902252377058,5,54587,20,"[[37312, 0, 80, 18, 0], [1240, 0, 0, 0, 0], [9198, 0, 2, 0, 0], [2974, 0, 7, 0, 0], [3756, 0, 0, 0, 0]]",2026-03-08T06:46:20.102236
sleep_edf,Chronos_Binning,4096,456,5fold-subject,0.6826009858649948,0.023610726113286778,0.6625528109094043,0.7010869095177208,0.1992117888200893,0.16227478092153352,-0.004043104972307065,0.7580384718410985,5,54587,20,"[[37254, 0, 126, 30, 0], [1240, 0, 0, 0, 0], [9199, 0, 1, 0, 0], [2978, 0, 3, 0, 0], [3755, 0, 1, 0, 0]]",2026-03-08T06:46:20.107236
sleep_edf,Chronos_Binning,4096,789,5fold-subject,0.6830744053159554,0.033983637328496775,0.6578222540770039,0.7171210114812092,0.19932715052786,0.16230018183082354,-0.0031364030717482725,0.7562208054632034,5,54587,20,"[[37280, 0, 117, 13, 0], [1239, 0, 1, 0, 0], [9199, 0, 1, 0, 0], [2975, 0, 6, 0, 0], [3755, 0, 1, 0, 0]]",2026-03-08T06:46:20.111736
sleep_edf,Chronos_Binning,4096,2024,5fold-subject,0.6830663767002425,0.01891981138533222,0.6658801591242322,0.6994323072380677,0.19932346809923635,0.1623720811597862,-0.0028731260274369895,0.7546995460252979,5,54587,20,"[[37285, 0, 102, 23, 0], [1240, 0, 0, 0, 0], [9199, 0, 1, 0, 0], [2968, 0, 13, 0, 0], [3755, 0, 1, 0, 0]]",2026-03-08T06:46:20.116237
sleep_edf,PSD_LogReg,4096,42,5fold-subject,0.8050572521536911,0.03660441756659993,0.7738390687354062,0.8387594026398159,0.7138607690124686,0.6280044908219522,0.6515699816898174,0.9513919197766967,5,54587,20,"[[31850, 3281, 718, 565, 996], [35, 601, 149, 13, 442], [110, 765, 6175, 778, 1372], [41, 9, 238, 2637, 56], [14, 710, 316, 15, 2701]]",2026-03-08T06:47:55.470602
sleep_edf,PSD_LogReg,4096,123,5fold-subject,0.8043028801406793,0.039092643272556855,0.7700280477417935,0.8408635971272339,0.7178093638767501,0.6326549910096924,0.6530659812462245,0.9485974211624422,5,54587,20,"[[31910, 3396, 646, 522, 936], [45, 617, 140, 9, 429], [106, 793, 6149, 713, 1439], [52, 3, 240, 2623, 63], [20, 784, 332, 11, 2609]]",2026-03-08T06:47:55.475601
sleep_edf,PSD_LogReg,4096,456,5fold-subject,0.802328315670576,0.050343081932857255,0.7556310253713168,0.8437358193119374,0.7079630474478271,0.6234582478569479,0.6478563109324464,0.9495119682136777,5,54587,20,"[[32110, 3301, 580, 475, 944], [44, 643, 139, 11, 403], [115, 920, 5893, 766, 1506], [48, 2, 266, 2611, 54], [18, 836, 321, 13, 2568]]",2026-03-08T06:47:55.480101
sleep_edf,PSD_LogReg,4096,789,5fold-subject,0.7950848405895704,0.045240213221693366,0.7627229278500268,0.8387988445117882,0.7140951187785948,0.6221301136588779,0.6396886118424333,0.9443517826474244,5,54587,20,"[[31414, 3364, 855, 702, 1075], [45, 586, 141, 11, 457], [118, 772, 6100, 727, 1483], [48, 8, 259, 2616, 50], [17, 745, 297, 13, 2684]]",2026-03-08T06:47:55.484601
sleep_edf,PSD_LogReg,4096,2024,5fold-subject,0.8098080152358633,0.037321262668902656,0.7748894150140992,0.841080711804894,0.7307913234057987,0.6370722117935964,0.6602042948616067,0.9503684977179121,5,54587,20,"[[32128, 3178, 510, 587, 1007], [50, 643, 137, 10, 400], [107, 717, 6114, 756, 1506], [42, 2, 248, 2630, 59], [28, 757, 272, 12, 2687]]",2026-03-08T06:47:55.489103
mental_arithmetic,BPE_Hist_LogReg,4096,42,5fold-subject,0.6173809523809524,0.034696611870374997,0.5819047619047619,0.6461904761904762,0.6173809523809524,0.6140939478659172,0.23476190476190473,0.6719260204081633,5,1080,36,"[[348, 192], [220, 320]]",2026-03-08T06:50:56.538842
mental_arithmetic,BPE_Hist_LogReg,4096,123,5fold-subject,0.6008333333333333,0.02942090360884581,0.5761666666666666,0.6253571428571428,0.6008333333333333,0.5972408772829727,0.20166666666666666,0.6434739229024944,5,1080,36,"[[354, 186], [244, 296]]",2026-03-08T06:50:56.543342
mental_arithmetic,BPE_Hist_LogReg,4096,456,5fold-subject,0.6047619047619048,0.06543072014216254,0.5466666666666666,0.6600714285714284,0.6047619047619048,0.6032026533276726,0.20952380952380953,0.6434965986394559,5,1080,36,"[[355, 185], [242, 298]]",2026-03-08T06:50:56.547842
mental_arithmetic,BPE_Hist_LogReg,4096,789,5fold-subject,0.588095238095238,0.049578724132649,0.5452380952380953,0.637142857142857,0.5880952380952381,0.5803030997084176,0.17619047619047618,0.6304892290249433,5,1080,36,"[[349, 191], [256, 284]]",2026-03-08T06:50:56.552342
mental_arithmetic,BPE_Hist_LogReg,4096,2024,5fold-subject,0.6121428571428571,0.04093853586562254,0.575,0.6428571428571428,0.6121428571428571,0.6095150439513976,0.22428571428571428,0.6703886054421769,5,1080,36,"[[355, 185], [234, 306]]",2026-03-08T06:50:56.560961
mental_arithmetic,BPE_Hist_RF,4096,42,5fold-subject,0.5571428571428572,0.02273778359297778,0.5352380952380951,0.5723809523809524,0.5571428571428572,0.5558652719601817,0.11428571428571428,0.5639043367346939,5,1080,36,"[[314, 226], [252, 288]]",2026-03-08T06:51:05.310637
mental_arithmetic,BPE_Hist_RF,4096,123,5fold-subject,0.5383333333333333,0.027688746209726913,0.513095238095238,0.5599999999999999,0.5383333333333333,0.5369874948298965,0.07666666666666666,0.5627597789115646,5,1080,36,"[[282, 258], [242, 298]]",2026-03-08T06:51:05.315138
mental_arithmetic,BPE_Hist_RF,4096,456,5fold-subject,0.5127380952380952,0.019790570145063212,0.49714285714285716,0.5317857142857143,0.5127380952380952,0.5121187566518832,0.025476190476190475,0.5288486394557823,5,1080,36,"[[270, 270], [256, 284]]",2026-03-08T06:51:05.319637
mental_arithmetic,BPE_Hist_RF,4096,789,5fold-subject,0.5501190476190476,0.018289992059151088,0.5339285714285714,0.5672619047619049,0.5501190476190476,0.5479165878510439,0.10023809523809524,0.5591179138321996,5,1080,36,"[[295, 245], [241, 299]]",2026-03-08T06:51:05.324138
mental_arithmetic,BPE_Hist_RF,4096,2024,5fold-subject,0.5604761904761906,0.027750099589206628,0.5342857142857143,0.582857142857143,0.5604761904761905,0.5590088709431164,0.12095238095238095,0.585123157596372,5,1080,36,"[[294, 246], [228, 312]]",2026-03-08T06:51:05.328637
mental_arithmetic,BPE_Windowed_LogReg,4096,42,5fold-subject,0.5734523809523809,0.01956007085575322,0.5552380952380952,0.5889285714285715,0.5734523809523809,0.5704686018744949,0.1469047619047619,0.5878021541950114,5,1080,36,"[[328, 212], [248, 292]]",2026-03-08T06:51:05.831885
mental_arithmetic,BPE_Windowed_LogReg,4096,123,5fold-subject,0.5485714285714286,0.020952380952380927,0.5314285714285715,0.5666666666666667,0.5485714285714286,0.5466781864559014,0.09714285714285713,0.5819413265306121,5,1080,36,"[[318, 222], [265, 275]]",2026-03-08T06:51:05.836385
mental_arithmetic,BPE_Windowed_LogReg,4096,456,5fold-subject,0.5589285714285714,0.03642545893955102,0.5266666666666666,0.5895446428571429,0.5589285714285714,0.5576910142969046,0.11785714285714284,0.5743792517006803,5,1080,36,"[[318, 222], [254, 286]]",2026-03-08T06:51:05.840884
mental_arithmetic,BPE_Windowed_LogReg,4096,789,5fold-subject,0.545595238095238,0.06398917496320496,0.48907142857142855,0.5961904761904762,0.545595238095238,0.5419958040693614,0.09119047619047618,0.5731938775510204,5,1080,36,"[[317, 223], [271, 269]]",2026-03-08T06:51:05.845384
mental_arithmetic,BPE_Windowed_LogReg,4096,2024,5fold-subject,0.565952380952381,0.032572960142214676,0.5380952380952382,0.5917559523809525,0.565952380952381,0.5651815319006134,0.1319047619047619,0.592766723356009,5,1080,36,"[[325, 215], [254, 286]]",2026-03-08T06:51:05.849884
mental_arithmetic,BPE_WindowedSeq_CNN,4096,42,5fold-subject,0.6032142857142857,0.026820347979838673,0.5822619047619046,0.6257142857142857,0.6032142857142857,0.6011399438830113,0.20642857142857146,0.663888888888889,5,1080,36,"[[333, 207], [222, 318]]",2026-03-08T06:51:12.727561
mental_arithmetic,BPE_WindowedSeq_CNN,4096,123,5fold-subject,0.6145238095238096,0.01580062859336862,0.6009285714285714,0.628095238095238,0.6145238095238096,0.61148426467521,0.22904761904761903,0.6498701814058958,5,1080,36,"[[320, 220], [196, 344]]",2026-03-08T06:51:18.675418
mental_arithmetic,BPE_WindowedSeq_CNN,4096,456,5fold-subject,0.5865476190476191,0.04311365036821356,0.5514285714285714,0.6253571428571428,0.5865476190476191,0.5805542420816933,0.17309523809523808,0.6317876984126984,5,1080,36,"[[329, 211], [235, 305]]",2026-03-08T06:51:25.159984
mental_arithmetic,BPE_WindowedSeq_CNN,4096,789,5fold-subject,0.575595238095238,0.04880952380952381,0.535,0.6155952380952381,0.575595238095238,0.536138452126068,0.15119047619047618,0.6416890589569162,5,1080,36,"[[270, 270], [189, 351]]",2026-03-08T06:51:31.279861
mental_arithmetic,BPE_WindowedSeq_CNN,4096,2024,5fold-subject,0.5935714285714286,0.036666666666666674,0.5619047619047619,0.6238095238095238,0.5935714285714286,0.5933543281815844,0.18714285714285717,0.6356337868480726,5,1080,36,"[[315, 225], [213, 327]]",2026-03-08T06:51:37.772884
mental_arithmetic,BPE_Bigram_LogReg,4096,42,5fold-subject,0.5222619047619047,0.051004090361068996,0.49250000000000005,0.5742857142857143,0.5222619047619047,0.40310175051523844,0.04452380952380954,0.6257909580498866,5,1080,36,"[[55, 485], [32, 508]]",2026-03-08T06:51:38.174366
mental_arithmetic,BPE_Bigram_LogReg,4096,123,5fold-subject,0.5640476190476191,0.04542817210566235,0.5220952380952381,0.6000000000000001,0.564047619047619,0.5192075985143376,0.1280952380952381,0.607829081632653,5,1080,36,"[[431, 109], [363, 177]]",2026-03-08T06:51:38.178865
mental_arithmetic,BPE_Bigram_LogReg,4096,456,5fold-subject,0.5349999999999999,0.07001619508153915,0.4766666666666667,0.5942857142857143,0.5349999999999999,0.4506989862714585,0.06999999999999999,0.6082383786848073,5,1080,36,"[[303, 237], [268, 272]]",2026-03-08T06:51:38.183366
mental_arithmetic,BPE_Bigram_LogReg,4096,789,5fold-subject,0.5428571428571429,0.07438333024673004,0.5,0.619047619047619,0.5428571428571429,0.4422321991526144,0.08571428571428572,0.6414683956916101,5,1080,36,"[[259, 281], [214, 326]]",2026-03-08T06:51:38.187865
mental_arithmetic,BPE_Bigram_LogReg,4096,2024,5fold-subject,0.5677380952380953,0.0481170389062604,0.5286875000000001,0.6105952380952381,0.5677380952380953,0.48611836523824337,0.13547619047619047,0.6387209467120182,5,1080,36,"[[401, 139], [328, 212]]",2026-03-08T06:51:38.192365
mental_arithmetic,BPE_Seq_CNN,4096,42,5fold-subject,0.4936904761904762,0.024593059876808904,0.4723809523809524,0.515,0.4936904761904762,0.4677997330943281,-0.012619047619047618,0.5002908163265307,5,1080,36,"[[276, 264], [282, 258]]",2026-03-08T06:51:41.430345
mental_arithmetic,BPE_Seq_CNN,4096,123,5fold-subject,0.5214285714285715,0.0259075628737818,0.5009523809523809,0.5442857142857143,0.5214285714285714,0.4891480583326393,0.04285714285714286,0.5367097505668934,5,1080,36,"[[210, 330], [187, 353]]",2026-03-08T06:51:42.713353
mental_arithmetic,BPE_Seq_CNN,4096,456,5fold-subject,0.5141666666666665,0.01683755924594015,0.5007142857142857,0.5276190476190477,0.5141666666666665,0.4827995206413437,0.028333333333333367,0.5456252834467119,5,1080,36,"[[270, 270], [255, 285]]",2026-03-08T06:51:43.546346
mental_arithmetic,BPE_Seq_CNN,4096,789,5fold-subject,0.5101190476190476,0.02355218069350481,0.4863095238095239,0.5285714285714285,0.5101190476190476,0.4717485572172658,0.020238095238095232,0.5347094671201814,5,1080,36,"[[294, 246], [283, 257]]",2026-03-08T06:51:44.224849
mental_arithmetic,BPE_Seq_CNN,4096,2024,5fold-subject,0.48773809523809525,0.027385092854646242,0.4619047619047619,0.5127380952380952,0.48773809523809525,0.4718569706467875,-0.024523809523809482,0.48939852607709755,5,1080,36,"[[321, 219], [333, 207]]",2026-03-08T06:51:47.373367
mental_arithmetic,BPE_Seq_Transformer,4096,42,5fold-subject,0.5180952380952382,0.02508940928060856,0.49714285714285716,0.540952380952381,0.5180952380952382,0.43805614350596916,0.03619047619047622,0.5240379818594105,5,1080,36,"[[345, 195], [326, 214]]",2026-03-08T06:52:02.581350
mental_arithmetic,BPE_Seq_Transformer,4096,123,5fold-subject,0.5091666666666667,0.029822794855119135,0.48476190476190484,0.5345238095238095,0.5091666666666667,0.48140518643200264,0.018333333333333358,0.5152667233560091,5,1080,36,"[[293, 247], [282, 258]]",2026-03-08T06:52:13.069392
mental_arithmetic,BPE_Seq_Transformer,4096,456,5fold-subject,0.5133333333333334,0.01866277899263376,0.5,0.5323809523809524,0.5133333333333333,0.4416238351931644,0.02666666666666666,0.5139112811791383,5,1080,36,"[[336, 204], [322, 218]]",2026-03-08T06:52:20.483812
mental_arithmetic,BPE_Seq_Transformer,4096,789,5fold-subject,0.5135714285714286,0.032953619574849435,0.48285714285714293,0.5433869047619048,0.5135714285714286,0.48057124146958347,0.027142857142857156,0.53209410430839,5,1080,36,"[[250, 290], [234, 306]]",2026-03-08T06:52:34.746839
mental_arithmetic,BPE_Seq_Transformer,4096,2024,5fold-subject,0.5076190476190476,0.034153183003887824,0.4809523809523809,0.5380952380952382,0.5076190476190476,0.46899071738444953,0.01523809523809525,0.5187834467120183,5,1080,36,"[[264, 276], [256, 284]]",2026-03-08T06:52:44.620125
mental_arithmetic,BPE_Seq_CW_Transformer,4096,42,5fold-subject,0.5028571428571429,0.0057142857142856935,0.5,0.5085714285714286,0.5028571428571429,0.34518300060496065,0.005714285714285716,0.4702936507936508,5,1080,36,"[[431, 109], [428, 112]]",2026-03-08T06:53:21.452666
mental_arithmetic,BPE_Seq_CW_Transformer,4096,123,5fold-subject,0.5009523809523809,0.001904761904761898,0.5,0.5028571428571429,0.5009523809523809,0.3354324400112166,0.001904761904761898,0.5010082199546485,5,1080,36,"[[211, 329], [210, 330]]",2026-03-08T06:53:30.346562
mental_arithmetic,BPE_Seq_CW_Transformer,4096,456,5fold-subject,0.49714285714285716,0.005714285714285716,0.49142857142857144,0.5,0.49714285714285716,0.3406666666666667,-0.005714285714285694,0.513265306122449,5,1080,36,"[[321, 219], [324, 216]]",2026-03-08T06:53:38.990211
mental_arithmetic,BPE_Seq_CW_Transformer,4096,789,5fold-subject,0.5009523809523809,0.001904761904761898,0.5,0.5028571428571429,0.5009523809523809,0.3354324400112166,0.001904761904761898,0.5378041383219955,5,1080,36,"[[436, 104], [435, 105]]",2026-03-08T06:53:47.623961
mental_arithmetic,BPE_Seq_CW_Transformer,4096,2024,5fold-subject,0.49142857142857144,0.01714285714285715,0.4742857142857143,0.5,0.49142857142857144,0.35665839536807276,-0.017142857142857126,0.51203231292517,5,1080,36,"[[351, 189], [360, 180]]",2026-03-08T06:53:56.526505
mental_arithmetic,EEGNet,4096,42,5fold-subject,0.5,0.0,0.5,0.5,0.5,0.3333333333333333,0.0,0.5183717403628119,5,1080,36,"[[0, 540], [0, 540]]",2026-03-08T06:54:15.721678
mental_arithmetic,EEGNet,4096,123,5fold-subject,0.5,0.0,0.5,0.5,0.5,0.3333333333333333,0.0,0.522874574829932,5,1080,36,"[[0, 540], [0, 540]]",2026-03-08T06:54:15.726178
mental_arithmetic,EEGNet,4096,456,5fold-subject,0.5,0.0,0.5,0.5,0.5,0.3333333333333333,0.0,0.5000827664399093,5,1080,36,"[[0, 540], [0, 540]]",2026-03-08T06:54:15.730177
mental_arithmetic,EEGNet,4096,789,5fold-subject,0.5,0.0,0.5,0.5,0.5,0.3333333333333333,0.0,0.5166295351473924,5,1080,36,"[[0, 540], [0, 540]]",2026-03-08T06:54:15.734678
mental_arithmetic,EEGNet,4096,2024,5fold-subject,0.5125,0.025,0.5,0.5375,0.5125,0.3772653362897265,0.025,0.5272559523809524,5,1080,36,"[[155, 385], [140, 400]]",2026-03-08T06:54:15.739176
mental_arithmetic,Patching_LogReg,4096,42,5fold-subject,0.5,0.0,0.5,0.5,0.5,0.3333333333333333,0.0,0.6406360544217687,5,1080,36,"[[330, 210], [330, 210]]",2026-03-08T06:54:22.384478
mental_arithmetic,Patching_LogReg,4096,123,5fold-subject,0.5,0.0,0.5,0.5,0.5,0.3333333333333333,0.0,0.6578843537414966,5,1080,36,"[[225, 315], [225, 315]]",2026-03-08T06:54:22.388978
mental_arithmetic,Patching_LogReg,4096,456,5fold-subject,0.5,0.0,0.5,0.5,0.5,0.3333333333333333,0.0,0.6408894557823129,5,1080,36,"[[420, 120], [420, 120]]",2026-03-08T06:54:22.393478
mental_arithmetic,Patching_LogReg,4096,789,5fold-subject,0.5,0.0,0.5,0.5,0.5,0.3333333333333333,0.0,0.6545683106575964,5,1080,36,"[[210, 330], [210, 330]]",2026-03-08T06:54:22.397978
mental_arithmetic,Patching_LogReg,4096,2024,5fold-subject,0.5,0.0,0.5,0.5,0.5,0.3333333333333333,0.0,0.6433007369614512,5,1080,36,"[[105, 435], [105, 435]]",2026-03-08T06:54:22.401977
mental_arithmetic,VQ_LogReg,4096,42,5fold-subject,0.660952380952381,0.049156144383100696,0.6133333333333334,0.7028571428571428,0.660952380952381,0.6513102233680435,0.3219047619047619,0.7195759637188208,5,1080,36,"[[364, 176], [188, 352]]",2026-03-08T06:54:32.166325
mental_arithmetic,VQ_LogReg,4096,123,5fold-subject,0.660952380952381,0.04378881498122912,0.6199761904761903,0.7019047619047618,0.660952380952381,0.6579484197892354,0.3219047619047619,0.7260147392290249,5,1080,36,"[[359, 181], [185, 355]]",2026-03-08T06:54:32.170825
mental_arithmetic,VQ_LogReg,4096,456,5fold-subject,0.6376190476190476,0.06547229425637036,0.5799999999999998,0.6957142857142857,0.6376190476190476,0.6332817670959733,0.2752380952380952,0.6901533446712017,5,1080,36,"[[358, 182], [207, 333]]",2026-03-08T06:54:32.174825
mental_arithmetic,VQ_LogReg,4096,789,5fold-subject,0.660952380952381,0.05973486392596844,0.6095238095238096,0.7104761904761905,0.660952380952381,0.6589358860332165,0.3219047619047619,0.7162522675736961,5,1080,36,"[[356, 184], [182, 358]]",2026-03-08T06:54:32.179325
mental_arithmetic,VQ_LogReg,4096,2024,5fold-subject,0.6566666666666666,0.06674145464932182,0.5923690476190476,0.7110714285714284,0.6566666666666666,0.643077729550124,0.31333333333333335,0.7383245464852608,5,1080,36,"[[359, 181], [187, 353]]",2026-03-08T06:54:32.183825
mental_arithmetic,Chronos_Binning,4096,42,5fold-subject,0.5780952380952381,0.04244243800982323,0.5352380952380952,0.6085714285714287,0.5780952380952381,0.5751385415993937,0.15619047619047616,0.6180459183673468,5,1080,36,"[[318, 222], [233, 307]]",2026-03-08T06:54:54.658728
mental_arithmetic,Chronos_Binning,4096,123,5fold-subject,0.5747619047619048,0.030026443372256066,0.5514285714285714,0.6033333333333334,0.5747619047619047,0.574191075145729,0.1495238095238095,0.6038214285714286,5,1080,36,"[[311, 229], [230, 310]]",2026-03-08T06:54:54.663227
mental_arithmetic,Chronos_Binning,4096,456,5fold-subject,0.5723809523809524,0.03331972511340172,0.5399999999999999,0.5961904761904762,0.5723809523809524,0.5710325115099686,0.14476190476190476,0.6064427437641724,5,1080,36,"[[308, 232], [229, 311]]",2026-03-08T06:54:54.667728
mental_arithmetic,Chronos_Binning,4096,789,5fold-subject,0.5922619047619048,0.014176167282480204,0.5786904761904762,0.6047619047619048,0.5922619047619048,0.5915351246150723,0.1845238095238095,0.6170909863945578,5,1080,36,"[[317, 223], [218, 322]]",2026-03-08T06:54:54.672228
mental_arithmetic,Chronos_Binning,4096,2024,5fold-subject,0.5796428571428571,0.021926748799700593,0.5594851190476191,0.6009523809523809,0.5796428571428571,0.5793699890283133,0.15928571428571428,0.6137641723356009,5,1080,36,"[[314, 226], [229, 311]]",2026-03-08T06:54:54.676727
mental_arithmetic,PSD_LogReg,4096,42,5fold-subject,0.6804761904761906,0.03314230979296252,0.6514285714285715,0.7095238095238094,0.6804761904761906,0.6782890633495113,0.36095238095238097,0.7355731292517007,5,1080,36,"[[388, 152], [192, 348]]",2026-03-08T06:55:03.820549
mental_arithmetic,PSD_LogReg,4096,123,5fold-subject,0.666547619047619,0.07458919997449007,0.6114285714285714,0.7405952380952381,0.666547619047619,0.6469998055358859,0.3330952380952381,0.7376797052154194,5,1080,36,"[[395, 145], [211, 329]]",2026-03-08T06:55:03.825550
mental_arithmetic,PSD_LogReg,4096,456,5fold-subject,0.6773809523809524,0.06999352091816459,0.6164285714285714,0.7309523809523808,0.6773809523809524,0.6650137055641793,0.3547619047619048,0.7435680272108843,5,1080,36,"[[380, 160], [188, 352]]",2026-03-08T06:55:03.830095
mental_arithmetic,PSD_LogReg,4096,789,5fold-subject,0.6911904761904761,0.06649467610353013,0.6269047619047619,0.7457142857142858,0.6911904761904761,0.6849527785632086,0.3823809523809524,0.764249007936508,5,1080,36,"[[378, 162], [175, 365]]",2026-03-08T06:55:03.834596
mental_arithmetic,PSD_LogReg,4096,2024,5fold-subject,0.6957142857142857,0.06680937107541174,0.6357142857142858,0.7505238095238095,0.6957142857142856,0.6936209662080175,0.3914285714285714,0.7678639455782313,5,1080,36,"[[392, 148], [182, 358]]",2026-03-08T06:55:03.839095
epfl_p300,BPE_Hist_LogReg,4096,42,LOSO,0.6078125,0.0324580560727367,0.587673611111111,0.6266261574074075,0.5270486111111111,0.49287593248168643,0.0350517859816624,0.5412211853780865,10,17280,10,"[[9334, 5066], [1711, 1169]]",2026-03-08T07:14:55.985363
epfl_p300,BPE_Hist_LogReg,4096,123,LOSO,0.607638888888889,0.03295665513928592,0.5883000578703703,0.6275520833333333,0.5265277777777777,0.49256495307653847,0.034427988656603015,0.5412245611496914,10,17280,10,"[[9334, 5066], [1714, 1166]]",2026-03-08T07:14:55.993364
epfl_p300,BPE_Hist_LogReg,4096,456,LOSO,0.607349537037037,0.03191932595710473,0.5859881365740741,0.6276634837962964,0.5267708333333333,0.4925847097442989,0.03462002742642445,0.5412215470679013,10,17280,10,"[[9326, 5074], [1711, 1169]]",2026-03-08T07:14:56.000863
epfl_p300,BPE_Hist_LogReg,4096,789,LOSO,0.6074074074074074,0.0321617674684415,0.5882436342592593,0.626568287037037,0.5269444444444444,0.4927310746042407,0.03493662116167422,0.5412215470679012,10,17280,10,"[[9326, 5074], [1710, 1170]]",2026-03-08T07:14:56.010175
epfl_p300,BPE_Hist_LogReg,4096,2024,LOSO,0.6074074074074074,0.032030295934970004,0.5863946759259259,0.6259288194444445,0.52625,0.4923478230428312,0.03396761292626634,0.5412129870756173,10,17280,10,"[[9331, 5069], [1715, 1165]]",2026-03-08T07:14:56.018175
epfl_p300,BPE_Hist_RF,4096,42,LOSO,0.8333333333333334,0.0,0.8333333333333334,0.8333333333333334,0.5,0.4545454545454545,0.0,0.546213107638889,10,17280,10,"[[14400, 0], [2880, 0]]",2026-03-08T07:32:29.052962
epfl_p300,BPE_Hist_RF,4096,123,LOSO,0.8333333333333334,0.0,0.8333333333333334,0.8333333333333334,0.5,0.4545454545454545,0.0,0.546213107638889,10,17280,10,"[[14400, 0], [2880, 0]]",2026-03-08T07:32:29.061463
epfl_p300,BPE_Hist_RF,4096,456,LOSO,0.8333333333333334,0.0,0.8333333333333334,0.8333333333333334,0.5,0.4545454545454545,0.0,0.546213107638889,10,17280,10,"[[14400, 0], [2880, 0]]",2026-03-08T07:32:29.069463
epfl_p300,BPE_Hist_RF,4096,789,LOSO,0.8333333333333334,0.0,0.8333333333333334,0.8333333333333334,0.5,0.4545454545454545,0.0,0.546213107638889,10,17280,10,"[[14400, 0], [2880, 0]]",2026-03-08T07:32:29.077338
epfl_p300,BPE_Hist_RF,4096,2024,LOSO,0.8333333333333334,0.0,0.8333333333333334,0.8333333333333334,0.5,0.4545454545454545,0.0,0.546213107638889,10,17280,10,"[[14400, 0], [2880, 0]]",2026-03-08T07:32:29.085338
epfl_p300,BPE_Windowed_LogReg,4096,42,LOSO,0.7260416666666666,0.016199983038442247,0.7170124421296296,0.7362297453703704,0.6735416666666667,0.6188029524983085,0.25785345829393075,0.7400824652777779,10,17280,10,"[[10833, 3567], [1167, 1713]]",2026-03-08T07:33:03.122245
epfl_p300,BPE_Windowed_LogReg,4096,123,LOSO,0.7263310185185186,0.016295313950032076,0.7173017939814814,0.7362847222222222,0.6737152777777777,0.6190443807091024,0.25825542273795965,0.740048225308642,10,17280,10,"[[10838, 3562], [1167, 1713]]",2026-03-08T07:33:03.130450
epfl_p300,BPE_Windowed_LogReg,4096,456,LOSO,0.7263888888888889,0.016298088206406724,0.717533275462963,0.7371527777777777,0.6740277777777778,0.6192274824257529,0.2586614938334856,0.7400320698302469,10,17280,10,"[[10837, 3563], [1165, 1715]]",2026-03-08T07:33:03.137948
epfl_p300,BPE_Windowed_LogReg,4096,789,LOSO,0.7262152777777777,0.016152884097024915,0.7171296296296296,0.7364597800925925,0.6736458333333333,0.6189391355042716,0.25808624470008834,0.7400671537422839,10,17280,10,"[[10836, 3564], [1167, 1713]]",2026-03-08T07:33:03.146109
epfl_p300,BPE_Windowed_LogReg,4096,2024,LOSO,0.7260416666666666,0.016311233815808186,0.7164351851851853,0.7364019097222222,0.6736805555555556,0.618867614145788,0.2580029883161159,0.7400337577160494,10,17280,10,"[[10832, 3568], [1166, 1714]]",2026-03-08T07:33:03.153842
epfl_p300,BPE_WindowedSeq_CNN,4096,42,LOSO,0.8320023148148149,0.0052662037037036966,0.828761574074074,0.8353587962962964,0.5254513888888889,0.5072789821110071,0.07381830498231538,0.6662533757716049,10,17280,10,"[[14188, 212], [2691, 189]]",2026-03-08T07:33:55.224222
epfl_p300,BPE_WindowedSeq_CNN,4096,123,LOSO,0.8302083333333334,0.005545902106810638,0.8266767939814815,0.8333333333333334,0.5292361111111111,0.5161515783574196,0.08438418806366094,0.6756224681712963,10,17280,10,"[[14122, 278], [2656, 224]]",2026-03-08T07:34:46.466456
epfl_p300,BPE_WindowedSeq_CNN,4096,456,LOSO,0.830150462962963,0.007434709883451904,0.8254036458333333,0.8347222222222221,0.5264236111111111,0.5117315950100544,0.07753995960131267,0.6637668788580248,10,17280,10,"[[14141, 259], [2676, 204]]",2026-03-08T07:35:38.133975
epfl_p300,BPE_WindowedSeq_CNN,4096,789,LOSO,0.8307291666666666,0.004044720776621887,0.828298611111111,0.8332175925925925,0.5227430555555557,0.5025352591839015,0.06531785199809842,0.6641092785493827,10,17280,10,"[[14180, 220], [2705, 175]]",2026-03-08T07:36:29.395496
epfl_p300,BPE_WindowedSeq_CNN,4096,2024,LOSO,0.8317129629629628,0.005513196927691934,0.8280671296296296,0.8349537037037036,0.5305555555555557,0.518732673570051,0.08963266755427737,0.6743107397762346,10,17280,10,"[[14145, 255], [2653, 227]]",2026-03-08T07:37:20.690927
epfl_p300,BPE_Bigram_LogReg,4096,42,LOSO,0.6177083333333334,0.12056780238400226,0.5398451967592593,0.6903472222222222,0.5382638888888889,0.4887830248322708,0.052045094976573725,0.5563855131172839,10,17280,10,"[[9467, 4933], [1673, 1207]]",2026-03-08T07:37:49.441013
epfl_p300,BPE_Bigram_LogReg,4096,123,LOSO,0.5836226851851852,0.16721738400021138,0.47563078703703704,0.6673726851851852,0.5357291666666668,0.4633242037865761,0.049433769968371545,0.5563780381944443,10,17280,10,"[[8749, 5651], [1544, 1336]]",2026-03-08T07:37:49.449014
epfl_p300,BPE_Bigram_LogReg,4096,456,LOSO,0.627025462962963,0.11920797645540152,0.5538758680555554,0.6922120949074073,0.5374652777777778,0.49083467434593997,0.05109393079639139,0.5563868393132717,10,17280,10,"[[9674, 4726], [1719, 1161]]",2026-03-08T07:37:49.457014
epfl_p300,BPE_Bigram_LogReg,4096,789,LOSO,0.5873842592592593,0.12319757823411279,0.5106770833333333,0.6551793981481482,0.536875,0.47661202693733007,0.04771878585587007,0.5563950376157407,10,17280,10,"[[8822, 5578], [1552, 1328]]",2026-03-08T07:37:49.464513
epfl_p300,BPE_Bigram_LogReg,4096,2024,LOSO,0.569386574074074,0.15040584964824505,0.4780078125000001,0.6640147569444443,0.5373263888888888,0.4634362831502801,0.04857682228890042,0.5563982928240742,10,17280,10,"[[8430, 5970], [1471, 1409]]",2026-03-08T07:37:49.473014
epfl_p300,BPE_Seq_CNN,4096,42,LOSO,0.8333912037037037,0.00017361111111111605,0.8333333333333334,0.8335069444444445,0.500173611111111,0.45490582786289047,0.0005773672055427115,0.588718894675926,10,17280,10,"[[14400, 0], [2879, 1]]",2026-03-08T07:38:26.573438
epfl_p300,BPE_Seq_CNN,4096,123,LOSO,0.8333333333333334,0.0,0.8333333333333334,0.8333333333333334,0.5,0.4545454545454545,0.0,0.5871361400462962,10,17280,10,"[[14400, 0], [2880, 0]]",2026-03-08T07:39:05.424266
epfl_p300,BPE_Seq_CNN,4096,456,LOSO,0.8333333333333334,0.0,0.8333333333333334,0.8333333333333334,0.5,0.4545454545454545,0.0,0.5819791666666667,10,17280,10,"[[14400, 0], [2880, 0]]",2026-03-08T07:39:40.610396
epfl_p300,BPE_Seq_CNN,4096,789,LOSO,0.8333333333333334,0.0,0.8333333333333334,0.8333333333333334,0.5,0.4545454545454545,0.0,0.5828185281635803,10,17280,10,"[[14400, 0], [2880, 0]]",2026-03-08T07:40:13.781288
epfl_p300,BPE_Seq_CNN,4096,2024,LOSO,0.8333333333333334,0.0,0.8333333333333334,0.8333333333333334,0.5,0.4545454545454545,0.0,0.5839749710648148,10,17280,10,"[[14400, 0], [2880, 0]]",2026-03-08T07:40:48.762093
epfl_p300,BPE_Seq_Transformer,4096,42,LOSO,0.833275462962963,0.0004050925925926041,0.8329861111111111,0.8335069444444445,0.5002430555555556,0.45520977205453705,0.0008040680120769194,0.5888446421682099,10,17280,10,"[[14397, 3], [2878, 2]]",2026-03-08T07:46:23.507617
epfl_p300,BPE_Seq_Transformer,4096,123,LOSO,0.8333333333333334,0.000258804164062483,0.8331597222222223,0.8335069444444445,0.5001388888888888,0.4548886047954621,0.0004618937644341514,0.5880820794753087,10,17280,10,"[[14399, 1], [2879, 1]]",2026-03-08T07:51:51.163629
epfl_p300,BPE_Seq_Transformer,4096,456,LOSO,0.8333333333333334,0.0,0.8333333333333334,0.8333333333333334,0.5,0.4545454545454545,0.0,0.5858345389660493,10,17280,10,"[[14400, 0], [2880, 0]]",2026-03-08T07:57:18.678377
epfl_p300,BPE_Seq_Transformer,4096,789,LOSO,0.8332175925925925,0.00023148148148148805,0.8330439814814815,0.8333333333333334,0.5000694444444445,0.4548517678136796,0.00022935414509833718,0.5858991608796296,10,17280,10,"[[14397, 3], [2879, 1]]",2026-03-08T08:02:21.875556
epfl_p300,BPE_Seq_Transformer,4096,2024,LOSO,0.8332175925925925,0.0003472222222222321,0.8329861111111111,0.8333333333333334,0.5000694444444445,0.4548505682703767,0.00022935779816511958,0.5869806134259259,10,17280,10,"[[14397, 3], [2879, 1]]",2026-03-08T08:07:24.050887
epfl_p300,BPE_Seq_CW_Transformer,4096,42,LOSO,0.8329282407407407,0.0050784341271849194,0.8297439236111109,0.8357653356481483,0.5133680555555554,0.4851188610657265,0.041936188827629096,0.6366221788194444,10,17280,10,"[[14295, 105], [2782, 98]]",2026-03-08T08:36:55.557125
epfl_p300,BPE_Seq_CW_Transformer,4096,123,LOSO,0.8336805555555555,0.005254425677229693,0.8302662037037039,0.8368055555555556,0.5160416666666667,0.4900875380769967,0.050022077571148495,0.6328016493055555,10,17280,10,"[[14292, 108], [2766, 114]]",2026-03-08T09:10:08.286881
epfl_p300,BPE_Seq_CW_Transformer,4096,456,LOSO,0.835300925925926,0.008044605957641273,0.8307855902777778,0.8409157986111112,0.517986111111111,0.4923020421527989,0.05541915170913257,0.63595703125,10,17280,10,"[[14313, 87], [2759, 121]]",2026-03-08T09:44:29.875278
epfl_p300,BPE_Seq_CW_Transformer,4096,789,LOSO,0.836574074074074,0.009306879857858625,0.8320008680555554,0.8431712962962962,0.5233333333333333,0.5016450385047049,0.07051566106777099,0.6351146556712963,10,17280,10,"[[14302, 98], [2726, 154]]",2026-03-08T10:18:43.643744
epfl_p300,BPE_Seq_CW_Transformer,4096,2024,LOSO,0.8336805555555555,0.002317706527141294,0.8320601851851851,0.835011574074074,0.5128472222222223,0.48314347816289444,0.040131292892864844,0.6268014564043211,10,17280,10,"[[14315, 85], [2789, 91]]",2026-03-08T10:50:12.084879
epfl_p300,EEGNet,4096,42,LOSO,0.8824652777777777,0.026064097849655053,0.8671875,0.8983868634259259,0.7294791666666667,0.7511567637282978,0.5098347370168821,0.896441936728395,10,17280,10,"[[13809, 591], [1440, 1440]]",2026-03-08T11:07:47.774113
epfl_p300,EEGNet,4096,123,LOSO,0.8810763888888887,0.029303500765392163,0.8627300347222222,0.8995413773148148,0.7317013888888889,0.7488514373418649,0.5058346800881839,0.89639949845679,10,17280,10,"[[13763, 637], [1418, 1462]]",2026-03-08T11:07:47.782114
epfl_p300,EEGNet,4096,456,LOSO,0.8802662037037038,0.030127572707025017,0.8607045717592592,0.8998321759259259,0.7306597222222223,0.7490339495579618,0.505555363831804,0.8978694058641974,10,17280,10,"[[13753, 647], [1422, 1458]]",2026-03-08T11:07:47.790116
epfl_p300,EEGNet,4096,789,LOSO,0.8798611111111112,0.030394012153617336,0.861111111111111,0.8972800925925926,0.7245833333333334,0.7440421986991261,0.4970482124432113,0.8993660783179012,10,17280,10,"[[13788, 612], [1464, 1416]]",2026-03-08T11:07:47.797617
epfl_p300,EEGNet,4096,2024,LOSO,0.8778356481481481,0.03022634316621826,0.8600028935185184,0.8973972800925927,0.7244791666666666,0.7420074422810764,0.4930560276808498,0.8963399402006174,10,17280,10,"[[13745, 655], [1456, 1424]]",2026-03-08T11:07:47.805626
epfl_p300,Patching_LogReg,4096,42,LOSO,0.8328125,0.0014742753707010397,0.8317708333333333,0.8335069444444445,0.5020486111111111,0.4600216672927904,0.006665342864006385,0.5443706597222222,10,17280,10,"[[14374, 26], [2863, 17]]",2026-03-08T11:08:09.888502
epfl_p300,Patching_LogReg,4096,123,LOSO,0.8328125,0.0014742753707010397,0.8318287037037037,0.8335648148148147,0.5020486111111111,0.4600216672927904,0.006665342864006385,0.5443771701388889,10,17280,10,"[[14374, 26], [2863, 17]]",2026-03-08T11:08:09.896002
epfl_p300,Patching_LogReg,4096,456,LOSO,0.8328125,0.0014742753707010397,0.8318287037037038,0.8335648148148147,0.5020486111111111,0.4600216672927904,0.006665342864006385,0.5443815104166666,10,17280,10,"[[14374, 26], [2863, 17]]",2026-03-08T11:08:09.904001
epfl_p300,Patching_LogReg,4096,789,LOSO,0.8328125,0.0014742753707010397,0.8317708333333333,0.8335069444444445,0.5020486111111111,0.4600216672927904,0.006665342864006385,0.5443868152006174,10,17280,10,"[[14374, 26], [2863, 17]]",2026-03-08T11:08:09.912002
epfl_p300,Patching_LogReg,4096,2024,LOSO,0.8328125,0.0014742753707010397,0.8317708333333333,0.8335648148148147,0.5020486111111111,0.4600216672927904,0.006665342864006385,0.5443655960648147,10,17280,10,"[[14374, 26], [2863, 17]]",2026-03-08T11:08:09.919502
epfl_p300,VQ_LogReg,4096,42,LOSO,0.8333333333333334,0.0,0.8333333333333334,0.8333333333333334,0.5,0.4545454545454545,0.0,0.5642552806712963,10,17280,10,"[[14400, 0], [2880, 0]]",2026-03-08T11:08:33.900060
epfl_p300,VQ_LogReg,4096,123,LOSO,0.8333333333333334,0.0,0.8333333333333334,0.8333333333333334,0.5,0.4545454545454545,0.0,0.5642557629243827,10,17280,10,"[[14400, 0], [2880, 0]]",2026-03-08T11:08:33.908060
epfl_p300,VQ_LogReg,4096,456,LOSO,0.8333333333333334,0.0,0.8333333333333334,0.8333333333333334,0.5,0.4545454545454545,0.0,0.5642563657407408,10,17280,10,"[[14400, 0], [2880, 0]]",2026-03-08T11:08:33.916060
epfl_p300,VQ_LogReg,4096,789,LOSO,0.8333333333333334,0.0,0.8333333333333334,0.8333333333333334,0.5,0.4545454545454545,0.0,0.5642556423611111,10,17280,10,"[[14400, 0], [2880, 0]]",2026-03-08T11:08:33.923559
epfl_p300,VQ_LogReg,4096,2024,LOSO,0.8333333333333334,0.0,0.8333333333333334,0.8333333333333334,0.5,0.4545454545454545,0.0,0.5642534722222222,10,17280,10,"[[14400, 0], [2880, 0]]",2026-03-08T11:08:33.931560
epfl_p300,Chronos_Binning,4096,42,LOSO,0.8333333333333334,0.0,0.8333333333333334,0.8333333333333334,0.5,0.4545454545454545,0.0,0.5485063416280864,10,17280,10,"[[14400, 0], [2880, 0]]",2026-03-08T11:11:36.048231
epfl_p300,Chronos_Binning,4096,123,LOSO,0.8333333333333334,0.0,0.8333333333333334,0.8333333333333334,0.5,0.4545454545454545,0.0,0.5485085117669753,10,17280,10,"[[14400, 0], [2880, 0]]",2026-03-08T11:11:36.056232
epfl_p300,Chronos_Binning,4096,456,LOSO,0.8333333333333334,0.0,0.8333333333333334,0.8333333333333334,0.5,0.4545454545454545,0.0,0.548505859375,10,17280,10,"[[14400, 0], [2880, 0]]",2026-03-08T11:11:36.063730
epfl_p300,Chronos_Binning,4096,789,LOSO,0.8333333333333334,0.0,0.8333333333333334,0.8333333333333334,0.5,0.4545454545454545,0.0,0.5485068238811729,10,17280,10,"[[14400, 0], [2880, 0]]",2026-03-08T11:11:36.071731
epfl_p300,Chronos_Binning,4096,2024,LOSO,0.8333333333333334,0.0,0.8333333333333334,0.8333333333333334,0.5,0.4545454545454545,0.0,0.5485086323302469,10,17280,10,"[[14400, 0], [2880, 0]]",2026-03-08T11:11:36.079230
epfl_p300,PSD_LogReg,4096,42,LOSO,0.6557291666666667,0.08870281948473892,0.6028703703703703,0.7084751157407407,0.5878819444444445,0.5408930645947743,0.1297418302190657,0.6230565200617285,10,17280,10,"[[9931, 4469], [1480, 1400]]",2026-03-08T11:12:03.061654
epfl_p300,PSD_LogReg,4096,123,LOSO,0.6556712962962964,0.08874869888823882,0.5966391782407408,0.7103703703703704,0.5878472222222223,0.5408524365993956,0.12969270402843788,0.6230746045524691,10,17280,10,"[[9930, 4470], [1480, 1400]]",2026-03-08T11:12:03.069654
epfl_p300,PSD_LogReg,4096,456,LOSO,0.6556712962962963,0.08873586787829289,0.6011516203703703,0.7043822337962963,0.5878472222222223,0.5408492814873781,0.12968588340621903,0.6230678530092593,10,17280,10,"[[9930, 4470], [1480, 1400]]",2026-03-08T11:12:03.077153
epfl_p300,PSD_LogReg,4096,789,LOSO,0.6557291666666667,0.08870281948473892,0.6017505787037036,0.7078891782407407,0.5878819444444445,0.5408930645947743,0.1297418302190657,0.6230661651234567,10,17280,10,"[[9931, 4469], [1480, 1400]]",2026-03-08T11:12:03.085154
epfl_p300,PSD_LogReg,4096,2024,LOSO,0.6556712962962964,0.08881961336483324,0.602482638888889,0.7095500578703704,0.5878472222222223,0.5408524022673444,0.1297112066446167,0.6230719521604937,10,17280,10,"[[9930, 4470], [1480, 1400]]",2026-03-08T11:12:03.092654
ssvep_nakanishi,BPE_Hist_LogReg,4096,42,LOSO,0.07962962962962962,0.02045437225405048,0.06604938271604938,0.09320987654320986,0.07962962962962962,0.06466395900961139,-0.004040404040404017,0.5032977927422372,9,1620,9,"[[13, 21, 29, 13, 9, 7, 2, 12, 3, 13, 2, 11], [21, 16, 24, 21, 12, 3, 4, 14, 2, 10, 1, 7], [22, 17, 31, 15, 7, 7, 6, 11, 3, 9, 2, 5], [20, 17, 24, 18, 6, 5, 6, 13, 3, 11, 2, 10], [24, 19, 29, 11, 8, 2, 4, 13, 3, 7, 2, 13], [23, 16, 26, 17, 9, 2, 6, 8, 6, 11, 2, 9], [25, 18, 20, 16, 9, 2, 6, 13, 2, 6, 3, 15], [21, 24, 18, 13, 5, 5, 6, 14, 8, 10, 2, 9], [25, 9, 22, 21, 11, 7, 2, 15, 3, 7, 3, 10], [24, 11, 26, 19, 9, 6, 5, 13, 2, 2, 1, 17], [22, 15, 24, 15, 5, 9, 10, 9, 3, 8, 6, 9], [19, 15, 17, 15, 11, 3, 8, 19, 5, 8, 5, 10]]",2026-03-08T11:14:21.028359
ssvep_nakanishi,BPE_Hist_LogReg,4096,123,LOSO,0.07901234567901234,0.022187902167421517,0.06543209876543209,0.0925925925925926,0.07901234567901234,0.06376762348188675,-0.00471380471380472,0.5032734754956977,9,1620,9,"[[13, 21, 29, 13, 9, 7, 2, 12, 3, 13, 2, 11], [21, 18, 24, 19, 12, 4, 4, 14, 2, 10, 1, 6], [22, 18, 29, 16, 7, 7, 6, 11, 3, 9, 2, 5], [18, 20, 24, 18, 6, 6, 5, 12, 3, 11, 2, 10], [23, 21, 29, 11, 8, 2, 4, 12, 3, 7, 2, 13], [24, 16, 25, 17, 9, 2, 6, 8, 6, 11, 2, 9], [25, 20, 20, 15, 9, 2, 5, 13, 2, 6, 3, 15], [23, 22, 17, 14, 5, 5, 6, 14, 8, 10, 2, 9], [25, 10, 22, 20, 11, 7, 2, 14, 3, 7, 3, 11], [24, 12, 26, 19, 9, 6, 5, 12, 2, 2, 1, 17], [21, 16, 25, 13, 5, 9, 10, 10, 3, 8, 6, 9], [17, 15, 17, 16, 12, 3, 8, 19, 5, 8, 5, 10]]",2026-03-08T11:14:21.035359
ssvep_nakanishi,BPE_Hist_LogReg,4096,456,LOSO,0.07777777777777778,0.02159611812905667,0.06419753086419752,0.0919753086419753,0.07777777777777778,0.06327367465093464,-0.006060606060606075,0.5032716049382715,9,1620,9,"[[13, 21, 29, 13, 9, 7, 2, 12, 3, 13, 2, 11], [23, 15, 24, 20, 12, 3, 4, 14, 2, 10, 1, 7], [22, 18, 29, 16, 7, 7, 6, 11, 3, 9, 2, 5], [20, 17, 24, 18, 6, 5, 6, 13, 3, 11, 2, 10], [24, 19, 29, 11, 8, 2, 4, 13, 3, 7, 2, 13], [24, 16, 25, 17, 9, 2, 6, 8, 6, 11, 2, 9], [25, 19, 20, 15, 9, 2, 6, 13, 2, 6, 3, 15], [23, 23, 17, 13, 5, 5, 6, 14, 8, 10, 2, 9], [25, 9, 22, 21, 11, 7, 2, 14, 3, 7, 3, 11], [24, 11, 26, 19, 9, 6, 5, 13, 2, 2, 1, 17], [22, 15, 25, 13, 5, 9, 10, 10, 3, 8, 6, 9], [17, 16, 17, 16, 11, 3, 8, 19, 5, 8, 5, 10]]",2026-03-08T11:14:21.042359
ssvep_nakanishi,BPE_Hist_LogReg,4096,789,LOSO,0.07654320987654321,0.02140115533748113,0.06296296296296296,0.09074074074074073,0.07654320987654321,0.0622140607038372,-0.007407407407407455,0.5032547699214365,9,1620,9,"[[13, 21, 29, 13, 9, 7, 2, 12, 3, 13, 2, 11], [22, 16, 25, 19, 12, 3, 4, 14, 2, 10, 1, 7], [23, 18, 28, 16, 7, 7, 6, 11, 3, 9, 2, 5], [21, 17, 24, 17, 6, 5, 6, 13, 3, 11, 2, 10], [24, 19, 29, 11, 8, 2, 4, 13, 3, 7, 2, 13], [24, 16, 25, 17, 9, 2, 6, 8, 6, 11, 2, 9], [26, 19, 20, 15, 9, 2, 6, 13, 3, 5, 2, 15], [23, 23, 17, 13, 5, 5, 6, 14, 7, 11, 2, 9], [25, 10, 22, 20, 11, 7, 2, 14, 3, 7, 3, 11], [24, 11, 26, 17, 9, 6, 5, 15, 2, 2, 1, 17], [22, 16, 24, 13, 5, 9, 10, 10, 4, 8, 5, 9], [18, 16, 17, 16, 10, 3, 8, 19, 5, 8, 5, 10]]",2026-03-08T11:14:21.049359
ssvep_nakanishi,BPE_Hist_LogReg,4096,2024,LOSO,0.07777777777777778,0.02159611812905667,0.06418209876543209,0.09135802469135802,0.07777777777777778,0.06328370595584144,-0.006060606060606075,0.5032846988402544,9,1620,9,"[[13, 21, 29, 13, 9, 7, 2, 12, 3, 13, 2, 11], [23, 15, 24, 20, 12, 3, 4, 14, 2, 10, 1, 7], [22, 18, 29, 16, 7, 7, 6, 11, 3, 8, 3, 5], [19, 16, 25, 18, 6, 6, 6, 13, 3, 11, 2, 10], [24, 19, 29, 11, 8, 2, 4, 13, 3, 7, 2, 13], [24, 16, 25, 17, 9, 2, 6, 8, 6, 11, 2, 9], [25, 19, 20, 15, 9, 2, 6, 13, 3, 5, 3, 15], [23, 23, 17, 13, 5, 5, 6, 14, 8, 10, 2, 9], [25, 9, 22, 21, 11, 7, 2, 14, 3, 7, 3, 11], [24, 11, 26, 19, 9, 6, 5, 13, 2, 2, 1, 17], [22, 15, 25, 13, 5, 9, 10, 10, 3, 8, 6, 9], [17, 16, 17, 16, 11, 3, 8, 19, 5, 8, 5, 10]]",2026-03-08T11:14:21.056325
ssvep_nakanishi,BPE_Hist_RF,4096,42,LOSO,0.08580246913580246,0.020472992533058024,0.0728395061728395,0.0993827160493827,0.08580246913580246,0.08175196039613367,0.0026936026936026985,0.5059296670407782,9,1620,9,"[[11, 10, 8, 12, 15, 5, 12, 13, 9, 11, 15, 14], [7, 12, 11, 15, 14, 14, 14, 9, 7, 9, 8, 15], [14, 16, 16, 9, 14, 8, 10, 7, 14, 10, 7, 10], [9, 10, 17, 8, 9, 14, 7, 15, 12, 11, 8, 15], [6, 11, 19, 9, 9, 8, 11, 16, 7, 13, 13, 13], [8, 13, 15, 8, 12, 12, 12, 6, 12, 15, 10, 12], [13, 14, 11, 7, 10, 14, 14, 6, 12, 11, 7, 16], [15, 12, 12, 11, 10, 10, 10, 10, 10, 8, 9, 18], [12, 18, 9, 5, 7, 15, 11, 12, 16, 14, 4, 12], [14, 11, 10, 6, 12, 6, 14, 12, 10, 10, 14, 16], [7, 15, 8, 11, 12, 9, 11, 13, 13, 11, 8, 17], [12, 11, 19, 9, 16, 11, 11, 6, 4, 17, 6, 13]]",2026-03-08T11:15:15.497793
ssvep_nakanishi,BPE_Hist_RF,4096,123,LOSO,0.08580246913580246,0.020472992533058024,0.07344135802469136,0.0993827160493827,0.08580246913580246,0.08175196039613367,0.0026936026936026985,0.5059296670407782,9,1620,9,"[[11, 10, 8, 12, 15, 5, 12, 13, 9, 11, 15, 14], [7, 12, 11, 15, 14, 14, 14, 9, 7, 9, 8, 15], [14, 16, 16, 9, 14, 8, 10, 7, 14, 10, 7, 10], [9, 10, 17, 8, 9, 14, 7, 15, 12, 11, 8, 15], [6, 11, 19, 9, 9, 8, 11, 16, 7, 13, 13, 13], [8, 13, 15, 8, 12, 12, 12, 6, 12, 15, 10, 12], [13, 14, 11, 7, 10, 14, 14, 6, 12, 11, 7, 16], [15, 12, 12, 11, 10, 10, 10, 10, 10, 8, 9, 18], [12, 18, 9, 5, 7, 15, 11, 12, 16, 14, 4, 12], [14, 11, 10, 6, 12, 6, 14, 12, 10, 10, 14, 16], [7, 15, 8, 11, 12, 9, 11, 13, 13, 11, 8, 17], [12, 11, 19, 9, 16, 11, 11, 6, 4, 17, 6, 13]]",2026-03-08T11:15:15.505293
ssvep_nakanishi,BPE_Hist_RF,4096,456,LOSO,0.08580246913580246,0.020472992533058024,0.0728395061728395,0.1,0.08580246913580246,0.08175196039613367,0.0026936026936026985,0.5059296670407782,9,1620,9,"[[11, 10, 8, 12, 15, 5, 12, 13, 9, 11, 15, 14], [7, 12, 11, 15, 14, 14, 14, 9, 7, 9, 8, 15], [14, 16, 16, 9, 14, 8, 10, 7, 14, 10, 7, 10], [9, 10, 17, 8, 9, 14, 7, 15, 12, 11, 8, 15], [6, 11, 19, 9, 9, 8, 11, 16, 7, 13, 13, 13], [8, 13, 15, 8, 12, 12, 12, 6, 12, 15, 10, 12], [13, 14, 11, 7, 10, 14, 14, 6, 12, 11, 7, 16], [15, 12, 12, 11, 10, 10, 10, 10, 10, 8, 9, 18], [12, 18, 9, 5, 7, 15, 11, 12, 16, 14, 4, 12], [14, 11, 10, 6, 12, 6, 14, 12, 10, 10, 14, 16], [7, 15, 8, 11, 12, 9, 11, 13, 13, 11, 8, 17], [12, 11, 19, 9, 16, 11, 11, 6, 4, 17, 6, 13]]",2026-03-08T11:15:15.512293
ssvep_nakanishi,BPE_Hist_RF,4096,789,LOSO,0.08580246913580246,0.020472992533058024,0.0728395061728395,0.09876543209876543,0.08580246913580246,0.08175196039613367,0.0026936026936026985,0.5059296670407782,9,1620,9,"[[11, 10, 8, 12, 15, 5, 12, 13, 9, 11, 15, 14], [7, 12, 11, 15, 14, 14, 14, 9, 7, 9, 8, 15], [14, 16, 16, 9, 14, 8, 10, 7, 14, 10, 7, 10], [9, 10, 17, 8, 9, 14, 7, 15, 12, 11, 8, 15], [6, 11, 19, 9, 9, 8, 11, 16, 7, 13, 13, 13], [8, 13, 15, 8, 12, 12, 12, 6, 12, 15, 10, 12], [13, 14, 11, 7, 10, 14, 14, 6, 12, 11, 7, 16], [15, 12, 12, 11, 10, 10, 10, 10, 10, 8, 9, 18], [12, 18, 9, 5, 7, 15, 11, 12, 16, 14, 4, 12], [14, 11, 10, 6, 12, 6, 14, 12, 10, 10, 14, 16], [7, 15, 8, 11, 12, 9, 11, 13, 13, 11, 8, 17], [12, 11, 19, 9, 16, 11, 11, 6, 4, 17, 6, 13]]",2026-03-08T11:15:15.520293
ssvep_nakanishi,BPE_Hist_RF,4096,2024,LOSO,0.08580246913580246,0.020472992533058024,0.07405864197530862,0.09814814814814815,0.08580246913580246,0.08175196039613367,0.0026936026936026985,0.5059296670407782,9,1620,9,"[[11, 10, 8, 12, 15, 5, 12, 13, 9, 11, 15, 14], [7, 12, 11, 15, 14, 14, 14, 9, 7, 9, 8, 15], [14, 16, 16, 9, 14, 8, 10, 7, 14, 10, 7, 10], [9, 10, 17, 8, 9, 14, 7, 15, 12, 11, 8, 15], [6, 11, 19, 9, 9, 8, 11, 16, 7, 13, 13, 13], [8, 13, 15, 8, 12, 12, 12, 6, 12, 15, 10, 12], [13, 14, 11, 7, 10, 14, 14, 6, 12, 11, 7, 16], [15, 12, 12, 11, 10, 10, 10, 10, 10, 8, 9, 18], [12, 18, 9, 5, 7, 15, 11, 12, 16, 14, 4, 12], [14, 11, 10, 6, 12, 6, 14, 12, 10, 10, 14, 16], [7, 15, 8, 11, 12, 9, 11, 13, 13, 11, 8, 17], [12, 11, 19, 9, 16, 11, 11, 6, 4, 17, 6, 13]]",2026-03-08T11:15:15.527293
ssvep_nakanishi,BPE_Windowed_LogReg,4096,42,LOSO,0.07530864197530865,0.01437092188496644,0.06665123456790123,0.08456790123456791,0.07530864197530865,0.06834524621597596,-0.008754208754208712,0.49008604564160113,9,1620,9,"[[15, 16, 8, 9, 3, 10, 14, 11, 8, 9, 18, 14], [17, 13, 17, 13, 8, 7, 9, 7, 11, 12, 13, 8], [15, 17, 12, 12, 5, 12, 8, 9, 8, 5, 11, 21], [15, 10, 17, 11, 9, 7, 12, 12, 20, 3, 13, 6], [13, 18, 17, 12, 10, 5, 9, 6, 12, 8, 10, 15], [17, 14, 17, 11, 5, 4, 15, 8, 14, 6, 8, 16], [15, 10, 9, 14, 6, 7, 13, 13, 11, 3, 16, 18], [14, 5, 17, 16, 9, 3, 8, 9, 17, 13, 11, 13], [15, 15, 15, 11, 13, 9, 10, 11, 2, 10, 11, 13], [21, 11, 13, 10, 15, 6, 6, 10, 10, 7, 11, 15], [12, 13, 12, 12, 4, 10, 15, 4, 9, 14, 11, 19], [13, 14, 17, 9, 5, 8, 15, 13, 5, 6, 15, 15]]",2026-03-08T11:15:25.728566
ssvep_nakanishi,BPE_Windowed_LogReg,4096,123,LOSO,0.07530864197530865,0.01437092188496644,0.06666666666666667,0.0858179012345679,0.07530864197530865,0.06837587769042414,-0.008754208754208712,0.49014590347923676,9,1620,9,"[[15, 16, 8, 9, 3, 10, 14, 11, 8, 9, 18, 14], [17, 13, 17, 13, 7, 7, 9, 7, 11, 12, 14, 8], [15, 17, 12, 12, 5, 12, 8, 9, 8, 5, 11, 21], [15, 10, 17, 11, 9, 7, 12, 12, 20, 3, 13, 6], [13, 18, 17, 12, 10, 5, 9, 6, 12, 8, 10, 15], [17, 14, 17, 11, 5, 4, 15, 8, 14, 6, 8, 16], [15, 10, 9, 14, 6, 7, 13, 13, 11, 3, 16, 18], [14, 5, 17, 16, 9, 3, 8, 9, 17, 13, 11, 13], [15, 15, 15, 11, 13, 9, 10, 11, 2, 10, 11, 13], [21, 11, 13, 10, 15, 6, 5, 10, 10, 7, 12, 15], [12, 13, 12, 12, 4, 10, 15, 4, 9, 14, 11, 19], [13, 14, 17, 9, 5, 8, 15, 13, 5, 6, 15, 15]]",2026-03-08T11:15:25.736079
ssvep_nakanishi,BPE_Windowed_LogReg,4096,456,LOSO,0.07530864197530865,0.01437092188496644,0.06666666666666667,0.08458333333333333,0.07530864197530865,0.06839317362702736,-0.008754208754208712,0.49009726898615785,9,1620,9,"[[15, 16, 8, 9, 3, 10, 14, 11, 8, 9, 18, 14], [17, 13, 17, 13, 7, 7, 9, 7, 10, 13, 14, 8], [15, 17, 12, 12, 5, 12, 8, 9, 8, 5, 11, 21], [15, 10, 17, 11, 9, 7, 12, 12, 20, 3, 13, 6], [13, 18, 17, 12, 10, 5, 9, 6, 12, 8, 10, 15], [17, 14, 17, 11, 5, 4, 15, 8, 14, 6, 8, 16], [15, 10, 9, 14, 6, 7, 13, 13, 11, 3, 16, 18], [14, 5, 17, 16, 9, 3, 8, 9, 17, 13, 11, 13], [16, 15, 15, 11, 13, 8, 10, 11, 2, 10, 11, 13], [21, 11, 13, 10, 15, 6, 6, 10, 10, 7, 11, 15], [12, 13, 12, 12, 4, 10, 15, 4, 9, 14, 11, 19], [13, 14, 17, 9, 5, 8, 15, 13, 5, 6, 15, 15]]",2026-03-08T11:15:25.743079
ssvep_nakanishi,BPE_Windowed_LogReg,4096,789,LOSO,0.07530864197530865,0.01437092188496644,0.06666666666666667,0.08580246913580246,0.07530864197530865,0.06828497829432219,-0.008754208754208712,0.49009726898615785,9,1620,9,"[[15, 16, 8, 9, 3, 10, 14, 11, 8, 9, 18, 14], [17, 13, 17, 13, 7, 7, 9, 7, 11, 12, 14, 8], [15, 17, 12, 12, 5, 12, 8, 9, 8, 5, 11, 21], [15, 11, 17, 11, 9, 7, 12, 12, 19, 3, 13, 6], [13, 18, 17, 12, 10, 5, 9, 6, 12, 8, 10, 15], [17, 14, 17, 11, 5, 4, 15, 8, 14, 6, 8, 16], [15, 10, 9, 14, 7, 7, 13, 13, 10, 3, 16, 18], [14, 5, 17, 16, 9, 3, 8, 9, 17, 13, 11, 13], [15, 15, 15, 11, 13, 9, 10, 11, 2, 10, 11, 13], [21, 11, 13, 10, 15, 6, 6, 10, 10, 7, 11, 15], [12, 13, 12, 12, 4, 10, 15, 4, 9, 14, 11, 19], [13, 14, 17, 9, 5, 8, 15, 13, 5, 6, 15, 15]]",2026-03-08T11:15:25.750579
ssvep_nakanishi,BPE_Windowed_LogReg,4096,2024,LOSO,0.07530864197530865,0.01437092188496644,0.06666666666666667,0.0851851851851852,0.07530864197530865,0.06833059040889983,-0.008754208754208712,0.49006734006734004,9,1620,9,"[[15, 16, 8, 9, 3, 10, 14, 11, 8, 9, 18, 14], [17, 13, 17, 13, 7, 7, 9, 7, 11, 12, 14, 8], [15, 17, 12, 12, 5, 12, 8, 9, 8, 5, 11, 21], [15, 11, 17, 11, 9, 7, 12, 12, 19, 3, 13, 6], [13, 18, 17, 12, 10, 5, 9, 6, 12, 8, 10, 15], [17, 14, 17, 11, 5, 4, 15, 8, 14, 6, 8, 16], [15, 10, 9, 14, 6, 7, 13, 13, 11, 3, 16, 18], [14, 5, 17, 16, 9, 3, 8, 9, 17, 13, 11, 13], [15, 15, 15, 11, 13, 9, 10, 11, 2, 10, 11, 13], [21, 11, 13, 10, 15, 6, 6, 10, 10, 7, 11, 15], [12, 13, 12, 12, 4, 10, 15, 4, 9, 14, 11, 19], [13, 14, 17, 9, 5, 8, 15, 13, 5, 6, 15, 15]]",2026-03-08T11:15:25.757578
ssvep_nakanishi,BPE_WindowedSeq_CNN,4096,42,LOSO,0.08395061728395063,0.0017459426695964162,0.08333333333333333,0.0851851851851852,0.08395061728395063,0.015287268977544545,0.000673400673400653,0.4926206509539843,9,1620,9,"[[15, 15, 3, 0, 0, 0, 15, 18, 15, 23, 16, 15], [15, 15, 3, 0, 0, 0, 15, 19, 15, 23, 15, 15], [15, 15, 3, 0, 0, 0, 15, 22, 15, 20, 15, 15], [15, 16, 1, 0, 0, 0, 15, 24, 15, 20, 14, 15], [15, 15, 4, 0, 0, 0, 15, 22, 15, 19, 15, 15], [15, 15, 4, 0, 0, 0, 15, 19, 15, 22, 15, 15], [15, 15, 5, 0, 0, 0, 15, 20, 15, 20, 15, 15], [15, 15, 6, 0, 0, 0, 16, 22, 15, 16, 15, 15], [15, 15, 5, 0, 0, 0, 15, 20, 15, 20, 15, 15], [15, 15, 4, 0, 0, 0, 15, 20, 15, 21, 15, 15], [15, 15, 6, 0, 0, 0, 15, 21, 15, 18, 15, 15], [15, 15, 4, 0, 0, 0, 16, 20, 15, 20, 15, 15]]",2026-03-08T11:15:31.851100
ssvep_nakanishi,BPE_WindowedSeq_CNN,4096,123,LOSO,0.08209876543209875,0.002309665053564159,0.08024691358024691,0.08333333333333333,0.08209876543209875,0.013824813416375419,-0.00134680134680138,0.4919173213617658,9,1620,9,"[[0, 0, 30, 15, 7, 0, 8, 30, 15, 30, 0, 0], [0, 0, 28, 15, 8, 0, 7, 30, 15, 30, 2, 0], [0, 0, 30, 15, 6, 0, 9, 30, 15, 30, 0, 0], [0, 0, 30, 15, 9, 0, 6, 30, 15, 30, 0, 0], [0, 0, 30, 15, 7, 0, 8, 30, 15, 30, 0, 0], [0, 0, 29, 15, 7, 0, 8, 30, 15, 30, 1, 0], [0, 0, 29, 15, 8, 0, 7, 30, 15, 30, 1, 0], [0, 0, 30, 15, 5, 0, 10, 29, 15, 30, 1, 0], [0, 0, 30, 15, 8, 0, 7, 30, 15, 30, 0, 0], [0, 0, 30, 15, 6, 0, 9, 30, 15, 30, 0, 0], [0, 0, 30, 15, 5, 0, 10, 29, 15, 31, 0, 0], [0, 0, 30, 15, 7, 0, 8, 30, 15, 30, 0, 0]]",2026-03-08T11:15:37.884277
ssvep_nakanishi,BPE_WindowedSeq_CNN,4096,456,LOSO,0.08456790123456791,0.003491885339192828,0.08333333333333333,0.08703703703703704,0.08456790123456791,0.01533802689332863,0.0013468013468013432,0.49446315001870556,9,1620,9,"[[0, 0, 15, 15, 0, 0, 0, 6, 15, 24, 30, 30], [0, 0, 15, 15, 0, 0, 0, 5, 15, 25, 30, 30], [0, 0, 15, 15, 0, 0, 0, 6, 15, 24, 30, 30], [0, 0, 15, 15, 0, 0, 0, 10, 15, 20, 30, 30], [0, 0, 15, 15, 0, 0, 0, 8, 15, 22, 30, 30], [0, 0, 15, 15, 0, 0, 0, 5, 15, 25, 30, 30], [0, 0, 15, 15, 0, 0, 1, 9, 15, 20, 30, 30], [0, 0, 15, 15, 0, 0, 0, 9, 15, 21, 30, 30], [0, 0, 15, 15, 0, 0, 0, 6, 15, 24, 30, 30], [0, 0, 15, 15, 0, 0, 0, 8, 15, 22, 30, 30], [0, 0, 15, 15, 0, 0, 1, 5, 15, 24, 30, 30], [0, 0, 15, 15, 0, 0, 0, 11, 15, 19, 30, 30]]",2026-03-08T11:15:44.038016
ssvep_nakanishi,BPE_WindowedSeq_CNN,4096,789,LOSO,0.08209876543209876,0.006295085819250352,0.07839506172839505,0.08580246913580247,0.08209876543209876,0.015898393267204665,-0.0013468013468013432,0.5007800224466891,9,1620,9,"[[24, 15, 15, 0, 2, 0, 0, 0, 0, 36, 43, 0], [28, 15, 15, 0, 1, 0, 2, 0, 0, 30, 44, 0], [24, 15, 15, 0, 2, 0, 1, 0, 0, 35, 43, 0], [26, 15, 15, 0, 1, 0, 2, 0, 0, 32, 44, 0], [24, 15, 15, 0, 3, 0, 1, 0, 0, 35, 42, 0], [24, 15, 15, 0, 2, 0, 3, 0, 0, 33, 43, 0], [24, 15, 15, 0, 6, 0, 2, 0, 0, 34, 39, 0], [24, 15, 15, 0, 3, 0, 2, 0, 0, 34, 42, 0], [22, 15, 15, 0, 2, 0, 3, 0, 0, 35, 43, 0], [26, 15, 15, 0, 2, 0, 0, 1, 0, 34, 42, 0], [25, 15, 15, 0, 5, 0, 3, 0, 0, 32, 40, 0], [26, 15, 15, 0, 3, 0, 1, 1, 0, 33, 41, 0]]",2026-03-08T11:15:49.867292
ssvep_nakanishi,BPE_WindowedSeq_CNN,4096,2024,LOSO,0.08086419753086418,0.005310077325334953,0.07716049382716049,0.08333333333333333,0.08086419753086418,0.013253277628993552,-0.002693602693602711,0.4816142910587355,9,1620,9,"[[0, 0, 15, 30, 15, 15, 16, 15, 0, 0, 0, 29], [0, 0, 15, 30, 15, 15, 17, 15, 0, 0, 0, 28], [0, 0, 15, 30, 15, 15, 17, 15, 0, 0, 0, 28], [0, 0, 15, 30, 15, 15, 17, 15, 0, 0, 0, 28], [0, 0, 15, 30, 15, 15, 18, 15, 0, 0, 0, 27], [0, 0, 15, 30, 15, 15, 17, 15, 0, 0, 0, 28], [0, 0, 15, 30, 15, 15, 17, 15, 0, 0, 0, 28], [0, 0, 15, 30, 15, 16, 18, 14, 0, 0, 0, 27], [0, 0, 15, 30, 15, 15, 19, 15, 0, 0, 0, 26], [0, 0, 15, 30, 15, 15, 15, 15, 0, 0, 0, 30], [0, 0, 15, 30, 15, 15, 19, 15, 0, 0, 0, 26], [0, 0, 15, 30, 15, 15, 20, 15, 0, 0, 0, 25]]",2026-03-08T11:15:55.633810
ssvep_nakanishi,BPE_Bigram_LogReg,4096,42,LOSO,0.08148148148148149,0.018885257457751055,0.06975308641975309,0.09444444444444444,0.08148148148148149,0.04618460563215666,-0.0020202020202020085,0.5076711560044893,9,1620,9,"[[6, 28, 44, 0, 6, 4, 0, 5, 22, 7, 8, 5], [4, 21, 57, 0, 4, 5, 0, 4, 25, 6, 5, 4], [3, 26, 52, 0, 3, 4, 0, 4, 24, 6, 5, 8], [6, 22, 54, 0, 3, 2, 1, 2, 25, 9, 5, 6], [8, 18, 57, 0, 3, 2, 0, 6, 22, 5, 5, 9], [8, 18, 49, 3, 1, 3, 0, 5, 20, 8, 12, 8], [9, 23, 44, 1, 3, 2, 1, 6, 20, 7, 9, 10], [10, 20, 46, 1, 1, 3, 1, 5, 24, 6, 9, 9], [7, 17, 42, 1, 7, 4, 1, 7, 19, 6, 17, 7], [15, 15, 44, 3, 4, 3, 2, 10, 19, 4, 7, 9], [4, 12, 52, 1, 3, 5, 0, 8, 25, 6, 11, 8], [6, 25, 44, 1, 6, 1, 1, 4, 28, 5, 7, 7]]",2026-03-08T11:16:06.029342
ssvep_nakanishi,BPE_Bigram_LogReg,4096,123,LOSO,0.08580246913580247,0.010833289367150768,0.07839506172839507,0.09320987654320988,0.08580246913580247,0.045168071339407104,0.0026936026936027232,0.5076842499064721,9,1620,9,"[[2, 21, 52, 0, 8, 5, 1, 6, 26, 5, 4, 5], [1, 21, 59, 0, 4, 2, 0, 7, 29, 4, 3, 5], [2, 24, 56, 0, 5, 3, 1, 4, 28, 5, 1, 6], [6, 24, 52, 0, 4, 1, 1, 5, 30, 5, 1, 6], [6, 18, 56, 0, 3, 2, 0, 7, 27, 2, 2, 12], [7, 19, 48, 2, 1, 2, 0, 8, 25, 8, 7, 8], [6, 26, 42, 1, 3, 1, 0, 8, 27, 5, 5, 11], [5, 20, 49, 1, 2, 2, 1, 9, 29, 6, 2, 9], [5, 14, 46, 1, 7, 3, 0, 10, 30, 6, 7, 6], [8, 14, 49, 3, 4, 2, 3, 12, 24, 3, 4, 9], [5, 12, 48, 1, 3, 3, 3, 11, 32, 2, 7, 8], [5, 26, 43, 1, 7, 1, 0, 7, 30, 6, 3, 6]]",2026-03-08T11:16:06.036842
ssvep_nakanishi,BPE_Bigram_LogReg,4096,456,LOSO,0.07962962962962963,0.01697250257391052,0.0678858024691358,0.09013888888888888,0.07962962962962962,0.043594381264535215,-0.004040404040404029,0.5076805087916199,9,1620,9,"[[3, 30, 43, 0, 5, 5, 1, 6, 24, 7, 3, 8], [1, 27, 55, 0, 3, 3, 1, 4, 22, 9, 3, 7], [1, 30, 51, 0, 3, 2, 2, 3, 21, 7, 4, 11], [6, 27, 48, 0, 2, 3, 3, 2, 22, 11, 2, 9], [7, 28, 46, 0, 2, 2, 1, 6, 21, 6, 3, 13], [7, 17, 50, 2, 1, 1, 2, 7, 21, 10, 5, 12], [6, 28, 42, 1, 2, 2, 2, 7, 18, 8, 6, 13], [4, 26, 44, 1, 1, 2, 2, 7, 26, 9, 1, 12], [6, 20, 41, 1, 7, 2, 0, 8, 18, 14, 9, 9], [12, 20, 43, 2, 4, 2, 4, 11, 18, 4, 5, 10], [4, 12, 51, 2, 2, 3, 5, 8, 26, 8, 4, 10], [4, 32, 40, 1, 6, 1, 0, 4, 23, 10, 4, 10]]",2026-03-08T11:16:06.044343
ssvep_nakanishi,BPE_Bigram_LogReg,4096,789,LOSO,0.0845679012345679,0.01452913863696274,0.07592592592592592,0.09507716049382715,0.0845679012345679,0.04538352633410617,0.0013468013468013555,0.5076505798728022,9,1620,9,"[[2, 33, 42, 0, 7, 4, 1, 7, 23, 7, 2, 7], [1, 34, 47, 0, 5, 3, 2, 4, 26, 5, 4, 4], [1, 36, 43, 0, 5, 2, 1, 3, 24, 4, 6, 10], [4, 37, 40, 0, 3, 1, 1, 1, 26, 7, 3, 12], [4, 28, 45, 1, 5, 2, 1, 7, 24, 3, 4, 11], [4, 27, 39, 1, 4, 3, 1, 7, 23, 5, 7, 14], [4, 31, 38, 1, 3, 1, 0, 6, 21, 4, 10, 16], [2, 28, 38, 2, 4, 2, 1, 7, 25, 6, 4, 16], [3, 24, 38, 1, 7, 3, 0, 9, 23, 7, 10, 10], [6, 24, 41, 3, 4, 2, 1, 12, 19, 4, 7, 12], [1, 18, 46, 1, 3, 3, 2, 11, 25, 2, 7, 16], [3, 36, 35, 1, 7, 2, 0, 4, 29, 3, 6, 9]]",2026-03-08T11:16:06.051342
ssvep_nakanishi,BPE_Bigram_LogReg,4096,2024,LOSO,0.0851851851851852,0.010143010324169744,0.07901234567901234,0.09197530864197531,0.0851851851851852,0.04791590725849367,0.002020202020201959,0.5076730265619154,9,1620,9,"[[4, 34, 40, 0, 7, 5, 2, 6, 19, 9, 4, 5], [6, 36, 42, 0, 4, 3, 1, 3, 22, 7, 6, 5], [3, 36, 45, 0, 5, 3, 2, 2, 19, 8, 6, 6], [6, 40, 36, 0, 3, 1, 2, 2, 24, 10, 5, 6], [7, 34, 40, 0, 4, 2, 1, 7, 21, 6, 3, 10], [7, 30, 39, 2, 1, 1, 1, 7, 22, 11, 7, 7], [7, 38, 31, 1, 3, 2, 1, 9, 19, 9, 6, 9], [10, 27, 43, 1, 2, 2, 1, 7, 22, 8, 4, 8], [6, 26, 36, 1, 6, 3, 0, 9, 21, 8, 14, 5], [15, 31, 29, 3, 4, 2, 3, 10, 18, 5, 7, 8], [5, 24, 39, 1, 3, 3, 2, 12, 27, 4, 8, 7], [5, 36, 33, 2, 6, 1, 0, 4, 28, 8, 6, 6]]",2026-03-08T11:16:06.058843
ssvep_nakanishi,BPE_Seq_CNN,4096,42,LOSO,0.08395061728395063,0.018784103771238195,0.0728395061728395,0.0962962962962963,0.08395061728395062,0.052598098895786954,0.00067340067340069,0.49946502057613174,9,1620,9,"[[2, 14, 10, 15, 13, 1, 12, 11, 5, 9, 22, 21], [4, 18, 10, 23, 12, 5, 12, 8, 5, 5, 21, 12], [4, 9, 9, 26, 17, 2, 5, 12, 5, 11, 21, 14], [1, 9, 9, 18, 18, 7, 12, 12, 5, 8, 20, 16], [5, 6, 7, 24, 16, 3, 9, 9, 4, 11, 21, 20], [0, 9, 12, 18, 16, 1, 11, 14, 9, 11, 18, 16], [2, 15, 8, 21, 20, 3, 6, 11, 5, 9, 19, 16], [1, 8, 6, 31, 10, 5, 12, 9, 5, 11, 22, 15], [1, 22, 8, 22, 10, 3, 9, 13, 4, 8, 20, 15], [6, 15, 6, 26, 9, 2, 9, 14, 6, 8, 16, 18], [4, 13, 9, 22, 12, 4, 8, 13, 6, 7, 28, 9], [4, 13, 12, 16, 15, 3, 13, 10, 8, 11, 13, 17]]",2026-03-08T11:16:10.229270
ssvep_nakanishi,BPE_Seq_CNN,4096,123,LOSO,0.07777777777777778,0.01924500897298753,0.06604938271604938,0.09012345679012346,0.07777777777777778,0.04845113954490252,-0.0060606060606060875,0.48150018705574266,9,1620,9,"[[17, 10, 14, 14, 5, 11, 19, 12, 5, 3, 16, 9], [17, 15, 16, 6, 6, 11, 12, 11, 3, 5, 26, 7], [14, 22, 14, 15, 5, 11, 10, 15, 3, 7, 12, 7], [11, 15, 7, 10, 11, 15, 14, 12, 8, 4, 15, 13], [25, 24, 13, 6, 6, 10, 10, 13, 6, 3, 12, 7], [18, 24, 15, 7, 5, 6, 9, 14, 5, 4, 19, 9], [11, 24, 18, 2, 4, 11, 18, 14, 4, 5, 14, 10], [18, 21, 16, 7, 3, 9, 16, 12, 5, 8, 10, 10], [19, 19, 11, 10, 7, 10, 9, 12, 6, 7, 14, 11], [20, 13, 21, 12, 7, 6, 12, 10, 5, 4, 18, 7], [21, 20, 14, 8, 12, 17, 8, 11, 5, 5, 9, 5], [20, 18, 9, 13, 10, 12, 9, 13, 2, 5, 15, 9]]",2026-03-08T11:16:12.345756
ssvep_nakanishi,BPE_Seq_CNN,4096,456,LOSO,0.08148148148148146,0.011415581486979588,0.07469135802469135,0.08828703703703702,0.08148148148148147,0.03678388517260895,-0.002020202020202033,0.5074934530490087,9,1620,9,"[[13, 4, 6, 19, 0, 8, 10, 14, 17, 15, 8, 21], [6, 5, 17, 21, 2, 13, 10, 11, 16, 8, 13, 13], [14, 4, 10, 19, 3, 12, 11, 14, 15, 11, 6, 16], [8, 6, 15, 19, 2, 10, 11, 10, 13, 10, 9, 22], [8, 7, 13, 21, 2, 12, 11, 10, 11, 15, 9, 16], [10, 8, 14, 20, 5, 11, 10, 15, 12, 7, 8, 15], [16, 6, 13, 19, 3, 9, 13, 13, 10, 12, 5, 16], [9, 3, 15, 18, 4, 10, 14, 11, 14, 14, 5, 18], [15, 3, 13, 23, 2, 9, 13, 8, 15, 13, 7, 14], [12, 13, 13, 20, 0, 12, 14, 13, 9, 9, 4, 16], [15, 5, 16, 19, 3, 10, 7, 10, 11, 11, 8, 20], [15, 6, 14, 20, 1, 8, 13, 9, 10, 13, 10, 16]]",2026-03-08T11:16:14.372264
ssvep_nakanishi,BPE_Seq_CNN,4096,789,LOSO,0.09382716049382717,0.01371982146351412,0.08580246913580247,0.10248456790123456,0.09382716049382717,0.05222463751836794,0.011447811447811436,0.5054002992891883,9,1620,9,"[[16, 7, 4, 4, 10, 39, 4, 13, 12, 8, 9, 9], [14, 7, 3, 7, 7, 28, 4, 23, 14, 12, 7, 9], [13, 6, 9, 8, 11, 34, 5, 21, 4, 8, 7, 9], [13, 9, 4, 5, 6, 30, 5, 19, 15, 5, 12, 12], [14, 11, 6, 7, 6, 33, 4, 23, 7, 7, 6, 11], [9, 11, 3, 10, 6, 34, 4, 15, 9, 7, 15, 12], [12, 7, 2, 2, 8, 34, 9, 22, 11, 6, 10, 12], [14, 6, 1, 4, 6, 36, 8, 19, 15, 8, 7, 11], [8, 11, 3, 7, 6, 39, 3, 20, 15, 7, 6, 10], [14, 6, 3, 7, 12, 24, 9, 17, 13, 10, 10, 10], [14, 10, 5, 4, 5, 33, 5, 22, 9, 7, 10, 11], [17, 7, 4, 3, 7, 31, 6, 19, 14, 7, 8, 12]]",2026-03-08T11:16:16.521251
ssvep_nakanishi,BPE_Seq_CNN,4096,2024,LOSO,0.08209876543209876,0.012770469670109386,0.0734567901234568,0.0895216049382716,0.08209876543209876,0.04103005389199811,-0.0013468013468013308,0.5020613542835766,9,1620,9,"[[13, 6, 26, 4, 11, 5, 8, 12, 15, 8, 8, 19], [13, 8, 21, 4, 7, 5, 11, 12, 19, 8, 10, 17], [17, 0, 23, 3, 13, 3, 7, 6, 18, 14, 11, 20], [17, 7, 21, 4, 6, 4, 8, 9, 18, 15, 9, 17], [14, 10, 17, 5, 9, 6, 9, 13, 20, 10, 10, 12], [11, 1, 22, 6, 15, 4, 9, 7, 19, 17, 12, 12], [12, 4, 18, 7, 12, 5, 7, 9, 19, 16, 12, 14], [10, 8, 29, 3, 15, 8, 7, 6, 19, 10, 8, 12], [12, 5, 20, 3, 6, 9, 11, 7, 16, 15, 16, 15], [12, 9, 22, 3, 10, 5, 13, 9, 18, 12, 11, 11], [11, 9, 16, 4, 15, 5, 8, 6, 20, 15, 15, 11], [18, 5, 26, 2, 11, 7, 9, 8, 17, 13, 3, 16]]",2026-03-08T11:16:18.287756
ssvep_nakanishi,BPE_Seq_Transformer,4096,42,LOSO,0.07592592592592591,0.017954369842282696,0.06481481481481481,0.08827160493827162,0.07592592592592592,0.03728957231462622,-0.008080808080808084,0.49821922933034035,9,1620,9,"[[20, 4, 1, 32, 11, 8, 10, 24, 6, 5, 10, 4], [21, 8, 1, 28, 13, 9, 7, 22, 9, 3, 7, 7], [14, 8, 1, 34, 17, 8, 7, 21, 6, 3, 9, 7], [17, 11, 1, 26, 14, 8, 13, 21, 7, 1, 5, 11], [26, 7, 0, 32, 14, 12, 5, 24, 3, 1, 4, 7], [19, 10, 1, 36, 11, 4, 6, 24, 5, 4, 8, 7], [21, 6, 0, 33, 8, 6, 7, 26, 2, 4, 9, 13], [16, 8, 1, 29, 15, 7, 13, 23, 4, 2, 6, 11], [17, 6, 2, 31, 18, 8, 8, 22, 3, 1, 13, 6], [28, 10, 0, 23, 13, 9, 9, 20, 9, 2, 6, 6], [21, 9, 0, 25, 17, 6, 8, 25, 4, 2, 8, 10], [11, 10, 1, 30, 14, 11, 9, 23, 4, 2, 13, 7]]",2026-03-08T11:16:48.340989
ssvep_nakanishi,BPE_Seq_Transformer,4096,123,LOSO,0.08703703703703704,0.01255987033912087,0.07962962962962962,0.09567901234567901,0.08703703703703704,0.03068986589339721,0.00404040404040398,0.5020650953984288,9,1620,9,"[[8, 0, 16, 7, 7, 6, 17, 21, 15, 22, 14, 2], [2, 0, 15, 6, 3, 8, 16, 31, 19, 25, 10, 0], [4, 0, 16, 7, 4, 9, 18, 27, 20, 18, 11, 1], [3, 0, 16, 9, 1, 11, 18, 32, 18, 19, 8, 0], [4, 0, 15, 7, 3, 10, 16, 32, 16, 19, 10, 3], [8, 0, 15, 4, 1, 10, 19, 34, 16, 20, 7, 1], [11, 0, 17, 7, 5, 9, 16, 29, 13, 15, 13, 0], [7, 0, 16, 6, 2, 9, 17, 36, 18, 15, 9, 0], [8, 0, 16, 8, 3, 9, 17, 32, 17, 16, 8, 1], [5, 0, 16, 5, 4, 10, 17, 37, 17, 16, 8, 0], [13, 0, 17, 8, 2, 9, 17, 37, 9, 12, 10, 1], [8, 0, 15, 6, 3, 10, 18, 29, 15, 18, 13, 0]]",2026-03-08T11:17:07.813424
ssvep_nakanishi,BPE_Seq_Transformer,4096,456,LOSO,0.07777777777777778,0.013094570021973104,0.06975308641975309,0.08580246913580247,0.07777777777777778,0.03236179459267439,-0.006060606060606062,0.49538346427235314,9,1620,9,"[[11, 1, 12, 19, 17, 7, 36, 12, 9, 4, 7, 0], [10, 1, 13, 16, 16, 9, 35, 17, 15, 1, 2, 0], [8, 1, 14, 19, 17, 7, 28, 19, 12, 3, 7, 0], [14, 0, 10, 13, 14, 9, 32, 18, 20, 1, 3, 1], [13, 2, 12, 17, 20, 9, 29, 17, 9, 2, 3, 2], [16, 1, 10, 20, 19, 4, 28, 18, 10, 3, 6, 0], [17, 2, 13, 13, 21, 11, 28, 15, 8, 1, 5, 1], [12, 2, 10, 16, 16, 8, 32, 18, 13, 2, 6, 0], [12, 0, 10, 23, 22, 6, 28, 15, 11, 4, 4, 0], [18, 1, 10, 18, 17, 7, 26, 19, 14, 2, 2, 1], [22, 0, 9, 15, 21, 11, 25, 18, 9, 1, 4, 0], [11, 0, 13, 22, 21, 11, 21, 17, 9, 2, 8, 0]]",2026-03-08T11:17:31.995899
ssvep_nakanishi,BPE_Seq_Transformer,4096,789,LOSO,0.08271604938271604,0.022747562682331208,0.06913580246913581,0.09814814814814815,0.08271604938271605,0.035345187908465414,-0.0006734006734007147,0.49973812196034423,9,1620,9,"[[25, 3, 18, 17, 3, 8, 13, 12, 16, 9, 11, 0], [19, 1, 24, 25, 7, 5, 13, 12, 13, 8, 8, 0], [17, 4, 20, 22, 7, 9, 18, 11, 13, 8, 6, 0], [19, 4, 27, 22, 7, 4, 14, 9, 14, 9, 6, 0], [24, 6, 26, 20, 6, 6, 11, 9, 11, 10, 6, 0], [18, 0, 19, 23, 2, 8, 16, 10, 16, 15, 8, 0], [24, 2, 22, 13, 4, 9, 18, 10, 16, 13, 4, 0], [24, 3, 26, 17, 6, 5, 15, 7, 17, 12, 1, 2], [22, 4, 18, 21, 7, 7, 12, 11, 16, 12, 4, 1], [20, 4, 21, 19, 11, 4, 18, 13, 13, 9, 3, 0], [29, 0, 24, 11, 5, 10, 13, 12, 16, 12, 1, 2], [24, 0, 23, 19, 6, 10, 11, 11, 15, 9, 6, 1]]",2026-03-08T11:17:53.104936
ssvep_nakanishi,BPE_Seq_Transformer,4096,2024,LOSO,0.0734567901234568,0.01866199562695182,0.0617283950617284,0.08580246913580247,0.07345679012345678,0.030043906601499623,-0.010774410774410695,0.48878039655817435,9,1620,9,"[[30, 8, 6, 54, 4, 3, 4, 0, 1, 3, 12, 10], [32, 2, 7, 59, 3, 3, 5, 0, 1, 1, 13, 9], [25, 10, 5, 62, 2, 2, 2, 0, 3, 3, 12, 9], [27, 5, 10, 55, 4, 3, 7, 0, 3, 0, 8, 13], [24, 9, 11, 50, 3, 2, 6, 1, 0, 2, 14, 13], [31, 6, 8, 57, 3, 0, 2, 1, 3, 2, 8, 14], [25, 7, 10, 49, 4, 0, 3, 0, 1, 3, 14, 19], [23, 8, 6, 55, 1, 2, 7, 0, 2, 1, 13, 17], [25, 9, 7, 56, 3, 0, 3, 1, 2, 2, 8, 19], [29, 7, 8, 54, 3, 1, 3, 2, 1, 0, 10, 17], [28, 7, 7, 54, 4, 2, 4, 4, 0, 1, 10, 14], [20, 7, 9, 58, 1, 4, 5, 1, 2, 2, 17, 9]]",2026-03-08T11:18:13.383135
ssvep_nakanishi,BPE_Seq_CW_Transformer,4096,42,LOSO,0.07901234567901233,0.011646890286489636,0.07098765432098765,0.08641975308641975,0.07901234567901233,0.03223579267982654,-0.004713804713804757,0.4998765432098765,9,1620,9,"[[0, 3, 1, 28, 23, 12, 0, 2, 12, 10, 32, 12], [0, 0, 1, 30, 19, 14, 0, 9, 11, 6, 34, 11], [0, 5, 1, 32, 19, 12, 0, 3, 15, 8, 32, 8], [0, 2, 2, 34, 23, 15, 0, 9, 12, 7, 25, 6], [1, 4, 0, 29, 22, 18, 0, 7, 10, 7, 27, 10], [0, 2, 1, 41, 23, 12, 0, 9, 7, 5, 26, 9], [0, 2, 0, 31, 27, 13, 2, 5, 11, 11, 26, 7], [0, 2, 1, 33, 20, 13, 0, 8, 7, 13, 29, 9], [0, 1, 4, 33, 21, 17, 0, 6, 8, 7, 29, 9], [0, 3, 0, 30, 18, 17, 0, 10, 15, 6, 24, 12], [0, 1, 0, 30, 24, 16, 0, 5, 5, 17, 24, 13], [0, 1, 1, 29, 24, 14, 1, 8, 10, 12, 24, 11]]",2026-03-08T11:26:17.365823
ssvep_nakanishi,BPE_Seq_CW_Transformer,4096,123,LOSO,0.08086419753086418,0.00872971334798207,0.07530864197530865,0.08641975308641975,0.08086419753086418,0.03203763901522526,-0.0026936026936026617,0.5001084923307145,9,1620,9,"[[3, 14, 5, 27, 29, 1, 12, 6, 5, 2, 16, 15], [1, 14, 3, 21, 32, 0, 11, 10, 7, 2, 20, 14], [2, 10, 5, 29, 29, 0, 11, 10, 7, 5, 12, 15], [0, 13, 6, 24, 36, 0, 10, 9, 9, 3, 14, 11], [1, 13, 2, 36, 29, 1, 13, 10, 6, 2, 7, 15], [6, 14, 3, 28, 28, 1, 13, 11, 8, 2, 11, 10], [2, 15, 4, 26, 34, 0, 11, 6, 6, 1, 13, 17], [4, 13, 3, 29, 31, 1, 12, 11, 5, 2, 10, 14], [3, 14, 4, 27, 30, 1, 13, 8, 8, 3, 11, 13], [2, 14, 3, 31, 31, 0, 10, 8, 6, 1, 13, 16], [4, 14, 1, 25, 29, 0, 12, 10, 10, 1, 9, 20], [5, 11, 0, 33, 27, 1, 12, 10, 8, 5, 8, 15]]",2026-03-08T11:34:33.819212
ssvep_nakanishi,BPE_Seq_CW_Transformer,4096,456,LOSO,0.08703703703703704,0.012001371663718261,0.07901234567901233,0.09444444444444444,0.08703703703703704,0.03227686818766916,0.004040404040404054,0.505727646838758,9,1620,9,"[[2, 0, 2, 20, 25, 0, 47, 0, 12, 15, 12, 0], [3, 0, 7, 25, 27, 0, 44, 0, 7, 17, 5, 0], [3, 0, 4, 27, 27, 1, 42, 0, 10, 12, 9, 0], [3, 0, 5, 29, 23, 0, 39, 1, 11, 16, 8, 0], [3, 0, 2, 21, 24, 0, 52, 0, 13, 16, 4, 0], [1, 0, 5, 28, 24, 0, 43, 1, 7, 13, 11, 2], [0, 0, 5, 25, 23, 1, 48, 0, 10, 14, 8, 1], [3, 0, 6, 25, 22, 0, 45, 0, 13, 13, 8, 0], [4, 0, 2, 28, 28, 1, 44, 0, 9, 10, 8, 1], [5, 0, 4, 28, 29, 1, 38, 0, 9, 11, 10, 0], [3, 0, 6, 24, 20, 1, 43, 0, 11, 14, 12, 1], [5, 0, 3, 21, 24, 2, 48, 0, 11, 15, 4, 2]]",2026-03-08T11:42:44.678555
ssvep_nakanishi,BPE_Seq_CW_Transformer,4096,789,LOSO,0.09753086419753085,0.01285967077530843,0.0882716049382716,0.10493827160493828,0.09753086419753085,0.03992308594035691,0.015488215488215488,0.5092779648335204,9,1620,9,"[[5, 0, 7, 16, 26, 6, 25, 3, 12, 13, 22, 0], [1, 0, 9, 12, 32, 6, 26, 2, 12, 11, 22, 2], [2, 1, 9, 17, 25, 6, 23, 6, 14, 17, 13, 2], [0, 1, 13, 15, 26, 6, 16, 3, 18, 14, 22, 1], [0, 0, 7, 20, 30, 8, 23, 2, 16, 13, 15, 1], [3, 1, 5, 12, 29, 8, 15, 4, 17, 19, 21, 1], [1, 0, 6, 13, 24, 8, 31, 7, 14, 14, 16, 1], [1, 0, 6, 15, 30, 9, 15, 7, 21, 15, 16, 0], [2, 0, 9, 14, 31, 6, 19, 7, 17, 9, 19, 2], [2, 0, 8, 12, 32, 5, 19, 5, 16, 11, 23, 2], [2, 1, 7, 14, 24, 6, 16, 10, 19, 12, 23, 1], [4, 0, 7, 18, 33, 6, 19, 8, 15, 10, 13, 2]]",2026-03-08T11:50:46.277293
ssvep_nakanishi,BPE_Seq_CW_Transformer,4096,2024,LOSO,0.09074074074074073,0.014344382763731173,0.08209876543209876,0.1,0.09074074074074073,0.03458643447823209,0.008080808080808034,0.49898615787504674,9,1620,9,"[[10, 2, 3, 11, 18, 8, 10, 26, 16, 2, 19, 10], [20, 0, 2, 3, 14, 11, 13, 34, 13, 0, 13, 12], [14, 4, 1, 7, 19, 9, 13, 28, 14, 0, 15, 11], [16, 1, 2, 11, 14, 10, 11, 32, 14, 0, 13, 11], [11, 0, 2, 9, 28, 8, 6, 30, 13, 1, 14, 13], [15, 2, 2, 6, 17, 12, 11, 24, 12, 0, 20, 14], [14, 1, 4, 9, 23, 7, 11, 24, 13, 0, 17, 12], [13, 1, 1, 9, 21, 6, 14, 29, 14, 1, 15, 11], [16, 0, 4, 7, 18, 8, 10, 29, 15, 2, 12, 14], [14, 0, 3, 8, 18, 11, 8, 37, 14, 1, 8, 13], [14, 0, 3, 5, 22, 8, 13, 31, 12, 0, 14, 13], [10, 0, 4, 3, 25, 6, 9, 33, 13, 0, 17, 15]]",2026-03-08T11:59:17.603721
ssvep_nakanishi,EEGNet,4096,42,LOSO,0.08333333333333333,0.002618914004394621,0.08148148148148147,0.0851851851851852,0.08333333333333333,0.01461955526935502,-2.4671622769447922e-17,0.5038757949869062,9,1620,9,"[[15, 28, 15, 0, 15, 15, 2, 4, 15, 0, 26, 0], [15, 28, 15, 0, 15, 15, 2, 4, 15, 0, 26, 0], [15, 28, 15, 0, 15, 15, 2, 4, 15, 0, 26, 0], [15, 29, 15, 0, 15, 15, 1, 4, 15, 0, 26, 0], [15, 29, 15, 0, 15, 15, 1, 4, 15, 0, 26, 0], [15, 28, 15, 0, 15, 15, 2, 4, 15, 0, 26, 0], [15, 29, 15, 0, 15, 15, 1, 3, 15, 0, 27, 0], [15, 29, 15, 0, 15, 15, 1, 4, 15, 0, 26, 0], [15, 29, 15, 0, 15, 15, 1, 4, 15, 0, 26, 0], [15, 29, 15, 0, 15, 15, 1, 4, 15, 0, 26, 0], [15, 29, 15, 0, 15, 15, 1, 3, 15, 0, 27, 0], [15, 29, 15, 0, 15, 15, 1, 4, 15, 0, 26, 0]]",2026-03-08T12:00:01.966821
ssvep_nakanishi,EEGNet,4096,123,LOSO,0.08209876543209876,0.004364856673991036,0.07901234567901233,0.08456790123456791,0.08209876543209876,0.017143271686453902,-0.001346801346801306,0.4997755331088664,9,1620,9,"[[0, 3, 5, 0, 27, 37, 3, 0, 0, 16, 22, 22], [0, 3, 5, 0, 27, 37, 2, 0, 0, 15, 23, 23], [0, 3, 4, 0, 27, 38, 2, 0, 0, 15, 22, 24], [0, 3, 5, 0, 27, 37, 3, 0, 0, 15, 23, 22], [0, 3, 4, 0, 27, 37, 2, 0, 0, 15, 23, 24], [0, 3, 4, 0, 27, 36, 2, 0, 0, 16, 23, 24], [0, 3, 5, 0, 27, 37, 3, 0, 0, 17, 21, 22], [0, 3, 6, 0, 27, 35, 2, 0, 0, 17, 23, 22], [0, 3, 4, 0, 27, 37, 2, 0, 0, 15, 23, 24], [0, 4, 6, 0, 26, 38, 3, 0, 0, 15, 22, 21], [0, 4, 5, 0, 26, 36, 2, 0, 0, 16, 23, 23], [0, 4, 6, 0, 26, 37, 2, 0, 0, 16, 22, 22]]",2026-03-08T12:00:01.973821
ssvep_nakanishi,EEGNet,4096,456,LOSO,0.08456790123456791,0.003491885339192828,0.08333333333333333,0.08703703703703704,0.08456790123456791,0.021341182938143317,0.0013468013468013185,0.4985503179947625,9,1620,9,"[[6, 0, 0, 28, 9, 13, 21, 9, 15, 0, 13, 21], [6, 0, 0, 29, 10, 14, 20, 9, 15, 0, 12, 20], [6, 0, 0, 29, 11, 14, 20, 8, 15, 0, 13, 19], [6, 0, 0, 29, 11, 13, 20, 8, 16, 0, 14, 18], [6, 0, 0, 29, 10, 13, 19, 9, 16, 0, 14, 19], [6, 0, 0, 29, 11, 14, 18, 9, 16, 0, 14, 18], [6, 0, 0, 29, 10, 13, 20, 9, 15, 0, 13, 20], [6, 0, 0, 29, 10, 14, 19, 9, 16, 0, 13, 19], [6, 0, 0, 29, 10, 13, 18, 9, 16, 0, 15, 19], [6, 0, 0, 29, 9, 14, 22, 9, 15, 0, 10, 21], [6, 0, 0, 29, 10, 13, 21, 9, 15, 0, 12, 20], [6, 0, 0, 29, 9, 13, 21, 9, 15, 0, 12, 21]]",2026-03-08T12:00:01.980820
ssvep_nakanishi,EEGNet,4096,789,LOSO,0.08271604938271604,0.0017459426695964118,0.08148148148148146,0.08333333333333333,0.08271604938271604,0.012768151389533265,-0.0006734006734006778,0.49857837635615415,9,1620,9,"[[0, 15, 15, 15, 0, 15, 0, 0, 15, 0, 15, 45], [0, 15, 15, 15, 0, 15, 0, 0, 15, 0, 15, 45], [0, 15, 15, 15, 0, 15, 0, 0, 15, 0, 15, 45], [0, 15, 15, 15, 0, 15, 0, 0, 15, 0, 15, 45], [0, 15, 15, 15, 0, 15, 0, 0, 15, 0, 15, 45], [0, 15, 15, 15, 0, 15, 0, 0, 15, 0, 15, 45], [1, 15, 15, 15, 0, 15, 0, 0, 14, 0, 15, 45], [0, 15, 15, 15, 0, 15, 0, 0, 15, 0, 15, 45], [2, 15, 15, 15, 0, 15, 0, 0, 14, 0, 14, 45], [1, 15, 15, 15, 0, 15, 0, 0, 14, 0, 15, 45], [1, 15, 15, 15, 0, 15, 0, 0, 14, 0, 15, 45], [1, 15, 15, 15, 0, 15, 0, 0, 15, 0, 14, 45]]",2026-03-08T12:00:01.987820
ssvep_nakanishi,EEGNet,4096,2024,LOSO,0.08333333333333333,0.0,0.08333333333333333,0.08333333333333333,0.08333333333333333,0.015492043991513771,2.4671622769447922e-17,0.5022876917321362,9,1620,9,"[[0, 5, 16, 0, 0, 31, 15, 15, 0, 15, 29, 9], [0, 5, 16, 0, 0, 31, 15, 15, 0, 15, 29, 9], [0, 5, 16, 0, 0, 31, 15, 15, 0, 15, 29, 9], [0, 5, 16, 0, 0, 31, 15, 15, 0, 15, 29, 9], [1, 4, 16, 0, 0, 31, 15, 15, 0, 15, 29, 9], [0, 5, 16, 0, 0, 31, 15, 15, 0, 15, 29, 9], [0, 6, 16, 0, 0, 30, 15, 15, 0, 15, 29, 9], [0, 6, 16, 0, 0, 30, 15, 15, 0, 15, 29, 9], [0, 5, 16, 0, 0, 31, 15, 15, 0, 15, 29, 9], [1, 5, 15, 0, 0, 30, 15, 15, 0, 15, 30, 9], [1, 5, 16, 0, 0, 30, 15, 15, 0, 15, 29, 9], [0, 6, 16, 0, 0, 30, 15, 15, 0, 15, 29, 9]]",2026-03-08T12:00:01.995320
ssvep_nakanishi,Patching_LogReg,4096,42,LOSO,0.08271604938271605,0.013719821463514114,0.07469135802469136,0.0919753086419753,0.08271604938271605,0.03309440238525426,-0.0006734006734006284,0.49518144407033293,9,1620,9,"[[26, 2, 29, 3, 0, 11, 15, 2, 0, 25, 3, 19], [21, 4, 32, 3, 0, 12, 10, 6, 0, 22, 3, 22], [27, 8, 25, 3, 0, 10, 8, 6, 0, 27, 0, 21], [26, 2, 31, 4, 0, 15, 10, 4, 0, 16, 1, 26], [23, 5, 26, 2, 0, 12, 7, 5, 0, 26, 2, 27], [25, 4, 28, 4, 0, 9, 9, 7, 0, 19, 4, 26], [22, 7, 26, 2, 0, 13, 10, 3, 0, 20, 6, 26], [23, 4, 30, 3, 0, 10, 8, 3, 0, 22, 6, 26], [25, 7, 26, 2, 0, 12, 6, 9, 0, 18, 3, 27], [21, 5, 30, 2, 0, 6, 9, 5, 0, 26, 6, 25], [24, 8, 25, 2, 0, 11, 12, 2, 0, 24, 2, 25], [22, 6, 25, 2, 0, 9, 10, 6, 0, 25, 5, 25]]",2026-03-08T12:01:50.137092
ssvep_nakanishi,Patching_LogReg,4096,123,LOSO,0.08271604938271605,0.013719821463514114,0.07467592592592591,0.09135802469135804,0.08271604938271605,0.03315225614524055,-0.0006734006734006284,0.4950916573138795,9,1620,9,"[[26, 2, 29, 3, 0, 11, 15, 2, 0, 25, 3, 19], [21, 4, 32, 3, 0, 12, 11, 6, 0, 22, 2, 22], [27, 8, 25, 3, 0, 10, 8, 6, 0, 27, 0, 21], [26, 3, 31, 4, 0, 14, 10, 4, 0, 16, 1, 26], [23, 5, 26, 2, 0, 12, 7, 5, 0, 26, 2, 27], [25, 4, 28, 4, 0, 9, 9, 7, 0, 19, 4, 26], [22, 7, 26, 2, 0, 13, 10, 3, 0, 20, 6, 26], [23, 3, 31, 3, 0, 10, 8, 3, 0, 22, 6, 26], [25, 7, 26, 2, 0, 12, 6, 9, 0, 18, 3, 27], [21, 5, 30, 2, 0, 6, 10, 5, 0, 26, 5, 25], [24, 8, 25, 2, 0, 11, 12, 2, 0, 24, 2, 25], [22, 6, 25, 2, 0, 9, 10, 6, 0, 25, 5, 25]]",2026-03-08T12:01:50.144591
ssvep_nakanishi,Patching_LogReg,4096,456,LOSO,0.08271604938271605,0.013719821463514114,0.0734567901234568,0.09197530864197531,0.08271604938271605,0.03311024022120534,-0.0006734006734006284,0.49514403292181064,9,1620,9,"[[26, 2, 29, 3, 0, 11, 15, 2, 0, 25, 3, 19], [21, 4, 32, 3, 0, 12, 10, 6, 0, 22, 3, 22], [27, 8, 25, 3, 0, 10, 8, 6, 0, 27, 0, 21], [26, 3, 31, 4, 0, 14, 10, 4, 0, 16, 1, 26], [23, 5, 26, 2, 0, 12, 7, 5, 0, 26, 2, 27], [25, 4, 28, 4, 0, 9, 9, 7, 0, 19, 4, 26], [22, 7, 26, 2, 0, 13, 10, 3, 0, 20, 6, 26], [23, 3, 31, 3, 0, 10, 8, 3, 0, 22, 6, 26], [25, 7, 26, 2, 0, 12, 6, 9, 0, 18, 3, 27], [21, 5, 30, 2, 0, 6, 9, 5, 0, 26, 6, 25], [24, 8, 25, 2, 0, 11, 12, 2, 0, 24, 2, 25], [22, 6, 25, 2, 0, 9, 10, 6, 0, 25, 5, 25]]",2026-03-08T12:01:50.152091
ssvep_nakanishi,Patching_LogReg,4096,789,LOSO,0.08209876543209876,0.01355215950623466,0.0734567901234568,0.09074074074074073,0.08209876543209876,0.032835868634609265,-0.001346801346801306,0.4951552562663673,9,1620,9,"[[26, 2, 29, 3, 0, 11, 15, 2, 0, 25, 3, 19], [21, 4, 32, 3, 0, 11, 10, 7, 0, 22, 3, 22], [27, 8, 25, 3, 0, 10, 8, 6, 0, 27, 0, 21], [26, 3, 31, 4, 0, 14, 10, 4, 0, 16, 1, 26], [22, 5, 27, 2, 0, 12, 7, 5, 0, 26, 2, 27], [25, 4, 28, 4, 0, 9, 9, 7, 0, 19, 4, 26], [22, 7, 26, 2, 0, 13, 10, 3, 0, 20, 6, 26], [23, 4, 30, 3, 0, 10, 9, 2, 0, 22, 6, 26], [25, 7, 26, 2, 0, 12, 6, 9, 0, 18, 3, 27], [21, 5, 30, 2, 0, 6, 9, 5, 0, 26, 6, 25], [24, 8, 25, 2, 0, 11, 12, 2, 0, 24, 2, 25], [22, 6, 25, 2, 0, 9, 10, 6, 0, 25, 5, 25]]",2026-03-08T12:01:50.159091
ssvep_nakanishi,Patching_LogReg,4096,2024,LOSO,0.08271604938271605,0.013719821463514114,0.07407407407407407,0.0919753086419753,0.08271604938271605,0.03315604210676349,-0.0006734006734006161,0.4952263374485597,9,1620,9,"[[26, 2, 29, 3, 0, 11, 15, 2, 0, 25, 3, 19], [21, 4, 32, 3, 0, 11, 10, 8, 0, 22, 2, 22], [27, 8, 25, 3, 0, 10, 8, 6, 0, 27, 0, 21], [26, 3, 31, 4, 0, 14, 10, 4, 0, 16, 1, 26], [23, 5, 26, 2, 0, 12, 7, 5, 0, 26, 2, 27], [25, 4, 28, 4, 0, 9, 9, 7, 0, 19, 4, 26], [22, 7, 26, 2, 0, 13, 10, 3, 0, 20, 6, 26], [23, 3, 31, 3, 0, 10, 8, 3, 0, 23, 5, 26], [25, 7, 26, 2, 0, 12, 6, 9, 0, 18, 3, 27], [21, 5, 30, 2, 0, 6, 9, 5, 0, 26, 6, 25], [24, 8, 25, 2, 0, 11, 12, 2, 0, 24, 2, 25], [22, 6, 25, 2, 0, 9, 10, 6, 0, 25, 5, 25]]",2026-03-08T12:01:50.166590
ssvep_nakanishi,VQ_LogReg,4096,42,LOSO,0.08456790123456791,0.004364856673991034,0.08209876543209876,0.08765432098765431,0.08456790123456791,0.021111705065535256,0.0013468013468013432,0.5026150392817059,9,1620,9,"[[35, 1, 18, 0, 9, 0, 8, 0, 2, 30, 3, 29], [36, 1, 23, 0, 9, 2, 7, 0, 0, 30, 2, 25], [34, 1, 22, 0, 10, 0, 8, 0, 0, 30, 3, 27], [35, 3, 18, 0, 12, 1, 6, 0, 3, 30, 2, 25], [35, 1, 21, 0, 10, 1, 7, 0, 2, 31, 2, 25], [36, 3, 21, 0, 9, 1, 7, 0, 1, 30, 2, 25], [35, 2, 19, 0, 10, 0, 9, 0, 2, 30, 2, 26], [35, 1, 22, 0, 10, 0, 8, 0, 1, 30, 2, 26], [37, 1, 21, 0, 8, 1, 9, 0, 2, 30, 1, 25], [35, 1, 20, 0, 10, 0, 10, 0, 3, 30, 2, 24], [35, 1, 20, 0, 10, 0, 9, 0, 2, 30, 2, 26], [36, 2, 20, 0, 8, 0, 10, 0, 3, 30, 1, 25]]",2026-03-08T12:02:06.835085
ssvep_nakanishi,VQ_LogReg,4096,123,LOSO,0.08456790123456791,0.004364856673991034,0.08209876543209876,0.08765432098765431,0.08456790123456791,0.021111705065535256,0.0013468013468013432,0.5026150392817059,9,1620,9,"[[35, 1, 18, 0, 9, 0, 8, 0, 2, 30, 3, 29], [36, 1, 23, 0, 9, 2, 7, 0, 0, 30, 2, 25], [34, 1, 22, 0, 10, 0, 8, 0, 0, 30, 3, 27], [35, 3, 18, 0, 12, 1, 6, 0, 3, 30, 2, 25], [35, 1, 21, 0, 10, 1, 7, 0, 2, 31, 2, 25], [36, 3, 21, 0, 9, 1, 7, 0, 1, 30, 2, 25], [35, 2, 19, 0, 10, 0, 9, 0, 2, 30, 2, 26], [35, 1, 22, 0, 10, 0, 8, 0, 1, 30, 2, 26], [37, 1, 21, 0, 8, 1, 9, 0, 2, 30, 1, 25], [35, 1, 20, 0, 10, 0, 10, 0, 3, 30, 2, 24], [35, 1, 20, 0, 10, 0, 9, 0, 2, 30, 2, 26], [36, 2, 20, 0, 8, 0, 10, 0, 3, 30, 1, 25]]",2026-03-08T12:02:06.842585
ssvep_nakanishi,VQ_LogReg,4096,456,LOSO,0.08456790123456791,0.004364856673991034,0.08209876543209876,0.08765432098765431,0.08456790123456791,0.021111705065535256,0.0013468013468013432,0.5026150392817059,9,1620,9,"[[35, 1, 18, 0, 9, 0, 8, 0, 2, 30, 3, 29], [36, 1, 23, 0, 9, 2, 7, 0, 0, 30, 2, 25], [34, 1, 22, 0, 10, 0, 8, 0, 0, 30, 3, 27], [35, 3, 18, 0, 12, 1, 6, 0, 3, 30, 2, 25], [35, 1, 21, 0, 10, 1, 7, 0, 2, 31, 2, 25], [36, 3, 21, 0, 9, 1, 7, 0, 1, 30, 2, 25], [35, 2, 19, 0, 10, 0, 9, 0, 2, 30, 2, 26], [35, 1, 22, 0, 10, 0, 8, 0, 1, 30, 2, 26], [37, 1, 21, 0, 8, 1, 9, 0, 2, 30, 1, 25], [35, 1, 20, 0, 10, 0, 10, 0, 3, 30, 2, 24], [35, 1, 20, 0, 10, 0, 9, 0, 2, 30, 2, 26], [36, 2, 20, 0, 8, 0, 10, 0, 3, 30, 1, 25]]",2026-03-08T12:02:06.850084
ssvep_nakanishi,VQ_LogReg,4096,789,LOSO,0.08456790123456791,0.004364856673991034,0.08209876543209875,0.08765432098765431,0.08456790123456791,0.021111705065535256,0.0013468013468013432,0.5026150392817059,9,1620,9,"[[35, 1, 18, 0, 9, 0, 8, 0, 2, 30, 3, 29], [36, 1, 23, 0, 9, 2, 7, 0, 0, 30, 2, 25], [34, 1, 22, 0, 10, 0, 8, 0, 0, 30, 3, 27], [35, 3, 18, 0, 12, 1, 6, 0, 3, 30, 2, 25], [35, 1, 21, 0, 10, 1, 7, 0, 2, 31, 2, 25], [36, 3, 21, 0, 9, 1, 7, 0, 1, 30, 2, 25], [35, 2, 19, 0, 10, 0, 9, 0, 2, 30, 2, 26], [35, 1, 22, 0, 10, 0, 8, 0, 1, 30, 2, 26], [37, 1, 21, 0, 8, 1, 9, 0, 2, 30, 1, 25], [35, 1, 20, 0, 10, 0, 10, 0, 3, 30, 2, 24], [35, 1, 20, 0, 10, 0, 9, 0, 2, 30, 2, 26], [36, 2, 20, 0, 8, 0, 10, 0, 3, 30, 1, 25]]",2026-03-08T12:02:06.857085
ssvep_nakanishi,VQ_LogReg,4096,2024,LOSO,0.08456790123456791,0.004364856673991034,0.08209876543209876,0.08765432098765431,0.08456790123456791,0.021111705065535256,0.0013468013468013432,0.5026150392817059,9,1620,9,"[[35, 1, 18, 0, 9, 0, 8, 0, 2, 30, 3, 29], [36, 1, 23, 0, 9, 2, 7, 0, 0, 30, 2, 25], [34, 1, 22, 0, 10, 0, 8, 0, 0, 30, 3, 27], [35, 3, 18, 0, 12, 1, 6, 0, 3, 30, 2, 25], [35, 1, 21, 0, 10, 1, 7, 0, 2, 31, 2, 25], [36, 3, 21, 0, 9, 1, 7, 0, 1, 30, 2, 25], [35, 2, 19, 0, 10, 0, 9, 0, 2, 30, 2, 26], [35, 1, 22, 0, 10, 0, 8, 0, 1, 30, 2, 26], [37, 1, 21, 0, 8, 1, 9, 0, 2, 30, 1, 25], [35, 1, 20, 0, 10, 0, 10, 0, 3, 30, 2, 24], [35, 1, 20, 0, 10, 0, 9, 0, 2, 30, 2, 26], [36, 2, 20, 0, 8, 0, 10, 0, 3, 30, 1, 25]]",2026-03-08T12:02:06.864584
ssvep_nakanishi,Chronos_Binning,4096,42,LOSO,0.06851851851851852,0.018144368465060578,0.05677469135802469,0.07962962962962963,0.06851851851851852,0.056641651189072904,-0.01616161616161613,0.489768050879162,9,1620,9,"[[2, 12, 11, 5, 23, 11, 17, 12, 1, 21, 13, 7], [0, 11, 11, 5, 14, 8, 18, 15, 6, 20, 21, 6], [3, 6, 10, 7, 17, 13, 11, 17, 6, 25, 14, 6], [4, 7, 11, 6, 17, 8, 16, 14, 4, 21, 20, 7], [8, 14, 12, 6, 20, 8, 11, 11, 4, 15, 17, 9], [5, 13, 11, 7, 15, 6, 18, 15, 8, 14, 16, 7], [5, 16, 8, 6, 14, 5, 11, 22, 4, 17, 15, 12], [5, 13, 10, 2, 16, 5, 20, 13, 3, 29, 14, 5], [8, 10, 10, 3, 20, 10, 14, 19, 4, 14, 17, 6], [8, 6, 9, 7, 17, 6, 22, 23, 4, 14, 16, 3], [6, 11, 9, 8, 17, 12, 18, 15, 2, 16, 10, 11], [4, 14, 6, 7, 21, 4, 22, 17, 6, 18, 12, 4]]",2026-03-08T12:02:32.935131
ssvep_nakanishi,Chronos_Binning,4096,123,LOSO,0.06851851851851852,0.018144368465060578,0.056172839506172835,0.07964506172839506,0.06851851851851852,0.056641651189072904,-0.01616161616161613,0.4897792742237187,9,1620,9,"[[2, 12, 11, 5, 23, 11, 17, 12, 1, 21, 13, 7], [0, 11, 11, 5, 14, 8, 18, 15, 6, 20, 21, 6], [3, 6, 10, 7, 17, 13, 11, 17, 6, 25, 14, 6], [4, 7, 11, 6, 17, 8, 16, 14, 4, 21, 20, 7], [8, 14, 12, 6, 20, 8, 11, 11, 4, 15, 17, 9], [5, 13, 11, 7, 15, 6, 18, 15, 8, 14, 16, 7], [5, 16, 8, 6, 14, 5, 11, 22, 4, 17, 15, 12], [5, 13, 10, 2, 16, 5, 20, 13, 3, 29, 14, 5], [8, 10, 10, 3, 20, 10, 14, 19, 4, 14, 17, 6], [8, 6, 9, 7, 17, 6, 22, 23, 4, 14, 16, 3], [6, 11, 9, 8, 17, 12, 18, 15, 2, 16, 10, 11], [4, 14, 6, 7, 21, 4, 22, 17, 6, 18, 12, 4]]",2026-03-08T12:02:32.942131
ssvep_nakanishi,Chronos_Binning,4096,456,LOSO,0.06851851851851852,0.018144368465060578,0.05679012345679012,0.08024691358024691,0.06851851851851852,0.056641651189072904,-0.01616161616161613,0.489768050879162,9,1620,9,"[[2, 12, 11, 5, 23, 11, 17, 12, 1, 21, 13, 7], [0, 11, 11, 5, 14, 8, 18, 15, 6, 20, 21, 6], [3, 6, 10, 7, 17, 13, 11, 17, 6, 25, 14, 6], [4, 7, 11, 6, 17, 8, 16, 14, 4, 21, 20, 7], [8, 14, 12, 6, 20, 8, 11, 11, 4, 15, 17, 9], [5, 13, 11, 7, 15, 6, 18, 15, 8, 14, 16, 7], [5, 16, 8, 6, 14, 5, 11, 22, 4, 17, 15, 12], [5, 13, 10, 2, 16, 5, 20, 13, 3, 29, 14, 5], [8, 10, 10, 3, 20, 10, 14, 19, 4, 14, 17, 6], [8, 6, 9, 7, 17, 6, 22, 23, 4, 14, 16, 3], [6, 11, 9, 8, 17, 12, 18, 15, 2, 16, 10, 11], [4, 14, 6, 7, 21, 4, 22, 17, 6, 18, 12, 4]]",2026-03-08T12:02:32.949131
ssvep_nakanishi,Chronos_Binning,4096,789,LOSO,0.06851851851851852,0.018144368465060578,0.056157407407407406,0.07962962962962962,0.06851851851851852,0.056641651189072904,-0.01616161616161613,0.48977366255144034,9,1620,9,"[[2, 12, 11, 5, 23, 11, 17, 12, 1, 21, 13, 7], [0, 11, 11, 5, 14, 8, 18, 15, 6, 20, 21, 6], [3, 6, 10, 7, 17, 13, 11, 17, 6, 25, 14, 6], [4, 7, 11, 6, 17, 8, 16, 14, 4, 21, 20, 7], [8, 14, 12, 6, 20, 8, 11, 11, 4, 15, 17, 9], [5, 13, 11, 7, 15, 6, 18, 15, 8, 14, 16, 7], [5, 16, 8, 6, 14, 5, 11, 22, 4, 17, 15, 12], [5, 13, 10, 2, 16, 5, 20, 13, 3, 29, 14, 5], [8, 10, 10, 3, 20, 10, 14, 19, 4, 14, 17, 6], [8, 6, 9, 7, 17, 6, 22, 23, 4, 14, 16, 3], [6, 11, 9, 8, 17, 12, 18, 15, 2, 16, 10, 11], [4, 14, 6, 7, 21, 4, 22, 17, 6, 18, 12, 4]]",2026-03-08T12:02:32.956633
ssvep_nakanishi,Chronos_Binning,4096,2024,LOSO,0.06851851851851852,0.018144368465060578,0.05679012345679012,0.08024691358024691,0.06851851851851852,0.056641651189072904,-0.01616161616161613,0.48977366255144034,9,1620,9,"[[2, 12, 11, 5, 23, 11, 17, 12, 1, 21, 13, 7], [0, 11, 11, 5, 14, 8, 18, 15, 6, 20, 21, 6], [3, 6, 10, 7, 17, 13, 11, 17, 6, 25, 14, 6], [4, 7, 11, 6, 17, 8, 16, 14, 4, 21, 20, 7], [8, 14, 12, 6, 20, 8, 11, 11, 4, 15, 17, 9], [5, 13, 11, 7, 15, 6, 18, 15, 8, 14, 16, 7], [5, 16, 8, 6, 14, 5, 11, 22, 4, 17, 15, 12], [5, 13, 10, 2, 16, 5, 20, 13, 3, 29, 14, 5], [8, 10, 10, 3, 20, 10, 14, 19, 4, 14, 17, 6], [8, 6, 9, 7, 17, 6, 22, 23, 4, 14, 16, 3], [6, 11, 9, 8, 17, 12, 18, 15, 2, 16, 10, 11], [4, 14, 6, 7, 21, 4, 22, 17, 6, 18, 12, 4]]",2026-03-08T12:02:32.963631
ssvep_nakanishi,PSD_LogReg,4096,42,LOSO,0.16666666666666666,0.05152010275275391,0.1333179012345679,0.2006172839506173,0.16666666666666669,0.12294856269596682,0.09090909090909088,0.6862139917695473,9,1620,9,"[[20, 20, 5, 9, 6, 3, 16, 19, 6, 8, 5, 18], [22, 26, 2, 2, 7, 1, 17, 22, 3, 19, 5, 9], [15, 7, 40, 0, 0, 11, 1, 8, 11, 7, 12, 23], [14, 21, 0, 5, 10, 2, 25, 18, 8, 11, 6, 15], [14, 22, 3, 10, 4, 1, 13, 28, 3, 19, 12, 6], [11, 4, 14, 1, 2, 21, 1, 12, 20, 7, 5, 37], [14, 25, 2, 2, 12, 1, 24, 21, 1, 16, 9, 8], [19, 14, 5, 10, 10, 2, 14, 27, 0, 14, 11, 9], [11, 6, 18, 3, 2, 13, 1, 13, 24, 5, 7, 32], [9, 23, 1, 2, 6, 1, 21, 21, 4, 25, 11, 11], [17, 6, 9, 5, 2, 11, 7, 22, 11, 13, 13, 19], [11, 6, 14, 1, 1, 15, 3, 10, 16, 12, 5, 41]]",2026-03-08T12:02:44.272725
ssvep_nakanishi,PSD_LogReg,4096,123,LOSO,0.16666666666666666,0.05152010275275391,0.13083333333333333,0.20124999999999998,0.16666666666666669,0.12297304513715998,0.0909090909090909,0.6862252151141041,9,1620,9,"[[20, 20, 5, 9, 6, 3, 16, 19, 6, 8, 5, 18], [22, 26, 2, 2, 7, 1, 17, 22, 3, 19, 5, 9], [15, 7, 40, 0, 0, 11, 1, 8, 11, 7, 12, 23], [14, 21, 0, 5, 10, 2, 25, 18, 8, 11, 6, 15], [14, 22, 3, 10, 4, 1, 13, 28, 3, 19, 12, 6], [11, 4, 14, 1, 2, 21, 1, 12, 20, 7, 5, 37], [14, 25, 2, 2, 12, 1, 24, 21, 1, 16, 9, 8], [19, 14, 5, 10, 10, 2, 14, 27, 0, 14, 11, 9], [11, 6, 18, 3, 2, 13, 1, 13, 24, 5, 7, 32], [9, 23, 1, 2, 6, 1, 21, 21, 4, 25, 11, 11], [17, 6, 9, 5, 2, 11, 6, 23, 11, 13, 13, 19], [11, 6, 14, 1, 1, 15, 3, 10, 16, 12, 5, 41]]",2026-03-08T12:02:44.279725
ssvep_nakanishi,PSD_LogReg,4096,456,LOSO,0.16666666666666666,0.05152010275275391,0.1333179012345679,0.20061728395061726,0.16666666666666669,0.12294856269596682,0.09090909090909088,0.686210250654695,9,1620,9,"[[20, 20, 5, 9, 6, 3, 16, 19, 6, 8, 5, 18], [22, 26, 2, 2, 7, 1, 17, 22, 3, 19, 5, 9], [15, 7, 40, 0, 0, 11, 1, 8, 11, 7, 12, 23], [14, 21, 0, 5, 10, 2, 25, 18, 8, 11, 6, 15], [14, 22, 3, 10, 4, 1, 13, 28, 3, 19, 12, 6], [11, 4, 14, 1, 2, 21, 1, 12, 20, 7, 5, 37], [14, 25, 2, 2, 12, 1, 24, 21, 1, 16, 9, 8], [19, 14, 5, 10, 10, 2, 14, 27, 0, 14, 11, 9], [11, 6, 18, 3, 2, 13, 1, 13, 24, 5, 7, 32], [9, 23, 1, 2, 6, 1, 21, 21, 4, 25, 11, 11], [17, 6, 9, 5, 2, 11, 7, 22, 11, 13, 13, 19], [11, 6, 14, 1, 1, 15, 3, 10, 16, 12, 5, 41]]",2026-03-08T12:02:44.287220
ssvep_nakanishi,PSD_LogReg,4096,789,LOSO,0.16666666666666666,0.05152010275275391,0.1308641975308642,0.198179012345679,0.16666666666666669,0.12294856269596682,0.09090909090909088,0.6861990273101384,9,1620,9,"[[20, 20, 5, 9, 6, 3, 16, 19, 6, 8, 5, 18], [22, 26, 2, 2, 7, 1, 17, 22, 3, 19, 5, 9], [15, 7, 40, 0, 0, 11, 1, 8, 11, 7, 12, 23], [14, 21, 0, 5, 10, 2, 25, 18, 8, 11, 6, 15], [14, 22, 3, 10, 4, 1, 13, 28, 3, 19, 12, 6], [11, 4, 14, 1, 2, 21, 1, 12, 20, 7, 5, 37], [14, 25, 2, 2, 12, 1, 24, 21, 1, 16, 9, 8], [19, 14, 5, 10, 10, 2, 14, 27, 0, 14, 11, 9], [11, 6, 18, 3, 2, 13, 1, 13, 24, 5, 7, 32], [9, 23, 1, 2, 6, 1, 21, 21, 4, 25, 11, 11], [17, 6, 9, 5, 2, 11, 7, 22, 11, 13, 13, 19], [11, 6, 14, 1, 1, 15, 3, 10, 16, 12, 5, 41]]",2026-03-08T12:02:44.294220
ssvep_nakanishi,PSD_LogReg,4096,2024,LOSO,0.16666666666666666,0.05152010275275391,0.13023148148148148,0.1975617283950617,0.16666666666666669,0.12294856269596682,0.09090909090909088,0.6862027684249906,9,1620,9,"[[20, 20, 5, 9, 6, 3, 16, 19, 6, 8, 5, 18], [22, 26, 2, 2, 7, 1, 17, 22, 3, 19, 5, 9], [15, 7, 40, 0, 0, 11, 1, 8, 11, 7, 12, 23], [14, 21, 0, 5, 10, 2, 25, 18, 8, 11, 6, 15], [14, 22, 3, 10, 4, 1, 13, 28, 3, 19, 12, 6], [11, 4, 14, 1, 2, 21, 1, 12, 20, 7, 5, 37], [14, 25, 2, 2, 12, 1, 24, 21, 1, 16, 9, 8], [19, 14, 5, 10, 10, 2, 14, 27, 0, 14, 11, 9], [11, 6, 18, 3, 2, 13, 1, 13, 24, 5, 7, 32], [9, 23, 1, 2, 6, 1, 21, 21, 4, 25, 11, 11], [17, 6, 9, 5, 2, 11, 7, 22, 11, 13, 13, 19], [11, 6, 14, 1, 1, 15, 3, 10, 16, 12, 5, 41]]",2026-03-08T12:02:44.301220
ssvep_nakanishi,SSVEP_FFT_LogReg,4096,42,LOSO,0.6567901234567901,0.21787063052317626,0.5135339506172839,0.7987808641975309,0.6567901234567901,0.6539652860632728,0.6255892255892257,0.9267115600448934,9,1620,9,"[[97, 5, 2, 6, 3, 5, 5, 4, 4, 1, 3, 0], [3, 97, 4, 5, 6, 2, 0, 4, 5, 2, 4, 3], [5, 6, 94, 4, 6, 4, 1, 4, 5, 4, 1, 1], [10, 2, 6, 74, 4, 3, 1, 8, 8, 4, 8, 7], [4, 4, 5, 4, 88, 3, 4, 10, 2, 6, 2, 3], [8, 3, 6, 3, 3, 87, 4, 5, 6, 3, 1, 6], [9, 2, 9, 5, 2, 2, 85, 7, 7, 3, 2, 2], [3, 9, 3, 4, 1, 1, 3, 84, 6, 8, 5, 8], [4, 2, 2, 1, 2, 5, 5, 6, 96, 2, 4, 6], [3, 0, 3, 5, 7, 3, 7, 8, 1, 88, 7, 3], [3, 2, 6, 5, 3, 4, 1, 8, 5, 2, 93, 3], [4, 1, 3, 11, 6, 6, 3, 4, 9, 4, 3, 81]]",2026-03-08T12:03:12.301542
ssvep_nakanishi,SSVEP_FFT_LogReg,4096,123,LOSO,0.6549382716049382,0.22105316637054703,0.5109722222222222,0.7981790123456791,0.6549382716049383,0.6514816987061857,0.6235690235690236,0.9268761690983914,9,1620,9,"[[95, 5, 1, 7, 3, 5, 6, 3, 4, 3, 3, 0], [3, 98, 4, 5, 3, 2, 0, 6, 6, 2, 2, 4], [6, 7, 94, 2, 6, 4, 1, 4, 4, 4, 2, 1], [11, 2, 5, 73, 4, 3, 1, 9, 8, 4, 8, 7], [4, 4, 5, 5, 89, 4, 4, 9, 2, 6, 0, 3], [8, 4, 5, 2, 5, 85, 5, 3, 7, 4, 1, 6], [10, 3, 9, 5, 3, 1, 86, 5, 6, 3, 2, 2], [3, 5, 2, 5, 2, 2, 4, 85, 7, 8, 5, 7], [6, 2, 3, 2, 2, 6, 6, 6, 92, 1, 3, 6], [2, 0, 4, 5, 6, 3, 6, 7, 1, 90, 8, 3], [3, 2, 6, 5, 6, 3, 2, 7, 5, 3, 91, 2], [5, 2, 4, 9, 4, 4, 3, 4, 9, 4, 4, 83]]",2026-03-08T12:03:12.309040
ssvep_nakanishi,SSVEP_FFT_LogReg,4096,456,LOSO,0.6512345679012346,0.22009440825343382,0.511712962962963,0.7808796296296296,0.6512345679012346,0.6480625417098916,0.6195286195286195,0.9268050879161991,9,1620,9,"[[95, 4, 3, 6, 3, 5, 6, 3, 4, 3, 3, 0], [3, 97, 4, 5, 4, 2, 0, 5, 6, 2, 4, 3], [6, 7, 95, 1, 6, 3, 3, 4, 4, 4, 1, 1], [10, 2, 5, 73, 4, 3, 1, 9, 7, 4, 9, 8], [4, 4, 5, 5, 84, 3, 5, 10, 3, 7, 2, 3], [7, 3, 5, 2, 4, 85, 6, 5, 7, 4, 1, 6], [9, 3, 9, 6, 2, 1, 85, 4, 6, 4, 3, 3], [3, 9, 2, 6, 2, 1, 4, 80, 8, 8, 5, 7], [5, 1, 3, 1, 2, 4, 6, 7, 94, 2, 4, 6], [2, 0, 3, 5, 6, 2, 8, 8, 2, 90, 5, 4], [3, 3, 6, 5, 3, 3, 2, 8, 4, 4, 92, 2], [5, 1, 5, 8, 6, 4, 3, 2, 9, 4, 3, 85]]",2026-03-08T12:03:12.316040
ssvep_nakanishi,SSVEP_FFT_LogReg,4096,789,LOSO,0.6574074074074073,0.21746450130503223,0.5184722222222222,0.8018672839506172,0.6574074074074074,0.6542469140471049,0.6262626262626263,0.9267078189300412,9,1620,9,"[[94, 5, 1, 6, 4, 5, 7, 3, 5, 3, 2, 0], [3, 99, 4, 5, 3, 2, 0, 3, 6, 2, 4, 4], [8, 6, 91, 1, 6, 5, 3, 3, 5, 4, 2, 1], [14, 2, 5, 74, 4, 3, 1, 8, 6, 4, 8, 6], [4, 5, 4, 4, 88, 3, 5, 8, 3, 6, 2, 3], [8, 3, 7, 1, 6, 84, 4, 5, 6, 3, 1, 7], [9, 3, 10, 5, 2, 2, 85, 7, 6, 3, 1, 2], [3, 5, 2, 5, 4, 2, 4, 83, 9, 7, 5, 6], [4, 2, 2, 2, 2, 5, 5, 5, 99, 1, 3, 5], [3, 0, 5, 6, 6, 3, 5, 7, 1, 88, 7, 4], [3, 3, 6, 5, 3, 3, 1, 7, 6, 0, 95, 3], [5, 1, 4, 9, 5, 5, 3, 3, 9, 3, 3, 85]]",2026-03-08T12:03:12.323040
ssvep_nakanishi,SSVEP_FFT_LogReg,4096,2024,LOSO,0.6518518518518518,0.21795281451562218,0.5079938271604939,0.786466049382716,0.6518518518518518,0.6478099060427065,0.6202020202020202,0.926853722409278,9,1620,9,"[[93, 4, 1, 6, 3, 5, 10, 4, 5, 2, 2, 0], [3, 99, 4, 5, 3, 2, 0, 4, 6, 2, 3, 4], [5, 7, 92, 3, 7, 4, 1, 5, 5, 4, 1, 1], [9, 2, 7, 74, 4, 3, 2, 9, 7, 5, 9, 4], [4, 4, 5, 5, 87, 3, 5, 9, 2, 6, 2, 3], [8, 4, 6, 1, 3, 87, 6, 4, 7, 1, 1, 7], [9, 3, 9, 5, 3, 2, 84, 6, 6, 5, 0, 3], [3, 7, 3, 4, 4, 0, 4, 83, 8, 7, 5, 7], [5, 1, 2, 2, 2, 5, 6, 6, 96, 2, 3, 5], [2, 0, 4, 5, 7, 3, 6, 7, 2, 89, 7, 3], [3, 3, 6, 5, 3, 3, 1, 8, 5, 3, 92, 3], [5, 1, 3, 10, 6, 6, 3, 5, 9, 4, 3, 80]]",2026-03-08T12:03:12.330540
bci_iv_2a,BPE_Hist_LogReg,1024,42,LOSO,0.25925925925925924,0.007807139793537056,0.25,0.2690972222222222,0.25925925925925924,0.24840899783428624,0.01234567901234566,0.5242245102451989,3,1728,3,"[[75, 118, 82, 157], [70, 135, 92, 135], [63, 142, 74, 153], [84, 98, 86, 164]]",2026-03-21T19:47:35.839539
bci_iv_2a,BPE_Hist_LogReg,1024,123,LOSO,0.25289351851851855,0.007274192760403093,0.24305555555555555,0.2604166666666667,0.25289351851851855,0.24191707380898683,0.0038580246913579863,0.5242332175925927,3,1728,3,"[[73, 108, 86, 165], [78, 126, 90, 138], [64, 137, 71, 160], [89, 93, 83, 167]]",2026-03-21T19:47:35.842539
bci_iv_2a,BPE_Hist_LogReg,1024,456,LOSO,0.2586805555555556,0.011251285934735867,0.24305555555555555,0.2690972222222222,0.2586805555555556,0.2474017543481044,0.011574074074074034,0.5241816433041838,3,1728,3,"[[69, 111, 87, 165], [71, 129, 92, 140], [59, 137, 75, 161], [82, 88, 88, 174]]",2026-03-21T19:47:35.845539
bci_iv_2a,BPE_Hist_LogReg,1024,789,LOSO,0.25925925925925924,0.011803285911094405,0.24305555555555555,0.2708333333333333,0.25925925925925924,0.24758684224861272,0.01234567901234566,0.52416891718107,3,1728,3,"[[70, 120, 79, 163], [74, 133, 87, 138], [57, 140, 74, 161], [81, 99, 81, 171]]",2026-03-21T19:47:35.848540
bci_iv_2a,BPE_Hist_LogReg,1024,2024,LOSO,0.2586805555555556,0.01070210764404336,0.24479166666666666,0.2708333333333333,0.2586805555555556,0.2477952785201435,0.01157407407407407,0.5241863318758573,3,1728,3,"[[70, 118, 82, 162], [73, 133, 90, 136], [60, 139, 77, 156], [82, 100, 83, 167]]",2026-03-21T19:47:35.851539
bci_iv_2a,BPE_Hist_RF,1024,42,LOSO,0.2552083333333333,0.024097989367658574,0.22569444444444445,0.2847222222222222,0.2552083333333333,0.2550764209596112,0.00694444444444442,0.49509307484567905,3,1728,3,"[[112, 115, 96, 109], [113, 107, 95, 117], [107, 125, 106, 94], [89, 125, 102, 116]]",2026-03-21T19:47:46.349198
bci_iv_2a,BPE_Hist_RF,1024,123,LOSO,0.2552083333333333,0.024097989367658574,0.22569444444444445,0.2847222222222222,0.2552083333333333,0.2550764209596112,0.00694444444444442,0.49509575402949246,3,1728,3,"[[112, 115, 96, 109], [113, 107, 95, 117], [107, 125, 106, 94], [89, 125, 102, 116]]",2026-03-21T19:47:46.352198
bci_iv_2a,BPE_Hist_RF,1024,456,LOSO,0.2552083333333333,0.024097989367658574,0.22569444444444445,0.2847222222222222,0.2552083333333333,0.2550764209596112,0.00694444444444442,0.4950924050497257,3,1728,3,"[[112, 115, 96, 109], [113, 107, 95, 117], [107, 125, 106, 94], [89, 125, 102, 116]]",2026-03-21T19:47:46.355197
bci_iv_2a,BPE_Hist_RF,1024,789,LOSO,0.2552083333333333,0.024097989367658574,0.22569444444444445,0.2847222222222222,0.2552083333333333,0.2550764209596112,0.00694444444444442,0.4950937446416324,3,1728,3,"[[112, 115, 96, 109], [113, 107, 95, 117], [107, 125, 106, 94], [89, 125, 102, 116]]",2026-03-21T19:47:46.358197
bci_iv_2a,BPE_Hist_RF,1024,2024,LOSO,0.2552083333333333,0.024097989367658574,0.22569444444444445,0.2847222222222222,0.2552083333333333,0.2550764209596112,0.00694444444444442,0.4950924050497257,3,1728,3,"[[112, 115, 96, 109], [113, 107, 95, 117], [107, 125, 106, 94], [89, 125, 102, 116]]",2026-03-21T19:47:46.361198
bci_iv_2a,BPE_Windowed_LogReg,1024,42,LOSO,0.29108796296296297,0.020655750344415212,0.2621527777777778,0.3090277777777778,0.29108796296296297,0.2839695394112651,0.05478395061728395,0.5686473872599452,3,1728,3,"[[103, 90, 96, 143], [64, 148, 121, 99], [66, 134, 116, 116], [112, 88, 96, 136]]",2026-03-21T19:47:47.674801
bci_iv_2a,BPE_Windowed_LogReg,1024,123,LOSO,0.29108796296296297,0.01934983043669038,0.2638888888888889,0.3072916666666667,0.29108796296296297,0.28416373827195157,0.054783950617283916,0.5686634623628257,3,1728,3,"[[104, 90, 95, 143], [65, 147, 122, 98], [67, 134, 116, 115], [112, 88, 96, 136]]",2026-03-21T19:47:47.677801
bci_iv_2a,BPE_Windowed_LogReg,1024,456,LOSO,0.292824074074074,0.022248128225394764,0.2621527777777778,0.3142361111111111,0.292824074074074,0.2855344103182129,0.05709876543209876,0.5687103480795611,3,1728,3,"[[104, 90, 95, 143], [66, 150, 119, 97], [67, 134, 116, 115], [112, 88, 96, 136]]",2026-03-21T19:47:47.680801
bci_iv_2a,BPE_Windowed_LogReg,1024,789,LOSO,0.29108796296296297,0.01934983043669038,0.2638888888888889,0.3072916666666667,0.29108796296296297,0.28420016692904176,0.054783950617283916,0.5686500664437586,3,1728,3,"[[103, 90, 95, 144], [66, 147, 122, 97], [67, 134, 116, 115], [112, 88, 95, 137]]",2026-03-21T19:47:47.683801
bci_iv_2a,BPE_Windowed_LogReg,1024,2024,LOSO,0.2916666666666667,0.019845403008660004,0.2638888888888889,0.3090277777777778,0.2916666666666667,0.28467300862439454,0.055555555555555546,0.5686487268518519,3,1728,3,"[[104, 90, 96, 142], [64, 148, 121, 99], [64, 135, 116, 117], [112, 88, 96, 136]]",2026-03-21T19:47:47.686301
bci_iv_2a,BPE_WindowedSeq_CNN,1024,42,LOSO,0.2881944444444445,0.020977510370823904,0.2586805555555556,0.3055555555555556,0.2881944444444445,0.24309413913613817,0.05092592592592593,0.5433800047153635,3,1728,3,"[[96, 161, 107, 68], [51, 205, 107, 69], [70, 184, 119, 59], [96, 164, 94, 78]]",2026-03-21T19:47:53.127605
bci_iv_2a,BPE_WindowedSeq_CNN,1024,123,LOSO,0.2928240740740741,0.022959299102867328,0.2604166666666667,0.3107638888888889,0.292824074074074,0.2562775102058602,0.05709876543209872,0.5697137024176954,3,1728,3,"[[122, 112, 50, 148], [119, 160, 42, 111], [117, 158, 43, 114], [121, 79, 51, 181]]",2026-03-21T19:47:57.683638
bci_iv_2a,BPE_WindowedSeq_CNN,1024,456,LOSO,0.2771990740740741,0.012384800092032812,0.2604166666666667,0.2899305555555556,0.2771990740740741,0.25612555218200755,0.03626543209876539,0.5458944187242798,3,1728,3,"[[75, 111, 140, 106], [65, 138, 147, 82], [67, 135, 147, 83], [80, 107, 126, 119]]",2026-03-21T19:48:01.785068
bci_iv_2a,BPE_WindowedSeq_CNN,1024,789,LOSO,0.3020833333333333,0.035664303097524545,0.2743055555555556,0.3524305555555556,0.3020833333333333,0.26249672486669295,0.06944444444444446,0.5748229059499315,3,1728,3,"[[44, 114, 118, 156], [29, 161, 126, 116], [33, 144, 140, 115], [40, 105, 110, 177]]",2026-03-21T19:48:06.152421
bci_iv_2a,BPE_WindowedSeq_CNN,1024,2024,LOSO,0.2991898148148148,0.01419889368794594,0.28125,0.3159722222222222,0.2991898148148148,0.28265291912008056,0.06558641975308639,0.5682428305041153,3,1728,3,"[[97, 103, 73, 159], [69, 149, 90, 124], [74, 134, 95, 129], [108, 89, 59, 176]]",2026-03-21T19:48:10.450112
bci_iv_2a,BPE_Bigram_LogReg,1024,42,LOSO,0.27488425925925924,0.029745595546056464,0.2465277777777778,0.3159722222222222,0.27488425925925924,0.1994581991311876,0.03317901234567903,0.5527946566358024,3,1728,3,"[[173, 41, 55, 163], [166, 71, 53, 142], [151, 75, 47, 159], [176, 23, 49, 184]]",2026-03-21T19:48:11.685709
bci_iv_2a,BPE_Bigram_LogReg,1024,123,LOSO,0.2569444444444444,0.005670115145331433,0.25,0.2638888888888889,0.2569444444444444,0.1646384779966036,0.009259259259259264,0.5528489101080246,3,1728,3,"[[34, 207, 47, 144], [37, 205, 70, 120], [46, 204, 61, 121], [49, 201, 38, 144]]",2026-03-21T19:48:11.688710
bci_iv_2a,BPE_Bigram_LogReg,1024,456,LOSO,0.26215277777777773,0.012357729458369568,0.24479166666666666,0.2725694444444444,0.26215277777777773,0.17063654692892818,0.016203703703703682,0.5528435517403978,3,1728,3,"[[115, 0, 222, 95], [99, 0, 238, 95], [105, 0, 221, 106], [124, 0, 191, 117]]",2026-03-21T19:48:11.691710
bci_iv_2a,BPE_Bigram_LogReg,1024,789,LOSO,0.27546296296296297,0.03138900838500141,0.24826388888888892,0.3194444444444444,0.27546296296296297,0.15436414059093573,0.03395061728395058,0.5527779117369684,3,1728,3,"[[5, 65, 3, 359], [17, 85, 3, 327], [9, 86, 4, 333], [6, 41, 3, 382]]",2026-03-21T19:48:11.694709
bci_iv_2a,BPE_Bigram_LogReg,1024,2024,LOSO,0.26736111111111116,0.016347739458131415,0.2517361111111111,0.2899305555555556,0.26736111111111116,0.15982872140420565,0.023148148148148102,0.5528120713305898,3,1728,3,"[[182, 14, 15, 221], [192, 27, 27, 186], [183, 28, 20, 201], [174, 10, 15, 233]]",2026-03-21T19:48:11.697709
bci_iv_2a,BPE_Seq_CNN,1024,42,LOSO,0.2563657407407407,0.004330621975432812,0.2517361111111111,0.2621527777777778,0.2563657407407407,0.13731422922696498,0.008487654320987637,0.5275567451131687,3,1728,3,"[[202, 14, 86, 130], [207, 8, 84, 133], [196, 9, 89, 138], [209, 3, 76, 144]]",2026-03-21T19:48:26.519494
bci_iv_2a,BPE_Seq_CNN,1024,123,LOSO,0.25115740740740744,0.003567369214681108,0.2465277777777778,0.2552083333333333,0.2511574074074074,0.11952769370085903,0.0015432098765432167,0.5070757244513032,3,1728,3,"[[274, 11, 1, 146], [269, 16, 1, 146], [278, 7, 0, 147], [277, 11, 0, 144]]",2026-03-21T19:48:26.915491
bci_iv_2a,BPE_Seq_CNN,1024,456,LOSO,0.24710648148148148,0.01180328591109441,0.2309027777777778,0.2586805555555556,0.24710648148148148,0.13925814296979624,-0.0038580246913580605,0.5147047003600823,3,1728,3,"[[247, 114, 70, 1], [243, 113, 74, 2], [240, 123, 67, 2], [248, 111, 73, 0]]",2026-03-21T19:48:27.766516
bci_iv_2a,BPE_Seq_CNN,1024,789,LOSO,0.2459490740740741,0.002165310987716406,0.24305555555555555,0.24826388888888892,0.24594907407407407,0.14024378416056843,-0.00540123456790124,0.5125807773919754,3,1728,3,"[[252, 49, 127, 4], [251, 46, 130, 5], [258, 47, 125, 2], [261, 38, 131, 2]]",2026-03-21T19:48:28.313513
bci_iv_2a,BPE_Seq_CNN,1024,2024,LOSO,0.25578703703703703,0.01426947685872449,0.23958333333333334,0.2743055555555556,0.25578703703703703,0.15420296144146803,0.007716049382716084,0.5167991523062414,3,1728,3,"[[351, 4, 67, 10], [356, 0, 72, 4], [342, 1, 85, 4], [349, 0, 77, 6]]",2026-03-21T19:48:28.788512
bci_iv_2a,BPE_Seq_Transformer,1024,42,LOSO,0.2552083333333333,0.00736569563735987,0.25,0.265625,0.2552083333333333,0.13249092500260387,0.006944444444444457,0.5239766857424554,3,1728,3,"[[394, 24, 14, 0], [384, 30, 18, 0], [385, 30, 17, 0], [402, 21, 9, 0]]",2026-03-21T19:49:20.272799
bci_iv_2a,BPE_Seq_Transformer,1024,123,LOSO,0.2546296296296296,0.006547285010986554,0.25,0.2638888888888889,0.2546296296296296,0.11663673799066802,0.00617283950617283,0.5253511070387517,3,1728,3,"[[275, 0, 13, 144], [263, 0, 25, 144], [267, 0, 21, 144], [278, 0, 10, 144]]",2026-03-21T19:49:23.857845
bci_iv_2a,BPE_Seq_Transformer,1024,456,LOSO,0.25578703703703703,0.009648918981789961,0.2465277777777778,0.2690972222222222,0.25578703703703703,0.16256942180320486,0.007716049382716046,0.5235922228652264,3,1728,3,"[[177, 0, 97, 158], [169, 0, 119, 144], [180, 0, 117, 135], [197, 0, 87, 148]]",2026-03-21T19:49:29.207374
bci_iv_2a,BPE_Seq_Transformer,1024,789,LOSO,0.25983796296296297,0.013912980648346424,0.25,0.2795138888888889,0.25983796296296297,0.12748975296333223,0.013117283950617287,0.5494282621742111,3,1728,3,"[[288, 0, 55, 89], [288, 0, 58, 86], [288, 0, 57, 87], [288, 0, 40, 104]]",2026-03-21T19:49:33.445911
bci_iv_2a,BPE_Seq_Transformer,1024,2024,LOSO,0.27546296296296297,0.01887674355358807,0.25,0.2951388888888889,0.27546296296296297,0.18368971243015872,0.03395061728395062,0.5324837641460906,3,1728,3,"[[287, 0, 39, 106], [276, 0, 56, 100], [263, 0, 69, 100], [257, 0, 55, 120]]",2026-03-21T19:49:38.824459
bci_iv_2a,BPE_Seq_CW_Transformer,1024,42,LOSO,0.25,0.0,0.25,0.25,0.25,0.10000000000000002,0.0,0.5343632115912208,3,1728,3,"[[0, 0, 144, 288], [0, 0, 144, 288], [0, 0, 144, 288], [0, 0, 144, 288]]",2026-03-21T19:50:39.967157
bci_iv_2a,BPE_Seq_CW_Transformer,1024,123,LOSO,0.25,0.0,0.25,0.25,0.25,0.10000000000000002,0.0,0.49385127314814814,3,1728,3,"[[144, 0, 144, 144], [144, 0, 144, 144], [144, 0, 144, 144], [144, 0, 144, 144]]",2026-03-21T19:50:50.282701
bci_iv_2a,BPE_Seq_CW_Transformer,1024,456,LOSO,0.25,0.0,0.25,0.25,0.25,0.10000000000000002,0.0,0.5046986186128258,3,1728,3,"[[144, 144, 0, 144], [144, 144, 0, 144], [144, 144, 0, 144], [144, 144, 0, 144]]",2026-03-21T19:50:57.880875
bci_iv_2a,BPE_Seq_CW_Transformer,1024,789,LOSO,0.25,0.0,0.25,0.25,0.25,0.10000000000000002,0.0,0.4867809070644718,3,1728,3,"[[288, 0, 144, 0], [288, 0, 144, 0], [288, 0, 144, 0], [288, 0, 144, 0]]",2026-03-21T19:51:04.325699
bci_iv_2a,BPE_Seq_CW_Transformer,1024,2024,LOSO,0.25,0.0,0.25,0.25,0.25,0.10000000000000002,0.0,0.47167164994855965,3,1728,3,"[[288, 144, 0, 0], [288, 144, 0, 0], [288, 144, 0, 0], [288, 144, 0, 0]]",2026-03-21T19:51:11.346221
bci_iv_2a,CSP_LDA,1024,42,LOSO,0.4224537037037037,0.12552402163274848,0.25,0.5451388888888888,0.4224537037037037,0.36904440110789416,0.22993827160493827,0.6997077010459533,3,1728,3,"[[43, 45, 212, 132], [11, 187, 193, 41], [15, 62, 332, 23], [60, 37, 167, 168]]",2026-03-21T19:51:25.355403
bci_iv_2a,CSP_LDA,1024,123,LOSO,0.4224537037037037,0.12552402163274848,0.25,0.5451388888888888,0.4224537037037037,0.36904440110789416,0.22993827160493827,0.6997077010459533,3,1728,3,"[[43, 45, 212, 132], [11, 187, 193, 41], [15, 62, 332, 23], [60, 37, 167, 168]]",2026-03-21T19:51:25.358404
bci_iv_2a,CSP_LDA,1024,456,LOSO,0.4224537037037037,0.12552402163274848,0.25,0.5451388888888888,0.4224537037037037,0.36904440110789416,0.22993827160493827,0.6997077010459533,3,1728,3,"[[43, 45, 212, 132], [11, 187, 193, 41], [15, 62, 332, 23], [60, 37, 167, 168]]",2026-03-21T19:51:25.361903
bci_iv_2a,CSP_LDA,1024,789,LOSO,0.4224537037037037,0.12552402163274848,0.25,0.5451388888888888,0.4224537037037037,0.36904440110789416,0.22993827160493827,0.6997077010459533,3,1728,3,"[[43, 45, 212, 132], [11, 187, 193, 41], [15, 62, 332, 23], [60, 37, 167, 168]]",2026-03-21T19:51:25.364903
bci_iv_2a,CSP_LDA,1024,2024,LOSO,0.4224537037037037,0.12552402163274848,0.25,0.5451388888888888,0.4224537037037037,0.36904440110789416,0.22993827160493827,0.6997077010459533,3,1728,3,"[[43, 45, 212, 132], [11, 187, 193, 41], [15, 62, 332, 23], [60, 37, 167, 168]]",2026-03-21T19:51:25.367903
bci_iv_2a,EEGNet,1024,42,LOSO,0.46932870370370366,0.147411634937285,0.2795138888888889,0.6388888888888888,0.46932870370370366,0.4350173521989998,0.2924382716049383,0.7226817022462276,3,1728,3,"[[156, 83, 105, 88], [42, 210, 120, 60], [34, 72, 317, 9], [153, 83, 68, 128]]",2026-03-21T19:52:21.201529
bci_iv_2a,EEGNet,1024,123,LOSO,0.47222222222222227,0.1385412315504167,0.2777777777777778,0.5902777777777778,0.47222222222222215,0.4310277067035149,0.29629629629629634,0.7317132308813443,3,1728,3,"[[90, 75, 129, 138], [33, 203, 119, 77], [12, 68, 330, 22], [80, 77, 82, 193]]",2026-03-21T19:52:21.204528
bci_iv_2a,EEGNet,1024,456,LOSO,0.47453703703703703,0.14055949358290454,0.2829861111111111,0.6163194444444444,0.47453703703703703,0.4344299510977634,0.2993827160493827,0.7220601316015088,3,1728,3,"[[172, 61, 121, 78], [33, 201, 144, 54], [15, 47, 351, 19], [181, 51, 104, 96]]",2026-03-21T19:52:21.207528
bci_iv_2a,EEGNet,1024,789,LOSO,0.4490740740740741,0.1398788025026478,0.2673611111111111,0.6076388888888888,0.4490740740740741,0.40899485896130455,0.2654320987654321,0.713280446244856,3,1728,3,"[[198, 79, 82, 73], [65, 186, 128, 53], [42, 72, 280, 38], [176, 81, 63, 112]]",2026-03-21T19:52:21.210529
bci_iv_2a,EEGNet,1024,2024,LOSO,0.4756944444444444,0.15644920429220005,0.2690972222222222,0.6475694444444444,0.4756944444444445,0.43410430012110157,0.3009259259259259,0.7400696051954733,3,1728,3,"[[140, 65, 135, 92], [29, 184, 160, 59], [9, 54, 351, 18], [124, 64, 97, 147]]",2026-03-21T19:52:21.213528
bci_iv_2a,Patching_LogReg,1024,42,LOSO,0.3599537037037037,0.07203408395118155,0.2586805555555556,0.4201388888888889,0.3599537037037037,0.3438068049207949,0.14660493827160492,0.6176710926783264,3,1728,3,"[[116, 88, 133, 95], [69, 152, 165, 46], [52, 100, 245, 35], [139, 73, 111, 109]]",2026-03-21T19:52:41.485979
bci_iv_2a,Patching_LogReg,1024,123,LOSO,0.359375,0.07155361812997098,0.2586805555555556,0.41840277777777785,0.359375,0.3432941705712189,0.14583333333333334,0.6176550175754459,3,1728,3,"[[115, 88, 133, 96], [68, 152, 166, 46], [52, 100, 245, 35], [139, 73, 111, 109]]",2026-03-21T19:52:41.488979
bci_iv_2a,Patching_LogReg,1024,456,LOSO,0.3599537037037037,0.07203408395118155,0.2586805555555556,0.4201388888888889,0.3599537037037037,0.3437960844495794,0.14660493827160492,0.6176456404320988,3,1728,3,"[[116, 88, 133, 95], [68, 152, 166, 46], [52, 100, 245, 35], [139, 73, 111, 109]]",2026-03-21T19:52:41.491983
bci_iv_2a,Patching_LogReg,1024,789,LOSO,0.359375,0.07155361812997098,0.2586805555555556,0.41840277777777785,0.359375,0.3432941705712189,0.14583333333333334,0.6176643947187929,3,1728,3,"[[115, 88, 133, 96], [68, 152, 166, 46], [52, 100, 245, 35], [139, 73, 111, 109]]",2026-03-21T19:52:41.494979
bci_iv_2a,Patching_LogReg,1024,2024,LOSO,0.359375,0.07155361812997098,0.2586805555555556,0.41840277777777785,0.359375,0.34328422052325763,0.14583333333333334,0.6176309049211248,3,1728,3,"[[115, 88, 133, 96], [67, 152, 167, 46], [52, 100, 245, 35], [139, 73, 111, 109]]",2026-03-21T19:52:41.497979
bci_iv_2a,VQ_LogReg,1024,42,LOSO,0.31597222222222227,0.04226518434377363,0.2586805555555556,0.359375,0.31597222222222227,0.2701906462781152,0.08796296296296298,0.6250428669410151,3,1728,3,"[[44, 141, 101, 146], [28, 161, 140, 103], [42, 135, 160, 95], [33, 106, 112, 181]]",2026-03-21T19:52:49.830108
bci_iv_2a,VQ_LogReg,1024,123,LOSO,0.31597222222222227,0.04226518434377363,0.2586805555555556,0.359375,0.31597222222222227,0.2706055526706365,0.08796296296296298,0.6250381783693415,3,1728,3,"[[44, 141, 101, 146], [30, 163, 138, 101], [43, 136, 158, 95], [33, 106, 112, 181]]",2026-03-21T19:52:49.833108
bci_iv_2a,VQ_LogReg,1024,456,LOSO,0.31539351851851855,0.04305026600323448,0.2569444444444444,0.359375,0.31539351851851855,0.2701160706046901,0.0871913580246914,0.6250442065329218,3,1728,3,"[[44, 141, 101, 146], [31, 162, 137, 102], [43, 136, 158, 95], [33, 106, 112, 181]]",2026-03-21T19:52:49.836607
bci_iv_2a,VQ_LogReg,1024,789,LOSO,0.31597222222222227,0.04226518434377363,0.2586805555555556,0.359375,0.31597222222222227,0.2706526006847286,0.08796296296296298,0.6250381783693415,3,1728,3,"[[44, 141, 101, 146], [31, 163, 137, 101], [43, 136, 158, 95], [33, 107, 111, 181]]",2026-03-21T19:52:49.839607
bci_iv_2a,VQ_LogReg,1024,2024,LOSO,0.31597222222222227,0.04226518434377363,0.2586805555555556,0.359375,0.31597222222222227,0.270410029266031,0.08796296296296298,0.625040857553155,3,1728,3,"[[44, 141, 101, 146], [32, 162, 138, 100], [43, 135, 159, 95], [33, 106, 112, 181]]",2026-03-21T19:52:49.842608
bci_iv_2a,Chronos_Binning,1024,42,LOSO,0.2476851851851852,0.014198893687945944,0.234375,0.2673611111111111,0.2476851851851852,0.24003987806041174,-0.0030864197530864335,0.5012572070044582,3,1728,3,"[[92, 114, 99, 127], [111, 101, 117, 103], [75, 121, 131, 105], [110, 117, 101, 104]]",2026-03-21T19:53:05.578624
bci_iv_2a,Chronos_Binning,1024,123,LOSO,0.24884259259259256,0.013171072542524354,0.2378472222222222,0.2673611111111111,0.24884259259259256,0.24123123534622648,-0.0015432098765432538,0.5012491694530178,3,1728,3,"[[94, 113, 99, 126], [111, 102, 117, 102], [75, 121, 130, 106], [110, 117, 101, 104]]",2026-03-21T19:53:05.581623
bci_iv_2a,Chronos_Binning,1024,456,LOSO,0.24826388888888887,0.013522362784198983,0.23842592592592593,0.2673611111111111,0.24826388888888887,0.24066982056434869,-0.0023148148148148064,0.5012464902692044,3,1728,3,"[[93, 114, 98, 127], [111, 102, 118, 101], [74, 122, 130, 106], [111, 117, 100, 104]]",2026-03-21T19:53:05.584624
bci_iv_2a,Chronos_Binning,1024,789,LOSO,0.2476851851851852,0.013985006913882603,0.23611111111111108,0.2673611111111111,0.2476851851851852,0.23981996223634083,-0.0030864197530864335,0.5012458204732511,3,1728,3,"[[92, 114, 99, 127], [111, 102, 118, 101], [74, 122, 130, 106], [110, 117, 101, 104]]",2026-03-21T19:53:05.587623
bci_iv_2a,Chronos_Binning,1024,2024,LOSO,0.2471064814814815,0.013171072542524354,0.23611111111111108,0.265625,0.2471064814814815,0.23905843941913307,-0.003858024691358023,0.5012484996570645,3,1728,3,"[[92, 114, 99, 127], [112, 101, 118, 101], [74, 122, 130, 106], [112, 116, 100, 104]]",2026-03-21T19:53:05.591122
bci_iv_2a,PSD_LogReg,1024,42,LOSO,0.3975694444444445,0.09950002003329204,0.2569444444444444,0.47222222222222215,0.3975694444444444,0.3463188653723883,0.19675925925925927,0.6896111968449931,3,1728,3,"[[147, 30, 157, 98], [25, 108, 238, 61], [20, 59, 329, 24], [155, 37, 137, 103]]",2026-03-21T19:53:11.606758
bci_iv_2a,PSD_LogReg,1024,123,LOSO,0.3975694444444445,0.09950002003329204,0.2569444444444444,0.47222222222222215,0.3975694444444444,0.3463188653723883,0.19675925925925927,0.6896808556241427,3,1728,3,"[[147, 30, 157, 98], [25, 108, 238, 61], [20, 59, 329, 24], [155, 37, 137, 103]]",2026-03-21T19:53:11.610257
bci_iv_2a,PSD_LogReg,1024,456,LOSO,0.3975694444444445,0.09950002003329204,0.2569444444444444,0.47222222222222215,0.3975694444444444,0.34635124439060916,0.19675925925925927,0.6896111968449933,3,1728,3,"[[147, 30, 157, 98], [25, 108, 238, 61], [20, 59, 329, 24], [156, 37, 136, 103]]",2026-03-21T19:53:11.613257
bci_iv_2a,PSD_LogReg,1024,789,LOSO,0.3975694444444445,0.09950002003329204,0.2569444444444444,0.47222222222222215,0.3975694444444444,0.3463569272923423,0.19675925925925927,0.6896178948045267,3,1728,3,"[[147, 30, 157, 98], [25, 108, 238, 61], [20, 59, 329, 24], [156, 38, 135, 103]]",2026-03-21T19:53:11.616257
bci_iv_2a,PSD_LogReg,1024,2024,LOSO,0.3975694444444445,0.09950002003329204,0.2569444444444444,0.47222222222222215,0.3975694444444444,0.34635124439060916,0.19675925925925927,0.6896580825617283,3,1728,3,"[[147, 30, 157, 98], [25, 108, 238, 61], [20, 59, 329, 24], [156, 37, 136, 103]]",2026-03-21T19:53:11.619256
physionet_mi,BPE_Hist_LogReg,1024,42,5fold-subject,0.23703703703703702,0.013857990321384963,0.2222222222222222,0.25555555555555554,0.24094006838572057,0.1339942299763728,-0.012894434947375114,0.5005183003611975,3,270,3,"[[29, 15, 23, 2], [28, 14, 21, 3], [32, 11, 21, 2], [32, 14, 23, 0]]",2026-03-21T19:54:00.417425
physionet_mi,BPE_Hist_LogReg,1024,123,5fold-subject,0.23703703703703702,0.013857990321384963,0.2222222222222222,0.25555555555555554,0.24094006838572057,0.13405686024733643,-0.012835678497813788,0.5006318542040668,3,270,3,"[[29, 16, 22, 2], [27, 14, 21, 4], [32, 11, 21, 2], [32, 14, 23, 0]]",2026-03-21T19:54:00.420424
physionet_mi,BPE_Hist_LogReg,1024,456,5fold-subject,0.23703703703703702,0.013857990321384963,0.2222222222222222,0.25555555555555554,0.24094006838572057,0.13405686024733646,-0.012780915493321388,0.500576150104245,3,270,3,"[[29, 16, 22, 2], [28, 14, 21, 3], [32, 11, 21, 2], [32, 14, 23, 0]]",2026-03-21T19:54:00.423424
physionet_mi,BPE_Hist_LogReg,1024,789,5fold-subject,0.23703703703703702,0.013857990321384963,0.2222222222222222,0.25555555555555554,0.24094006838572057,0.13405686024733643,-0.012835678497813788,0.5007468760582189,3,270,3,"[[29, 16, 22, 2], [27, 14, 21, 4], [32, 11, 21, 2], [32, 14, 23, 0]]",2026-03-21T19:54:00.426424
physionet_mi,BPE_Hist_LogReg,1024,2024,5fold-subject,0.23703703703703702,0.013857990321384963,0.2222222222222222,0.25555555555555554,0.24094006838572057,0.13405686024733643,-0.012780915493321388,0.5008061938125494,3,270,3,"[[29, 16, 22, 2], [28, 14, 21, 3], [32, 11, 21, 2], [32, 14, 23, 0]]",2026-03-21T19:54:00.429424
physionet_mi,BPE_Hist_RF,1024,42,5fold-subject,0.25925925925925924,0.029162992125969664,0.2333333333333333,0.3,0.2573973429951691,0.24051812643797085,0.010894464268619767,0.4958101556528261,3,270,3,"[[26, 14, 13, 16], [23, 11, 12, 20], [19, 22, 13, 12], [19, 12, 18, 20]]",2026-03-21T19:54:03.235106
physionet_mi,BPE_Hist_RF,1024,123,5fold-subject,0.25925925925925924,0.029162992125969664,0.2333333333333333,0.3,0.2573973429951691,0.24051812643797085,0.010894464268619767,0.4958101556528261,3,270,3,"[[26, 14, 13, 16], [23, 11, 12, 20], [19, 22, 13, 12], [19, 12, 18, 20]]",2026-03-21T19:54:03.238106
physionet_mi,BPE_Hist_RF,1024,456,5fold-subject,0.25925925925925924,0.029162992125969667,0.2333333333333333,0.3,0.2573973429951691,0.24051812643797085,0.010894464268619767,0.4958101556528261,3,270,3,"[[26, 14, 13, 16], [23, 11, 12, 20], [19, 22, 13, 12], [19, 12, 18, 20]]",2026-03-21T19:54:03.241106
physionet_mi,BPE_Hist_RF,1024,789,5fold-subject,0.25925925925925924,0.029162992125969664,0.2333333333333333,0.3,0.2573973429951691,0.24051812643797085,0.010894464268619767,0.4958101556528261,3,270,3,"[[26, 14, 13, 16], [23, 11, 12, 20], [19, 22, 13, 12], [19, 12, 18, 20]]",2026-03-21T19:54:03.243606
physionet_mi,BPE_Hist_RF,1024,2024,5fold-subject,0.25925925925925924,0.029162992125969667,0.2333333333333333,0.3,0.2573973429951691,0.24051812643797085,0.010894464268619767,0.4958101556528261,3,270,3,"[[26, 14, 13, 16], [23, 11, 12, 20], [19, 22, 13, 12], [19, 12, 18, 20]]",2026-03-21T19:54:03.246606
physionet_mi,BPE_Windowed_LogReg,1024,42,5fold-subject,0.2814814814814815,0.0499656946786372,0.2111111111111111,0.32222222222222224,0.2818028891398457,0.22389418086890686,0.042441333412281436,0.5883125705529034,3,270,3,"[[41, 10, 15, 3], [20, 23, 10, 13], [39, 14, 9, 4], [32, 17, 17, 3]]",2026-03-21T19:54:03.381545
physionet_mi,BPE_Windowed_LogReg,1024,123,5fold-subject,0.2814814814814815,0.0499656946786372,0.2111111111111111,0.32222222222222224,0.2818028891398457,0.22389418086890686,0.042441333412281436,0.5879335525317173,3,270,3,"[[41, 10, 15, 3], [20, 23, 10, 13], [39, 14, 9, 4], [32, 17, 17, 3]]",2026-03-21T19:54:03.384544
physionet_mi,BPE_Windowed_LogReg,1024,456,5fold-subject,0.2814814814814815,0.0499656946786372,0.2111111111111111,0.32222222222222224,0.2818028891398457,0.22389418086890686,0.042441333412281436,0.5878268656652155,3,270,3,"[[41, 10, 15, 3], [20, 23, 10, 13], [39, 14, 9, 4], [32, 17, 17, 3]]",2026-03-21T19:54:03.387544
physionet_mi,BPE_Windowed_LogReg,1024,789,5fold-subject,0.2814814814814815,0.0499656946786372,0.2111111111111111,0.32222222222222224,0.2818028891398457,0.22389418086890686,0.042441333412281436,0.5878794750928248,3,270,3,"[[41, 10, 15, 3], [20, 23, 10, 13], [39, 14, 9, 4], [32, 17, 17, 3]]",2026-03-21T19:54:03.390545
physionet_mi,BPE_Windowed_LogReg,1024,2024,5fold-subject,0.2814814814814815,0.0499656946786372,0.2111111111111111,0.32222222222222224,0.2818028891398457,0.22389418086890686,0.042441333412281436,0.5878253976539324,3,270,3,"[[41, 10, 15, 3], [20, 23, 10, 13], [39, 14, 9, 4], [32, 17, 17, 3]]",2026-03-21T19:54:03.393545
physionet_mi,BPE_WindowedSeq_CNN,1024,42,5fold-subject,0.2518518518518518,0.010475656017578484,0.24444444444444444,0.26666666666666666,0.2570091442374051,0.15797044266385726,0.010160632153422888,0.4880508672605573,3,270,3,"[[7, 49, 9, 4], [2, 55, 5, 4], [5, 55, 5, 1], [2, 57, 9, 1]]",2026-03-21T19:54:04.732076
physionet_mi,BPE_WindowedSeq_CNN,1024,123,5fold-subject,0.24074074074074073,0.013857990321384966,0.2222222222222222,0.25555555555555554,0.23947550034506557,0.10291548404022376,-0.01365939634280681,0.5804141129983544,3,270,3,"[[42, 23, 0, 4], [41, 22, 0, 3], [42, 21, 0, 3], [44, 24, 0, 1]]",2026-03-21T19:54:05.439586
physionet_mi,BPE_WindowedSeq_CNN,1024,456,5fold-subject,0.2592592592592593,0.01888525745775106,0.2333333333333333,0.2777777777777778,0.25534851621808147,0.15271527113841676,0.006407180236526496,0.5354582544480243,3,270,3,"[[19, 20, 0, 30], [19, 22, 0, 25], [24, 13, 2, 27], [21, 21, 0, 27]]",2026-03-21T19:54:06.381608
physionet_mi,BPE_WindowedSeq_CNN,1024,789,5fold-subject,0.23703703703703702,0.010475656017578484,0.2222222222222222,0.24444444444444444,0.24221249764728026,0.12022852898890324,-0.009672699130238641,0.5132781376697665,3,270,3,"[[21, 25, 21, 2], [21, 25, 19, 1], [23, 24, 18, 1], [19, 26, 24, 0]]",2026-03-21T19:54:07.180616
physionet_mi,BPE_WindowedSeq_CNN,1024,2024,5fold-subject,0.24074074074074073,0.005237828008789236,0.2333333333333333,0.24444444444444444,0.2365091128678085,0.1440832313401457,-0.016543063229812027,0.4919203628281719,3,270,3,"[[57, 6, 6, 0], [46, 7, 8, 5], [59, 6, 0, 1], [54, 8, 6, 1]]",2026-03-21T19:54:08.401609
physionet_mi,BPE_Bigram_LogReg,1024,42,5fold-subject,0.24444444444444446,0.00907218423253028,0.2333333333333333,0.25555555555555554,0.24894323671497584,0.11834610584610583,-0.002002002002002031,0.49352106517526223,3,270,3,"[[16, 23, 23, 7], [11, 22, 22, 11], [10, 24, 21, 11], [17, 21, 24, 7]]",2026-03-21T19:54:08.507676
physionet_mi,BPE_Bigram_LogReg,1024,123,5fold-subject,0.2333333333333333,0.0415739709641549,0.18888888888888888,0.28888888888888886,0.23564644896166634,0.15042519284877257,-0.019368462865265612,0.49344060369774195,3,270,3,"[[25, 31, 7, 6], [18, 29, 12, 7], [13, 44, 9, 0], [18, 45, 6, 0]]",2026-03-21T19:54:08.510676
physionet_mi,BPE_Bigram_LogReg,1024,456,5fold-subject,0.26666666666666666,0.032710225430843884,0.2333333333333333,0.3111111111111111,0.2672297509254031,0.1537056257692105,0.02124818031565597,0.49349566387508476,3,270,3,"[[52, 2, 13, 2], [44, 3, 15, 4], [40, 4, 17, 5], [45, 8, 16, 0]]",2026-03-21T19:54:08.513676
physionet_mi,BPE_Bigram_LogReg,1024,789,5fold-subject,0.30370370370370375,0.04475202212442433,0.26666666666666666,0.36666666666666664,0.30528891398456615,0.2027987861811391,0.0720562861509686,0.4934979452168324,3,270,3,"[[52, 1, 16, 0], [47, 1, 18, 0], [35, 2, 29, 0], [39, 4, 26, 0]]",2026-03-21T19:54:08.516677
physionet_mi,BPE_Bigram_LogReg,1024,2024,5fold-subject,0.24074074074074073,0.010475656017578472,0.2333333333333333,0.25555555555555554,0.2435515873015873,0.11915853907004348,-0.01097804391217568,0.493383996184293,3,270,3,"[[23, 0, 25, 21], [22, 0, 25, 19], [24, 0, 29, 13], [21, 0, 35, 13]]",2026-03-21T19:54:08.519176
physionet_mi,BPE_Seq_CNN,1024,42,5fold-subject,0.24444444444444444,0.009072184232530279,0.2333333333333333,0.25555555555555554,0.2586187966622749,0.1404625262273882,0.009911589468559375,0.5283827137558004,3,270,3,"[[9, 2, 42, 16], [10, 1, 43, 12], [12, 1, 41, 12], [9, 1, 44, 15]]",2026-03-21T19:54:08.721186
physionet_mi,BPE_Seq_CNN,1024,123,5fold-subject,0.22592592592592595,0.03186046395200973,0.18888888888888888,0.26666666666666666,0.2235789572746094,0.12767475553818397,-0.034427595345737805,0.4945503057590081,3,270,3,"[[52, 5, 11, 1], [53, 3, 9, 1], [59, 1, 5, 1], [54, 4, 10, 1]]",2026-03-21T19:54:08.852189
physionet_mi,BPE_Seq_CNN,1024,456,5fold-subject,0.26296296296296295,0.026189140043946204,0.24444444444444444,0.3,0.2662180814354727,0.1654777285591239,0.022100329207250913,0.483257080288706,3,270,3,"[[22, 23, 11, 13], [24, 22, 12, 8], [15, 21, 14, 16], [20, 24, 12, 13]]",2026-03-21T19:54:08.996192
physionet_mi,BPE_Seq_CNN,1024,789,5fold-subject,0.24814814814814815,0.005237828008789236,0.24444444444444444,0.25555555555555554,0.2593795093795094,0.13350600989187944,0.011831104309510584,0.4969755668344724,3,270,3,"[[0, 36, 33, 0], [0, 36, 30, 0], [0, 35, 31, 0], [0, 33, 36, 0]]",2026-03-21T19:54:09.132193
physionet_mi,BPE_Seq_CNN,1024,2024,5fold-subject,0.23703703703703702,0.02618914004394619,0.20000000000000004,0.25555555555555554,0.23863636363636362,0.13391699573448929,-0.016642188026032605,0.48829244907278646,3,270,3,"[[0, 19, 28, 22], [0, 19, 28, 19], [0, 23, 25, 18], [0, 18, 31, 20]]",2026-03-21T19:54:09.258193
physionet_mi,BPE_Seq_Transformer,1024,42,5fold-subject,0.21851851851851853,0.02771598064276993,0.18888888888888888,0.25555555555555554,0.2267786561264822,0.14426905556467917,-0.030756499062236986,0.4971468103362977,3,270,3,"[[3, 1, 52, 13], [2, 2, 47, 15], [5, 0, 41, 20], [2, 2, 52, 13]]",2026-03-21T19:54:19.429549
physionet_mi,BPE_Seq_Transformer,1024,123,5fold-subject,0.23703703703703702,0.010475656017578484,0.2222222222222222,0.24444444444444444,0.24471422297509257,0.15671242567461804,-0.005849900398223418,0.5173278638256738,3,270,3,"[[8, 38, 12, 11], [7, 36, 12, 11], [8, 30, 9, 19], [5, 37, 16, 11]]",2026-03-21T19:54:20.168546
physionet_mi,BPE_Seq_Transformer,1024,456,5fold-subject,0.24074074074074073,0.010475656017578472,0.2333333333333333,0.25555555555555554,0.25613275613275616,0.12186331630776076,0.008090614886731351,0.5347924340145539,3,270,3,"[[0, 8, 46, 15], [0, 10, 44, 12], [0, 4, 42, 20], [0, 8, 48, 13]]",2026-03-21T19:54:20.847540
physionet_mi,BPE_Seq_Transformer,1024,789,5fold-subject,0.2592592592592593,0.03666479606152469,0.2333333333333333,0.3111111111111111,0.2616087113369722,0.19874437827008204,0.01646856159030489,0.5035013061737257,3,270,3,"[[7, 21, 10, 31], [7, 24, 8, 27], [5, 17, 8, 36], [9, 19, 10, 31]]",2026-03-21T19:54:21.487055
physionet_mi,BPE_Seq_Transformer,1024,2024,5fold-subject,0.22592592592592595,0.005237828008789249,0.2222222222222222,0.2333333333333333,0.24116161616161613,0.10942636860068052,-0.010863395122384434,0.5018142938288851,3,270,3,"[[0, 5, 41, 23], [0, 5, 39, 22], [0, 7, 35, 24], [0, 5, 43, 21]]",2026-03-21T19:54:22.073053
physionet_mi,BPE_Seq_CW_Transformer,1024,42,5fold-subject,0.2518518518518518,0.018885257457751062,0.2333333333333333,0.2777777777777778,0.2599872953133822,0.17034866756618272,0.014786805729587868,0.5411259269913171,3,270,3,"[[10, 9, 43, 7], [10, 8, 41, 7], [5, 6, 45, 10], [11, 4, 49, 5]]",2026-03-21T19:55:05.104469
physionet_mi,BPE_Seq_CW_Transformer,1024,123,5fold-subject,0.26666666666666666,0.024002743327436512,0.2333333333333333,0.28888888888888886,0.2628517316017316,0.13994414701311253,0.017760558362482175,0.5440422141726203,3,270,3,"[[0, 1, 49, 19], [0, 3, 45, 18], [0, 3, 45, 18], [1, 0, 44, 24]]",2026-03-21T19:55:07.280627
physionet_mi,BPE_Seq_CW_Transformer,1024,456,5fold-subject,0.24074074074074073,0.01888525745775106,0.2222222222222222,0.26666666666666666,0.251401828847481,0.1531356223505359,0.0019195948567525638,0.5548136745226345,3,270,3,"[[6, 0, 46, 17], [7, 0, 41, 18], [7, 0, 38, 21], [2, 0, 46, 21]]",2026-03-21T19:55:09.273646
physionet_mi,BPE_Seq_CW_Transformer,1024,789,5fold-subject,0.24074074074074073,0.03666479606152467,0.20000000000000004,0.28888888888888886,0.251758658008658,0.13733341832398438,0.0024381486060773097,0.5504432362421826,3,270,3,"[[0, 11, 57, 1], [2, 15, 46, 3], [3, 14, 46, 3], [0, 13, 52, 4]]",2026-03-21T19:55:11.158155
physionet_mi,BPE_Seq_CW_Transformer,1024,2024,5fold-subject,0.23703703703703702,0.013857990321384963,0.2222222222222222,0.25555555555555554,0.25139986824769434,0.1364062250105266,0.0013276754746690544,0.5632332456724324,3,270,3,"[[3, 4, 42, 20], [3, 3, 39, 21], [1, 4, 38, 23], [0, 7, 42, 20]]",2026-03-21T19:55:13.565219
physionet_mi,CSP_LDA,1024,42,5fold-subject,0.2148148148148148,0.010475656017578472,0.20000000000000004,0.2222222222222222,0.22523370349457306,0.12043012953729615,-0.03330318470553162,0.4656823954829213,3,270,3,"[[8, 12, 25, 24], [11, 12, 18, 25], [9, 19, 20, 18], [12, 15, 24, 18]]",2026-03-21T19:55:37.719835
physionet_mi,CSP_LDA,1024,123,5fold-subject,0.2148148148148148,0.010475656017578472,0.20000000000000004,0.2222222222222222,0.22523370349457306,0.12043012953729615,-0.03330318470553162,0.4656823954829213,3,270,3,"[[8, 12, 25, 24], [11, 12, 18, 25], [9, 19, 20, 18], [12, 15, 24, 18]]",2026-03-21T19:55:37.722835
physionet_mi,CSP_LDA,1024,456,5fold-subject,0.2148148148148148,0.010475656017578472,0.20000000000000004,0.2222222222222222,0.22523370349457306,0.12043012953729615,-0.03330318470553162,0.4656823954829213,3,270,3,"[[8, 12, 25, 24], [11, 12, 18, 25], [9, 19, 20, 18], [12, 15, 24, 18]]",2026-03-21T19:55:37.725834
physionet_mi,CSP_LDA,1024,789,5fold-subject,0.2148148148148148,0.010475656017578472,0.20000000000000004,0.2222222222222222,0.22523370349457306,0.12043012953729615,-0.03330318470553162,0.4656823954829213,3,270,3,"[[8, 12, 25, 24], [11, 12, 18, 25], [9, 19, 20, 18], [12, 15, 24, 18]]",2026-03-21T19:55:37.729335
physionet_mi,CSP_LDA,1024,2024,5fold-subject,0.2148148148148148,0.010475656017578472,0.20000000000000004,0.2222222222222222,0.22523370349457306,0.12043012953729615,-0.03330318470553162,0.4656823954829213,3,270,3,"[[8, 12, 25, 24], [11, 12, 18, 25], [9, 19, 20, 18], [12, 15, 24, 18]]",2026-03-21T19:55:37.731834
physionet_mi,EEGNet,1024,42,5fold-subject,0.2888888888888889,0.0628539361054709,0.24444444444444444,0.37777777777777777,0.29362922705314004,0.1908898531033828,0.05837424986361154,0.5541242020949859,3,270,3,"[[13, 48, 5, 3], [0, 55, 8, 3], [3, 53, 7, 3], [2, 52, 12, 3]]",2026-03-21T19:55:43.155995
physionet_mi,EEGNet,1024,123,5fold-subject,0.24444444444444444,0.009072184232530279,0.2333333333333333,0.25555555555555554,0.25,0.09819293060443503,0.0,0.5095434505508297,3,270,3,"[[23, 23, 0, 23], [22, 22, 0, 22], [21, 21, 0, 24], [24, 24, 0, 21]]",2026-03-21T19:55:43.158995
physionet_mi,EEGNet,1024,456,5fold-subject,0.25555555555555554,0.00907218423253029,0.24444444444444444,0.26666666666666666,0.25,0.1017491183711491,0.0,0.4518250927918543,3,270,3,"[[23, 23, 0, 23], [22, 22, 0, 22], [21, 24, 0, 21], [24, 21, 0, 24]]",2026-03-21T19:55:43.161995
physionet_mi,EEGNet,1024,789,5fold-subject,0.25555555555555554,0.00907218423253029,0.24444444444444444,0.26666666666666666,0.25,0.1017491183711491,0.0,0.5032551998342452,3,270,3,"[[23, 23, 23, 0], [22, 22, 22, 0], [21, 21, 24, 0], [24, 24, 21, 0]]",2026-03-21T19:55:43.164995
physionet_mi,EEGNet,1024,2024,5fold-subject,0.25555555555555554,0.01571348402636772,0.2333333333333333,0.26666666666666666,0.25,0.10170697012802277,0.0,0.4977010623425886,3,270,3,"[[0, 0, 46, 23], [0, 0, 44, 22], [0, 0, 45, 21], [0, 0, 45, 24]]",2026-03-21T19:55:43.167995
physionet_mi,Patching_LogReg,1024,42,5fold-subject,0.24814814814814815,0.010475656017578472,0.2333333333333333,0.25555555555555554,0.25,0.09937813920114806,0.0,0.547297084945122,3,270,3,"[[46, 0, 0, 23], [44, 0, 0, 22], [42, 0, 0, 24], [48, 0, 0, 21]]",2026-03-21T19:55:44.403544
physionet_mi,Patching_LogReg,1024,123,5fold-subject,0.24814814814814815,0.010475656017578472,0.2333333333333333,0.25555555555555554,0.25,0.09937813920114806,0.0,0.547297084945122,3,270,3,"[[46, 0, 0, 23], [44, 0, 0, 22], [42, 0, 0, 24], [48, 0, 0, 21]]",2026-03-21T19:55:44.406544
physionet_mi,Patching_LogReg,1024,456,5fold-subject,0.24814814814814815,0.010475656017578472,0.2333333333333333,0.25555555555555554,0.25,0.09937813920114806,0.0,0.547297084945122,3,270,3,"[[46, 0, 0, 23], [44, 0, 0, 22], [42, 0, 0, 24], [48, 0, 0, 21]]",2026-03-21T19:55:44.409544
physionet_mi,Patching_LogReg,1024,789,5fold-subject,0.24814814814814815,0.010475656017578472,0.2333333333333333,0.25555555555555554,0.25,0.09937813920114806,0.0,0.547297084945122,3,270,3,"[[46, 0, 0, 23], [44, 0, 0, 22], [42, 0, 0, 24], [48, 0, 0, 21]]",2026-03-21T19:55:44.412544
physionet_mi,Patching_LogReg,1024,2024,5fold-subject,0.24814814814814815,0.010475656017578472,0.2333333333333333,0.25555555555555554,0.25,0.09937813920114806,0.0,0.5472970849451219,3,270,3,"[[46, 0, 0, 23], [44, 0, 0, 22], [42, 0, 0, 24], [48, 0, 0, 21]]",2026-03-21T19:55:44.415544
physionet_mi,VQ_LogReg,1024,42,5fold-subject,0.3148148148148148,0.04996569467863719,0.25555555555555554,0.35555555555555557,0.3129528985507246,0.2099217850115577,0.08422372424265967,0.5920832580880725,3,270,3,"[[49, 0, 1, 19], [42, 0, 2, 22], [37, 0, 7, 22], [35, 0, 5, 29]]",2026-03-21T19:55:50.866521
physionet_mi,VQ_LogReg,1024,123,5fold-subject,0.3148148148148148,0.04996569467863719,0.25555555555555554,0.37777777777777777,0.3129528985507246,0.2099217850115577,0.08422372424265967,0.5920832580880725,3,270,3,"[[49, 0, 1, 19], [42, 0, 2, 22], [37, 0, 7, 22], [35, 0, 5, 29]]",2026-03-21T19:55:50.869521
physionet_mi,VQ_LogReg,1024,456,5fold-subject,0.3148148148148148,0.04996569467863719,0.25555555555555554,0.37777777777777777,0.31295289855072467,0.2099217850115577,0.08422372424265967,0.5920832580880725,3,270,3,"[[49, 0, 1, 19], [42, 0, 2, 22], [37, 0, 7, 22], [35, 0, 5, 29]]",2026-03-21T19:55:50.873024
physionet_mi,VQ_LogReg,1024,789,5fold-subject,0.3148148148148148,0.04996569467863719,0.25555555555555554,0.37777777777777777,0.3129528985507246,0.2099217850115577,0.08422372424265967,0.5920832580880725,3,270,3,"[[49, 0, 1, 19], [42, 0, 2, 22], [37, 0, 7, 22], [35, 0, 5, 29]]",2026-03-21T19:55:50.876024
physionet_mi,VQ_LogReg,1024,2024,5fold-subject,0.3148148148148148,0.04996569467863719,0.25555555555555554,0.37777777777777777,0.3129528985507246,0.2099217850115577,0.08422372424265967,0.5920832580880726,3,270,3,"[[49, 0, 1, 19], [42, 0, 2, 22], [37, 0, 7, 22], [35, 0, 5, 29]]",2026-03-21T19:55:50.879024
physionet_mi,Chronos_Binning,1024,42,5fold-subject,0.26666666666666666,0.01814436846506057,0.24444444444444444,0.28888888888888886,0.2675591316895665,0.16345328819491048,0.023519564913424957,0.5067540955661495,3,270,3,"[[50, 1, 16, 2], [45, 5, 13, 3], [41, 6, 15, 4], [45, 3, 19, 2]]",2026-03-21T19:55:56.380196
physionet_mi,Chronos_Binning,1024,123,5fold-subject,0.26666666666666666,0.01814436846506057,0.24444444444444444,0.28888888888888886,0.2675591316895665,0.16345328819491048,0.023519564913424957,0.5067540955661495,3,270,3,"[[50, 1, 16, 2], [45, 5, 13, 3], [41, 6, 15, 4], [45, 3, 19, 2]]",2026-03-21T19:55:56.383196
physionet_mi,Chronos_Binning,1024,456,5fold-subject,0.26666666666666666,0.01814436846506057,0.24444444444444444,0.28888888888888886,0.26755913168956647,0.16345328819491048,0.023519564913424957,0.5067540955661495,3,270,3,"[[50, 1, 16, 2], [45, 5, 13, 3], [41, 6, 15, 4], [45, 3, 19, 2]]",2026-03-21T19:55:56.386197
physionet_mi,Chronos_Binning,1024,789,5fold-subject,0.26666666666666666,0.01814436846506057,0.24444444444444444,0.28888888888888886,0.2675591316895665,0.16345328819491048,0.023519564913424957,0.5067540955661495,3,270,3,"[[50, 1, 16, 2], [45, 5, 13, 3], [41, 6, 15, 4], [45, 3, 19, 2]]",2026-03-21T19:55:56.389196
physionet_mi,Chronos_Binning,1024,2024,5fold-subject,0.26666666666666666,0.01814436846506057,0.24444444444444444,0.28888888888888886,0.2675591316895665,0.16345328819491048,0.023519564913424957,0.5067540955661495,3,270,3,"[[50, 1, 16, 2], [45, 5, 13, 3], [41, 6, 15, 4], [45, 3, 19, 2]]",2026-03-21T19:55:56.392196
physionet_mi,PSD_LogReg,1024,42,5fold-subject,0.2740740740740741,0.05832598425193935,0.2222222222222222,0.35555555555555557,0.28057163247380634,0.20870875881988074,0.03681893097069744,0.5520167162608329,3,270,3,"[[20, 30, 8, 11], [19, 26, 4, 17], [14, 25, 8, 19], [15, 27, 7, 20]]",2026-03-21T19:55:58.712941
physionet_mi,PSD_LogReg,1024,123,5fold-subject,0.2740740740740741,0.05832598425193935,0.2222222222222222,0.35555555555555557,0.28057163247380634,0.20870875881988074,0.03681893097069744,0.5519468266449076,3,270,3,"[[20, 30, 8, 11], [19, 26, 4, 17], [14, 25, 8, 19], [15, 27, 7, 20]]",2026-03-21T19:55:58.715939
physionet_mi,PSD_LogReg,1024,456,5fold-subject,0.2740740740740741,0.05832598425193935,0.2222222222222222,0.35555555555555557,0.2805716324738064,0.20870875881988074,0.03681893097069744,0.552058234844551,3,270,3,"[[20, 30, 8, 11], [19, 26, 4, 17], [14, 25, 8, 19], [15, 27, 7, 20]]",2026-03-21T19:55:58.718939
physionet_mi,PSD_LogReg,1024,789,5fold-subject,0.27777777777777773,0.05665577237325318,0.2222222222222222,0.35555555555555557,0.2843595112616852,0.21026654970788972,0.041734867831718536,0.5516102762364262,3,270,3,"[[20, 30, 8, 11], [18, 27, 4, 17], [15, 24, 8, 19], [15, 27, 7, 20]]",2026-03-21T19:55:58.721439
physionet_mi,PSD_LogReg,1024,2024,5fold-subject,0.2777777777777778,0.05665577237325318,0.2222222222222222,0.35555555555555557,0.2843595112616852,0.21026654970788972,0.041734867831718536,0.5520629561776925,3,270,3,"[[20, 30, 8, 11], [18, 27, 4, 17], [15, 24, 8, 19], [15, 27, 7, 20]]",2026-03-21T19:55:58.724439
sleep_edf,BPE_Hist_LogReg,1024,42,5fold-subject,0.7360602260105195,0.06426702172556921,0.650188679245283,0.8047822983583156,0.5753446348909493,0.47489492040470854,0.512505277670093,0.898156940982834,3,8256,3,"[[5051, 538, 109, 47, 15], [39, 119, 40, 12, 51], [50, 79, 377, 595, 256], [1, 0, 1, 416, 2], [78, 188, 46, 19, 127]]",2026-03-21T19:59:48.147914
sleep_edf,BPE_Hist_LogReg,1024,123,5fold-subject,0.7358356083462422,0.06305618925413482,0.6509433962264151,0.8019271948608137,0.578916966036531,0.48135691770014005,0.514097394432281,0.8982823842406038,3,8256,3,"[[5029, 563, 122, 38, 8], [37, 125, 41, 11, 47], [52, 121, 414, 553, 217], [0, 0, 2, 414, 4], [79, 212, 46, 15, 106]]",2026-03-21T19:59:48.151415
sleep_edf,BPE_Hist_LogReg,1024,456,5fold-subject,0.7393648687031568,0.05853628011325766,0.6618867924528302,0.8033547466095646,0.5869008269299901,0.4923716253792141,0.519670614337747,0.8981969881844439,3,8256,3,"[[5038, 544, 121, 42, 15], [37, 105, 41, 13, 65], [50, 49, 403, 562, 293], [0, 0, 4, 412, 4], [78, 160, 41, 21, 158]]",2026-03-21T19:59:48.154414
sleep_edf,BPE_Hist_LogReg,1024,789,5fold-subject,0.7398172858894433,0.05477572802781572,0.6671698113207546,0.7994289793004996,0.5863716086964792,0.4899596048611646,0.518934842789858,0.8982424275250009,3,8256,3,"[[5050, 529, 121, 42, 18], [39, 121, 41, 11, 49], [51, 77, 410, 562, 257], [0, 0, 4, 412, 4], [80, 189, 41, 22, 126]]",2026-03-21T19:59:48.157414
sleep_edf,BPE_Hist_LogReg,1024,2024,5fold-subject,0.7385482309492833,0.061609280162957074,0.6562264150943397,0.8044254104211278,0.5781198228047358,0.47813246669357296,0.5163629572433158,0.8980951666869098,3,8256,3,"[[5055, 526, 118, 42, 19], [39, 115, 40, 12, 55], [51, 83, 393, 586, 244], [0, 0, 2, 415, 3], [78, 184, 45, 19, 132]]",2026-03-21T19:59:48.160414
sleep_edf,BPE_Hist_RF,1024,42,5fold-subject,0.8752702699197847,0.005090332817183547,0.870188679245283,0.8822269807280514,0.5966428202992735,0.572954732451935,0.7316285680133566,0.9580114064218131,3,8256,3,"[[5616, 19, 84, 2, 39], [146, 2, 61, 0, 52], [20, 0, 1161, 115, 61], [0, 0, 136, 284, 0], [79, 0, 214, 1, 164]]",2026-03-21T20:00:12.785044
sleep_edf,BPE_Hist_RF,1024,123,5fold-subject,0.8752702699197847,0.005090332817183547,0.870188679245283,0.8822269807280514,0.5966428202992735,0.572954732451935,0.7316285680133566,0.9580114064218131,3,8256,3,"[[5616, 19, 84, 2, 39], [146, 2, 61, 0, 52], [20, 0, 1161, 115, 61], [0, 0, 136, 284, 0], [79, 0, 214, 1, 164]]",2026-03-21T20:00:12.789045
sleep_edf,BPE_Hist_RF,1024,456,5fold-subject,0.8752702699197847,0.005090332817183547,0.870188679245283,0.8822269807280514,0.5966428202992734,0.572954732451935,0.7316285680133566,0.9580114064218131,3,8256,3,"[[5616, 19, 84, 2, 39], [146, 2, 61, 0, 52], [20, 0, 1161, 115, 61], [0, 0, 136, 284, 0], [79, 0, 214, 1, 164]]",2026-03-21T20:00:12.792044
sleep_edf,BPE_Hist_RF,1024,789,5fold-subject,0.8752702699197847,0.005090332817183547,0.870188679245283,0.8822269807280514,0.5966428202992735,0.572954732451935,0.7316285680133566,0.9580114064218131,3,8256,3,"[[5616, 19, 84, 2, 39], [146, 2, 61, 0, 52], [20, 0, 1161, 115, 61], [0, 0, 136, 284, 0], [79, 0, 214, 1, 164]]",2026-03-21T20:00:12.795044
sleep_edf,BPE_Hist_RF,1024,2024,5fold-subject,0.8752702699197847,0.005090332817183547,0.870188679245283,0.8822269807280514,0.5966428202992735,0.572954732451935,0.7316285680133566,0.9580114064218131,3,8256,3,"[[5616, 19, 84, 2, 39], [146, 2, 61, 0, 52], [20, 0, 1161, 115, 61], [0, 0, 136, 284, 0], [79, 0, 214, 1, 164]]",2026-03-21T20:00:12.798044
sleep_edf,BPE_Windowed_LogReg,1024,42,5fold-subject,0.7140862913464198,0.13664622906327029,0.5211320754716982,0.8197715917201999,0.5998632943560592,0.5006717939683012,0.523128777212387,0.9227340329173773,3,8256,3,"[[4670, 954, 114, 21, 1], [28, 169, 40, 3, 21], [13, 268, 655, 351, 70], [0, 3, 27, 390, 0], [56, 295, 60, 6, 41]]",2026-03-21T20:04:18.601806
sleep_edf,BPE_Windowed_LogReg,1024,123,5fold-subject,0.7419125821122589,0.09639489558903513,0.6060377358490566,0.8194147037830121,0.6167701423537219,0.5324764534615268,0.5478529783919228,0.922016029249973,3,8256,3,"[[4858, 625, 127, 23, 127], [25, 72, 43, 3, 118], [7, 21, 570, 361, 398], [0, 1, 17, 396, 6], [47, 105, 51, 5, 250]]",2026-03-21T20:04:18.604806
sleep_edf,BPE_Windowed_LogReg,1024,456,5fold-subject,0.6974694932521736,0.1746589344832766,0.4509433962264151,0.8340471092077087,0.6016456143445265,0.5206740519782515,0.5179827456501237,0.9242077485086749,3,8256,3,"[[4514, 1115, 103, 22, 6], [28, 132, 43, 3, 55], [11, 157, 636, 340, 213], [0, 8, 30, 381, 1], [54, 205, 60, 6, 133]]",2026-03-21T20:04:18.607806
sleep_edf,BPE_Windowed_LogReg,1024,789,5fold-subject,0.7780138335693213,0.059894583827888113,0.6947169811320754,0.8329764453961456,0.5544242375539014,0.4727831887080942,0.5676735393446268,0.912827970390397,3,8256,3,"[[5266, 31, 67, 247, 149], [28, 97, 37, 43, 56], [14, 68, 550, 566, 159], [0, 0, 1, 418, 1], [55, 112, 64, 122, 105]]",2026-03-21T20:04:18.611305
sleep_edf,BPE_Windowed_LogReg,1024,2024,5fold-subject,0.7262095562306197,0.1316182645912874,0.540377358490566,0.8283369022127052,0.6035110101995133,0.5279638824338344,0.5363329796222122,0.9228077860944234,3,8256,3,"[[4736, 839, 130, 20, 35], [28, 139, 43, 3, 48], [13, 128, 707, 317, 192], [0, 2, 82, 332, 4], [54, 216, 72, 6, 110]]",2026-03-21T20:04:18.614306
sleep_edf,BPE_WindowedSeq_CNN,1024,42,5fold-subject,0.8484871999388757,0.02302972523442297,0.8166037735849057,0.8701854493580599,0.5265998055983939,0.49829585572680957,0.6763953395750879,0.9402280535473277,3,8256,3,"[[5537, 17, 90, 0, 116], [143, 1, 90, 0, 27], [40, 0, 1169, 88, 60], [0, 0, 187, 233, 0], [80, 0, 308, 0, 70]]",2026-03-21T20:04:38.599413
sleep_edf,BPE_WindowedSeq_CNN,1024,123,5fold-subject,0.8413404826063471,0.036621971664297724,0.7898113207547169,0.8716119828815977,0.5032569020842822,0.45922608693498174,0.6588496478347864,0.9410024928548216,3,8256,3,"[[5555, 7, 87, 0, 111], [145, 0, 91, 0, 25], [33, 0, 1176, 85, 63], [0, 0, 268, 152, 0], [84, 0, 303, 0, 71]]",2026-03-21T20:04:58.248552
sleep_edf,BPE_WindowedSeq_CNN,1024,456,5fold-subject,0.8363611704771632,0.037358742607112305,0.7841509433962264,0.869472182596291,0.48656514482916013,0.44450251320898254,0.6478248176809265,0.9382954675506663,3,8256,3,"[[5545, 3, 99, 0, 113], [150, 0, 93, 0, 18], [43, 0, 1179, 83, 52], [0, 0, 277, 143, 0], [89, 0, 323, 0, 46]]",2026-03-21T20:05:16.913360
sleep_edf,BPE_WindowedSeq_CNN,1024,789,5fold-subject,0.8370608750554477,0.038419805133409854,0.7833962264150943,0.8712553495007133,0.49330915634530337,0.45210525654573086,0.6506734014367385,0.9374399542685371,3,8256,3,"[[5540, 6, 96, 0, 118], [147, 1, 91, 0, 22], [39, 0, 1175, 80, 63], [0, 0, 276, 144, 0], [82, 0, 317, 0, 59]]",2026-03-21T20:05:36.142675
sleep_edf,BPE_WindowedSeq_CNN,1024,2024,5fold-subject,0.841513693986014,0.03492047401334534,0.7928301886792454,0.8730385164051354,0.513703592632207,0.47225301916143886,0.6611289496922483,0.9431428368808642,3,8256,3,"[[5540, 25, 82, 0, 113], [146, 2, 77, 0, 36], [35, 0, 1169, 82, 71], [0, 0, 275, 145, 0], [81, 0, 278, 0, 99]]",2026-03-21T20:05:55.089309
sleep_edf,BPE_Bigram_LogReg,1024,42,5fold-subject,0.6162959365020412,0.15187837374922136,0.4015094339622641,0.7244825124910778,0.5205252297907088,0.3713800095002758,0.3982556833722482,0.8778462674531942,3,8256,3,"[[4196, 1398, 113, 53, 0], [65, 154, 20, 22, 0], [22, 283, 355, 689, 8], [0, 1, 3, 416, 0], [44, 345, 30, 39, 0]]",2026-03-21T20:06:14.552117
sleep_edf,BPE_Bigram_LogReg,1024,123,5fold-subject,0.7192470161150277,0.08466183700165009,0.6083018867924528,0.8137044967880086,0.5658606512602488,0.436184181559933,0.49219967550937493,0.8783247662252546,3,8256,3,"[[5024, 658, 30, 35, 13], [120, 78, 8, 20, 35], [35, 32, 209, 629, 452], [0, 0, 4, 414, 2], [14, 174, 8, 32, 230]]",2026-03-21T20:06:14.555117
sleep_edf,BPE_Bigram_LogReg,1024,456,5fold-subject,0.7204796753954376,0.013189034839610637,0.7026415094339623,0.7341184867951464,0.5771701801764572,0.4074368787753994,0.48768556885680053,0.8775699227641146,3,8256,3,"[[5068, 419, 2, 120, 151], [82, 55, 3, 32, 89], [13, 52, 81, 852, 359], [0, 0, 0, 418, 2], [3, 81, 9, 36, 329]]",2026-03-21T20:06:14.558117
sleep_edf,BPE_Bigram_LogReg,1024,789,5fold-subject,0.5750257687505901,0.11155329381389739,0.4588679245283019,0.7255531763026409,0.5025965760503772,0.3432067011160445,0.33657855822821614,0.8766855206602253,3,8256,3,"[[3904, 696, 596, 138, 426], [54, 60, 56, 31, 60], [0, 33, 154, 845, 325], [0, 0, 0, 418, 2], [0, 44, 147, 38, 229]]",2026-03-21T20:06:14.561118
sleep_edf,BPE_Bigram_LogReg,1024,2024,5fold-subject,0.5413559083981289,0.30415772588025564,0.11245283018867924,0.7840827980014277,0.4839334755373599,0.31539090915806206,0.36471224130031477,0.8782015731647497,3,8256,3,"[[3687, 1952, 44, 50, 27], [127, 61, 11, 16, 46], [64, 115, 212, 656, 310], [0, 1, 2, 416, 1], [114, 139, 20, 26, 159]]",2026-03-21T20:06:14.564118
sleep_edf,BPE_Seq_CNN,1024,42,5fold-subject,0.7904266056894493,0.011607449060675174,0.7769450392576731,0.8052781740370899,0.34627253737923896,0.3093952959654667,0.5064825178034574,0.8828453521872413,3,8256,3,"[[5558, 0, 202, 0, 0], [186, 0, 74, 0, 1], [388, 0, 962, 7, 0], [27, 0, 387, 6, 0], [243, 0, 215, 0, 0]]",2026-03-21T20:06:26.189380
sleep_edf,BPE_Seq_CNN,1024,123,5fold-subject,0.7956893097476256,0.025910917131335552,0.7665952890792291,0.8295292439372325,0.3661486868614152,0.32971460612260944,0.5265563013320738,0.8835259437638836,3,8256,3,"[[5538, 0, 220, 2, 0], [181, 0, 80, 0, 0], [328, 0, 1005, 24, 0], [16, 0, 377, 27, 0], [228, 0, 228, 2, 0]]",2026-03-21T20:06:32.450466
sleep_edf,BPE_Seq_CNN,1024,456,5fold-subject,0.7907064903128775,0.008665116145560356,0.779800142755175,0.8009985734664765,0.3488038361152023,0.31163714161310474,0.5076172367897227,0.8849937502680113,3,8256,3,"[[5545, 0, 215, 0, 0], [182, 0, 79, 0, 0], [381, 0, 976, 0, 0], [29, 0, 384, 7, 0], [251, 0, 207, 0, 0]]",2026-03-21T20:06:39.294680
sleep_edf,BPE_Seq_CNN,1024,789,5fold-subject,0.7923503018900072,0.018831446085099037,0.7748037116345468,0.8184736091298146,0.3555539006553672,0.32077779896180264,0.5155449636866464,0.8817416332117506,3,8256,3,"[[5529, 0, 231, 0, 0], [186, 0, 75, 0, 0], [349, 0, 1000, 8, 0], [24, 0, 382, 14, 0], [246, 0, 212, 0, 0]]",2026-03-21T20:06:45.589255
sleep_edf,BPE_Seq_CNN,1024,2024,5fold-subject,0.7855857015538739,0.025519986666539863,0.7652002388231227,0.8199001426533523,0.3595537555903898,0.32420309087081317,0.5009976178895067,0.8751369151116625,3,8256,3,"[[5502, 0, 255, 1, 2], [188, 0, 73, 0, 0], [371, 0, 958, 28, 0], [33, 0, 360, 27, 0], [250, 0, 208, 0, 0]]",2026-03-21T20:06:52.436815
sleep_edf,BPE_Seq_Transformer,1024,42,5fold-subject,0.7475452748237559,0.022765133197120695,0.7244825124910778,0.7785306704707561,0.4184936473294842,0.3873694376387656,0.4440210119803843,0.8377688944996063,3,8256,3,"[[5182, 1, 518, 22, 37], [189, 0, 64, 1, 7], [411, 0, 760, 173, 13], [12, 0, 186, 222, 0], [268, 0, 176, 5, 9]]",2026-03-21T20:07:48.121972
sleep_edf,BPE_Seq_Transformer,1024,123,5fold-subject,0.7571896986039922,0.022729664126562375,0.7259100642398287,0.7792439372325249,0.4278373173834047,0.38801870841970604,0.4664539861601857,0.8364622905092216,3,8256,3,"[[5202, 0, 547, 11, 0], [188, 0, 68, 5, 0], [359, 0, 824, 174, 0], [7, 0, 189, 224, 0], [246, 0, 205, 7, 0]]",2026-03-21T20:08:24.535869
sleep_edf,BPE_Seq_Transformer,1024,456,5fold-subject,0.7448331327717841,0.02313291612197761,0.7130620985010707,0.7674750356633381,0.3987855522880766,0.36209785338160194,0.42531088820718005,0.8311921115711899,3,8256,3,"[[5260, 0, 476, 14, 10], [198, 0, 56, 7, 0], [467, 0, 707, 181, 2], [10, 0, 229, 181, 0], [269, 0, 181, 8, 0]]",2026-03-21T20:09:01.528232
sleep_edf,BPE_Seq_Transformer,1024,789,5fold-subject,0.7632410814886342,0.027014469451129144,0.7251962883654532,0.7852830188679244,0.41634595119675927,0.39322661573764234,0.46611433117870965,0.8417304911918254,3,8256,3,"[[5275, 0, 454, 13, 18], [194, 0, 65, 2, 0], [417, 0, 817, 114, 9], [17, 0, 199, 204, 0], [269, 0, 184, 3, 2]]",2026-03-21T20:10:58.763912
sleep_edf,BPE_Seq_Transformer,1024,2024,5fold-subject,0.7570242371349437,0.02410372509894402,0.7273376159885796,0.786376604850214,0.4382452255162533,0.4047874846871206,0.46674984480005416,0.8385437965184711,3,8256,3,"[[5183, 0, 518, 8, 51], [194, 0, 56, 3, 8], [387, 0, 816, 149, 5], [6, 0, 171, 243, 0], [272, 0, 175, 3, 8]]",2026-03-21T20:11:41.764547
sleep_edf,BPE_Seq_CW_Transformer,1024,42,5fold-subject,0.7441169602898379,0.027286646896113025,0.7211320754716981,0.782453637660485,0.3935085864355757,0.37260187128485384,0.43109584992585154,0.8200499043022801,3,8256,3,"[[5204, 10, 487, 4, 55], [189, 0, 66, 2, 4], [466, 0, 778, 104, 9], [15, 0, 247, 158, 0], [262, 1, 185, 3, 7]]",2026-03-21T20:12:16.906918
sleep_edf,BPE_Seq_CW_Transformer,1024,123,5fold-subject,0.7401883575117315,0.01884090232025237,0.720754716981132,0.7656918687589158,0.3794701122783908,0.34474530680729537,0.4179790439660396,0.8183790654006476,3,8256,3,"[[5220, 1, 520, 7, 12], [194, 0, 66, 1, 0], [457, 0, 774, 126, 0], [19, 0, 282, 119, 0], [255, 1, 198, 3, 1]]",2026-03-21T20:12:29.165608
sleep_edf,BPE_Seq_CW_Transformer,1024,456,5fold-subject,0.736423646342744,0.022943738272880078,0.7084225553176302,0.7646219686162624,0.4072652748714162,0.3768322082956252,0.42295265767829454,0.8026339665871313,3,8256,3,"[[5121, 4, 584, 11, 40], [191, 1, 66, 2, 1], [430, 0, 744, 179, 4], [14, 0, 199, 207, 0], [265, 1, 175, 10, 7]]",2026-03-21T20:12:41.905182
sleep_edf,BPE_Seq_CW_Transformer,1024,789,5fold-subject,0.7448855858431448,0.01708642512111014,0.730566037735849,0.7689015691868759,0.41782621817539295,0.38769225866447904,0.44775503973945563,0.8343787261743287,3,8256,3,"[[5142, 7, 542, 11, 58], [173, 0, 76, 5, 7], [388, 1, 783, 166, 19], [17, 0, 190, 213, 0], [227, 0, 213, 4, 14]]",2026-03-21T20:12:55.753433
sleep_edf,BPE_Seq_CW_Transformer,1024,2024,5fold-subject,0.7347331947996305,0.020820541556393755,0.7150943396226414,0.7635520684736091,0.40716910380659593,0.3767008861292979,0.41957344575385064,0.8190304896313189,3,8256,3,"[[5129, 3, 568, 9, 51], [196, 0, 55, 4, 6], [438, 0, 727, 178, 14], [15, 0, 209, 196, 0], [251, 0, 184, 6, 17]]",2026-03-21T20:13:08.703595
sleep_edf,EEGNet,1024,42,5fold-subject,0.816065218772187,0.04357183547747683,0.7544610992148465,0.848074179743224,0.45775889159012734,0.4346998072263126,0.5529057206454694,0.953453039344658,3,8256,3,"[[5676, 0, 19, 65, 0], [210, 0, 45, 1, 5], [346, 14, 810, 87, 100], [1, 0, 187, 232, 0], [291, 1, 150, 1, 15]]",2026-03-21T20:13:42.597017
sleep_edf,EEGNet,1024,123,5fold-subject,0.8077971022834571,0.09053018271749987,0.6800998573466477,0.8796226415094339,0.4168732174822056,0.3904619614141569,0.4645136555070886,0.8973673953236702,3,8256,3,"[[5677, 0, 79, 4, 0], [150, 0, 109, 2, 0], [597, 0, 748, 12, 0], [99, 0, 88, 233, 0], [282, 0, 176, 0, 0]]",2026-03-21T20:13:42.600517
sleep_edf,EEGNet,1024,456,5fold-subject,0.8443325571191204,0.03996377214926045,0.797432239657632,0.8950943396226415,0.5610890601005126,0.49667116123245236,0.6631851767325628,0.9652924087122686,3,8256,3,"[[5630, 11, 12, 104, 3], [135, 35, 58, 8, 25], [34, 4, 829, 488, 2], [1, 0, 3, 416, 0], [230, 32, 140, 3, 53]]",2026-03-21T20:13:42.604016
sleep_edf,EEGNet,1024,789,5fold-subject,0.7555920735304101,0.08075180062509008,0.6800998573466477,0.8675471698113207,0.36275387392958014,0.34993470917374414,0.2905268263084127,0.8738592379557134,3,8256,3,"[[5758, 0, 1, 0, 1], [254, 1, 2, 0, 4], [1110, 1, 218, 26, 2], [110, 0, 80, 230, 0], [436, 6, 2, 0, 14]]",2026-03-21T20:13:42.607023
sleep_edf,EEGNet,1024,2024,5fold-subject,0.8669509666091996,0.04659377771993235,0.8020684736091298,0.9093504639543183,0.5721030561268176,0.5164484989445759,0.7273613816898875,0.9630970900753888,3,8256,3,"[[5435, 0, 230, 82, 13], [34, 1, 152, 4, 70], [4, 0, 1241, 86, 26], [1, 0, 81, 338, 0], [26, 2, 290, 1, 139]]",2026-03-21T20:13:42.610023
sleep_edf,Patching_LogReg,1024,42,5fold-subject,0.6986895914758131,0.03948488688757626,0.662384011420414,0.7535849056603774,0.20000000000000004,0.1643988229509067,0.0,0.7891462792076759,3,8256,3,"[[5760, 0, 0, 0, 0], [261, 0, 0, 0, 0], [1357, 0, 0, 0, 0], [420, 0, 0, 0, 0], [458, 0, 0, 0, 0]]",2026-03-21T20:13:53.999285
sleep_edf,Patching_LogReg,1024,123,5fold-subject,0.6986895914758131,0.03948488688757626,0.662384011420414,0.7535849056603774,0.20000000000000004,0.1643988229509067,0.0,0.7891485718292958,3,8256,3,"[[5760, 0, 0, 0, 0], [261, 0, 0, 0, 0], [1357, 0, 0, 0, 0], [420, 0, 0, 0, 0], [458, 0, 0, 0, 0]]",2026-03-21T20:13:54.002285
sleep_edf,Patching_LogReg,1024,456,5fold-subject,0.6986895914758131,0.03948488688757625,0.662384011420414,0.7535849056603774,0.20000000000000004,0.16439882295090671,0.0,0.7891444621353401,3,8256,3,"[[5760, 0, 0, 0, 0], [261, 0, 0, 0, 0], [1357, 0, 0, 0, 0], [420, 0, 0, 0, 0], [458, 0, 0, 0, 0]]",2026-03-21T20:13:54.005285
sleep_edf,Patching_LogReg,1024,789,5fold-subject,0.6986895914758131,0.03948488688757626,0.662384011420414,0.7535849056603774,0.20000000000000004,0.1643988229509067,0.0,0.7891452329614896,3,8256,3,"[[5760, 0, 0, 0, 0], [261, 0, 0, 0, 0], [1357, 0, 0, 0, 0], [420, 0, 0, 0, 0], [458, 0, 0, 0, 0]]",2026-03-21T20:13:54.008285
sleep_edf,Patching_LogReg,1024,2024,5fold-subject,0.6986895914758131,0.03948488688757625,0.662384011420414,0.7535849056603774,0.20000000000000004,0.16439882295090671,0.0,0.7891410758810022,3,8256,3,"[[5760, 0, 0, 0, 0], [261, 0, 0, 0, 0], [1357, 0, 0, 0, 0], [420, 0, 0, 0, 0], [458, 0, 0, 0, 0]]",2026-03-21T20:13:54.011285
sleep_edf,VQ_LogReg,1024,42,5fold-subject,0.7935859106934902,0.08873097030034338,0.6763026409707352,0.890870185449358,0.36500986531892393,0.33991712943129465,0.4313447522172494,0.968254374363367,3,8256,3,"[[5726, 0, 32, 0, 2], [146, 0, 92, 0, 23], [595, 0, 750, 12, 0], [310, 0, 50, 60, 0], [197, 0, 248, 0, 13]]",2026-03-21T20:14:03.028552
sleep_edf,VQ_LogReg,1024,123,5fold-subject,0.7935859106934902,0.08873097030034338,0.6763026409707352,0.890870185449358,0.36500986531892393,0.33991712943129465,0.4313447522172494,0.9682545847613676,3,8256,3,"[[5726, 0, 32, 0, 2], [146, 0, 92, 0, 23], [595, 0, 750, 12, 0], [310, 0, 50, 60, 0], [197, 0, 248, 0, 13]]",2026-03-21T20:14:03.031551
sleep_edf,VQ_LogReg,1024,456,5fold-subject,0.7935859106934902,0.08873097030034338,0.6763026409707352,0.890870185449358,0.365009865318924,0.33991712943129465,0.4313447522172494,0.9682544197411808,3,8256,3,"[[5726, 0, 32, 0, 2], [146, 0, 92, 0, 23], [595, 0, 750, 12, 0], [310, 0, 50, 60, 0], [197, 0, 248, 0, 13]]",2026-03-21T20:14:03.034553
sleep_edf,VQ_LogReg,1024,789,5fold-subject,0.7935859106934902,0.08873097030034338,0.6763026409707352,0.890870185449358,0.36500986531892393,0.33991712943129465,0.4313447522172494,0.9682544663309899,3,8256,3,"[[5726, 0, 32, 0, 2], [146, 0, 92, 0, 23], [595, 0, 750, 12, 0], [310, 0, 50, 60, 0], [197, 0, 248, 0, 13]]",2026-03-21T20:14:03.038051
sleep_edf,VQ_LogReg,1024,2024,5fold-subject,0.7935859106934902,0.08873097030034338,0.6763026409707352,0.890870185449358,0.36500986531892393,0.33991712943129465,0.4313447522172494,0.968254494879995,3,8256,3,"[[5726, 0, 32, 0, 2], [146, 0, 92, 0, 23], [595, 0, 750, 12, 0], [310, 0, 50, 60, 0], [197, 0, 248, 0, 13]]",2026-03-21T20:14:03.041051
sleep_edf,Chronos_Binning,1024,42,5fold-subject,0.6986895914758131,0.03948488688757626,0.662384011420414,0.7535849056603774,0.20000000000000004,0.1643988229509067,0.0,0.7720367738369598,3,8256,3,"[[5760, 0, 0, 0, 0], [261, 0, 0, 0, 0], [1357, 0, 0, 0, 0], [420, 0, 0, 0, 0], [458, 0, 0, 0, 0]]",2026-03-21T20:14:18.882009
sleep_edf,Chronos_Binning,1024,123,5fold-subject,0.6986895914758131,0.03948488688757626,0.662384011420414,0.7535849056603774,0.20000000000000004,0.1643988229509067,0.0,0.772037845493359,3,8256,3,"[[5760, 0, 0, 0, 0], [261, 0, 0, 0, 0], [1357, 0, 0, 0, 0], [420, 0, 0, 0, 0], [458, 0, 0, 0, 0]]",2026-03-21T20:14:18.885511
sleep_edf,Chronos_Binning,1024,456,5fold-subject,0.6986895914758131,0.03948488688757625,0.662384011420414,0.7535849056603774,0.20000000000000004,0.16439882295090671,0.0,0.7720374777592482,3,8256,3,"[[5760, 0, 0, 0, 0], [261, 0, 0, 0, 0], [1357, 0, 0, 0, 0], [420, 0, 0, 0, 0], [458, 0, 0, 0, 0]]",2026-03-21T20:14:18.888512
sleep_edf,Chronos_Binning,1024,789,5fold-subject,0.6986895914758131,0.03948488688757626,0.662384011420414,0.7535849056603774,0.20000000000000004,0.1643988229509067,0.0,0.7720378344691033,3,8256,3,"[[5760, 0, 0, 0, 0], [261, 0, 0, 0, 0], [1357, 0, 0, 0, 0], [420, 0, 0, 0, 0], [458, 0, 0, 0, 0]]",2026-03-21T20:14:18.891512
sleep_edf,Chronos_Binning,1024,2024,5fold-subject,0.6986895914758131,0.03948488688757625,0.662384011420414,0.7535849056603774,0.20000000000000004,0.16439882295090671,0.0,0.7720376588480944,3,8256,3,"[[5760, 0, 0, 0, 0], [261, 0, 0, 0, 0], [1357, 0, 0, 0, 0], [420, 0, 0, 0, 0], [458, 0, 0, 0, 0]]",2026-03-21T20:14:18.894511
sleep_edf,PSD_LogReg,1024,42,5fold-subject,0.8342576353394695,0.07296665048908518,0.7521398002853067,0.929433962264151,0.7632091474930279,0.6842646655454351,0.7028679611500556,0.9642297791208839,3,8256,3,"[[5016, 389, 9, 291, 55], [16, 139, 21, 3, 82], [6, 237, 951, 51, 112], [7, 1, 31, 379, 2], [4, 58, 8, 0, 388]]",2026-03-21T20:14:26.176978
sleep_edf,PSD_LogReg,1024,123,5fold-subject,0.8342576353394695,0.07296665048908518,0.7521398002853067,0.929433962264151,0.7632091474930279,0.6842646655454351,0.7028679611500556,0.9642270341779059,3,8256,3,"[[5016, 389, 9, 291, 55], [16, 139, 21, 3, 82], [6, 237, 951, 51, 112], [7, 1, 31, 379, 2], [4, 58, 8, 0, 388]]",2026-03-21T20:14:26.180481
sleep_edf,PSD_LogReg,1024,456,5fold-subject,0.8342576353394694,0.07296665048908518,0.7521398002853067,0.929433962264151,0.7632091474930279,0.6842646655454351,0.7028679611500556,0.9642165818188033,3,8256,3,"[[5016, 389, 9, 291, 55], [16, 139, 21, 3, 82], [6, 237, 951, 51, 112], [7, 1, 31, 379, 2], [4, 58, 8, 0, 388]]",2026-03-21T20:14:26.183479
sleep_edf,PSD_LogReg,1024,789,5fold-subject,0.8343834215029915,0.07313075589625834,0.7521398002853067,0.929811320754717,0.7632425309014739,0.6844350445392479,0.7031299294957716,0.9642271366057166,3,8256,3,"[[5017, 388, 9, 291, 55], [16, 139, 21, 3, 82], [6, 237, 951, 51, 112], [7, 1, 31, 379, 2], [4, 58, 8, 0, 388]]",2026-03-21T20:14:26.187479
sleep_edf,PSD_LogReg,1024,2024,5fold-subject,0.8342576353394695,0.07296665048908518,0.7521398002853067,0.929433962264151,0.7632091474930279,0.6842646655454351,0.7028679611500556,0.9642181491324915,3,8256,3,"[[5016, 389, 9, 291, 55], [16, 139, 21, 3, 82], [6, 237, 951, 51, 112], [7, 1, 31, 379, 2], [4, 58, 8, 0, 388]]",2026-03-21T20:14:26.190478
mental_arithmetic,BPE_Hist_LogReg,1024,42,5fold-subject,0.4444444444444445,0.0415739709641549,0.4000000000000001,0.5,0.4444444444444445,0.3951204318936877,-0.11111111111111109,0.38074074074074077,3,90,3,"[[30, 15], [35, 10]]",2026-03-21T20:14:38.052989
mental_arithmetic,BPE_Hist_LogReg,1024,123,5fold-subject,0.4666666666666666,0.02721655269759086,0.43333333333333335,0.5,0.4666666666666666,0.41501781392342263,-0.06666666666666665,0.38074074074074077,3,90,3,"[[32, 13], [35, 10]]",2026-03-21T20:14:38.056488
mental_arithmetic,BPE_Hist_LogReg,1024,456,5fold-subject,0.4666666666666666,0.02721655269759086,0.4444444444444445,0.5,0.4666666666666666,0.41501781392342263,-0.06666666666666665,0.38074074074074077,3,90,3,"[[32, 13], [35, 10]]",2026-03-21T20:14:38.058988
mental_arithmetic,BPE_Hist_LogReg,1024,789,5fold-subject,0.4444444444444445,0.0415739709641549,0.4000000000000001,0.5,0.4444444444444445,0.3951204318936877,-0.11111111111111109,0.38074074074074077,3,90,3,"[[30, 15], [35, 10]]",2026-03-21T20:14:38.061988
mental_arithmetic,BPE_Hist_LogReg,1024,2024,5fold-subject,0.4444444444444445,0.0415739709641549,0.4000000000000001,0.5,0.4444444444444445,0.3951204318936877,-0.11111111111111109,0.38074074074074077,3,90,3,"[[30, 15], [35, 10]]",2026-03-21T20:14:38.065488
mental_arithmetic,BPE_Hist_RF,1024,42,5fold-subject,0.43333333333333335,0.10886621079036347,0.3,0.5666666666666667,0.43333333333333335,0.41037434950478424,-0.1333333333333333,0.4437037037037037,3,90,3,"[[28, 17], [34, 11]]",2026-03-21T20:14:40.672791
mental_arithmetic,BPE_Hist_RF,1024,123,5fold-subject,0.43333333333333335,0.10886621079036347,0.3,0.5666666666666667,0.43333333333333335,0.41037434950478424,-0.1333333333333333,0.4437037037037037,3,90,3,"[[28, 17], [34, 11]]",2026-03-21T20:14:40.676290
mental_arithmetic,BPE_Hist_RF,1024,456,5fold-subject,0.43333333333333335,0.10886621079036347,0.3,0.5666666666666667,0.43333333333333335,0.41037434950478424,-0.1333333333333333,0.4437037037037037,3,90,3,"[[28, 17], [34, 11]]",2026-03-21T20:14:40.678792
mental_arithmetic,BPE_Hist_RF,1024,789,5fold-subject,0.43333333333333335,0.10886621079036347,0.3,0.5666666666666667,0.43333333333333335,0.41037434950478424,-0.1333333333333333,0.4437037037037037,3,90,3,"[[28, 17], [34, 11]]",2026-03-21T20:14:40.682291
mental_arithmetic,BPE_Hist_RF,1024,2024,5fold-subject,0.43333333333333335,0.10886621079036347,0.3,0.5666666666666667,0.43333333333333335,0.41037434950478424,-0.1333333333333333,0.4437037037037037,3,90,3,"[[28, 17], [34, 11]]",2026-03-21T20:14:40.685290
mental_arithmetic,BPE_Windowed_LogReg,1024,42,5fold-subject,0.5888888888888889,0.0684934889218775,0.5,0.6666666666666666,0.5888888888888889,0.5624057603357988,0.17777777777777778,0.6385185185185186,3,90,3,"[[33, 12], [25, 20]]",2026-03-21T20:14:40.759336
mental_arithmetic,BPE_Windowed_LogReg,1024,123,5fold-subject,0.5888888888888889,0.0684934889218775,0.5,0.6666666666666666,0.5888888888888889,0.5624057603357988,0.17777777777777778,0.64,3,90,3,"[[33, 12], [25, 20]]",2026-03-21T20:14:40.762336
mental_arithmetic,BPE_Windowed_LogReg,1024,456,5fold-subject,0.6,0.07200822998230953,0.5,0.6666666666666666,0.6,0.573976156013536,0.20000000000000004,0.64,3,90,3,"[[33, 12], [24, 21]]",2026-03-21T20:14:40.765336
mental_arithmetic,BPE_Windowed_LogReg,1024,789,5fold-subject,0.5888888888888889,0.0684934889218775,0.5,0.6666666666666666,0.5888888888888889,0.5624057603357988,0.17777777777777778,0.64,3,90,3,"[[33, 12], [25, 20]]",2026-03-21T20:14:40.768836
mental_arithmetic,BPE_Windowed_LogReg,1024,2024,5fold-subject,0.5888888888888889,0.0684934889218775,0.5,0.6666666666666666,0.5888888888888889,0.5624057603357988,0.17777777777777778,0.64,3,90,3,"[[33, 12], [25, 20]]",2026-03-21T20:14:40.771336
mental_arithmetic,BPE_WindowedSeq_CNN,1024,42,5fold-subject,0.5,0.0,0.5,0.5,0.5,0.3887034977135088,0.0,0.49185185185185193,3,90,3,"[[22, 23], [22, 23]]",2026-03-21T20:14:41.331833
mental_arithmetic,BPE_WindowedSeq_CNN,1024,123,5fold-subject,0.4555555555555555,0.08748897637790902,0.3333333333333333,0.5333333333333333,0.45555555555555555,0.35266979752273864,-0.08888888888888886,0.442962962962963,3,90,3,"[[37, 8], [41, 4]]",2026-03-21T20:14:41.679833
mental_arithmetic,BPE_WindowedSeq_CNN,1024,456,5fold-subject,0.5222222222222223,0.03142696805273544,0.5,0.5666666666666667,0.5222222222222223,0.40698412698412695,0.04444444444444443,0.46222222222222226,3,90,3,"[[21, 24], [19, 26]]",2026-03-21T20:14:42.070330
mental_arithmetic,BPE_WindowedSeq_CNN,1024,789,5fold-subject,0.48888888888888893,0.01571348402636772,0.4666666666666666,0.5,0.48888888888888893,0.3282828282828283,-0.022222222222222216,0.39111111111111113,3,90,3,"[[15, 30], [16, 29]]",2026-03-21T20:14:42.452828
mental_arithmetic,BPE_WindowedSeq_CNN,1024,2024,5fold-subject,0.4777777777777778,0.03142696805273544,0.43333333333333335,0.5,0.4777777777777778,0.32299741602067183,-0.04444444444444443,0.38222222222222224,3,90,3,"[[15, 30], [17, 28]]",2026-03-21T20:14:42.845838
mental_arithmetic,BPE_Bigram_LogReg,1024,42,5fold-subject,0.48888888888888893,0.01571348402636772,0.4666666666666666,0.5,0.48888888888888893,0.3282828282828283,-0.022222222222222216,0.20148148148148146,3,90,3,"[[29, 16], [30, 15]]",2026-03-21T20:14:42.917688
mental_arithmetic,BPE_Bigram_LogReg,1024,123,5fold-subject,0.5111111111111111,0.01571348402636772,0.5,0.5333333333333333,0.5111111111111111,0.35669191919191917,0.022222222222222216,0.1985185185185185,3,90,3,"[[30, 15], [29, 16]]",2026-03-21T20:14:42.920690
mental_arithmetic,BPE_Bigram_LogReg,1024,456,5fold-subject,0.5,0.0,0.5,0.5,0.5,0.3333333333333333,0.0,0.20074074074074075,3,90,3,"[[15, 30], [15, 30]]",2026-03-21T20:14:42.923688
mental_arithmetic,BPE_Bigram_LogReg,1024,789,5fold-subject,0.3888888888888889,0.15713484026367722,0.16666666666666666,0.5,0.3888888888888889,0.2749719416386083,-0.22222222222222224,0.19999999999999998,3,90,3,"[[16, 29], [26, 19]]",2026-03-21T20:14:42.926688
mental_arithmetic,BPE_Bigram_LogReg,1024,2024,5fold-subject,0.39999999999999997,0.1414213562373095,0.20000000000000004,0.5,0.39999999999999997,0.28406234288587223,-0.20000000000000004,0.20074074074074075,3,90,3,"[[20, 25], [29, 16]]",2026-03-21T20:14:42.929687
mental_arithmetic,BPE_Seq_CNN,1024,42,5fold-subject,0.4777777777777778,0.03142696805273544,0.43333333333333335,0.5,0.4777777777777778,0.3557905731818775,-0.04444444444444443,0.5037037037037037,3,90,3,"[[40, 5], [42, 3]]",2026-03-21T20:14:47.229537
mental_arithmetic,BPE_Seq_CNN,1024,123,5fold-subject,0.5444444444444444,0.06285393610547088,0.5,0.6333333333333333,0.5444444444444444,0.4262958610784698,0.0888888888888889,0.42962962962962964,3,90,3,"[[43, 2], [39, 6]]",2026-03-21T20:14:47.344537
mental_arithmetic,BPE_Seq_CNN,1024,456,5fold-subject,0.4777777777777778,0.01571348402636772,0.4666666666666666,0.5,0.4777777777777778,0.3388648388648388,-0.04444444444444443,0.48740740740740734,3,90,3,"[[42, 3], [44, 1]]",2026-03-21T20:14:47.470536
mental_arithmetic,BPE_Seq_CNN,1024,789,5fold-subject,0.5666666666666668,0.04714045207910316,0.5,0.6,0.5666666666666668,0.5563492063492063,0.1333333333333333,0.557037037037037,3,90,3,"[[25, 20], [19, 26]]",2026-03-21T20:14:47.649035
mental_arithmetic,BPE_Seq_CNN,1024,2024,5fold-subject,0.5,0.0,0.5,0.5,0.5,0.3333333333333333,0.0,0.6162962962962962,3,90,3,"[[30, 15], [30, 15]]",2026-03-21T20:14:47.757035
mental_arithmetic,BPE_Seq_Transformer,1024,42,5fold-subject,0.5,0.0,0.5,0.5,0.5,0.3333333333333333,0.0,0.52,3,90,3,"[[45, 0], [45, 0]]",2026-03-21T20:14:58.691226
mental_arithmetic,BPE_Seq_Transformer,1024,123,5fold-subject,0.5,0.0,0.5,0.5,0.5,0.3333333333333333,0.0,0.4785185185185185,3,90,3,"[[45, 0], [45, 0]]",2026-03-21T20:14:59.060227
mental_arithmetic,BPE_Seq_Transformer,1024,456,5fold-subject,0.5,0.0,0.5,0.5,0.5,0.3333333333333333,0.0,0.5259259259259259,3,90,3,"[[45, 0], [45, 0]]",2026-03-21T20:14:59.434740
mental_arithmetic,BPE_Seq_Transformer,1024,789,5fold-subject,0.5,0.0,0.5,0.5,0.5,0.3333333333333333,0.0,0.5881481481481481,3,90,3,"[[45, 0], [45, 0]]",2026-03-21T20:14:59.828751
mental_arithmetic,BPE_Seq_Transformer,1024,2024,5fold-subject,0.5,0.0,0.5,0.5,0.5,0.3333333333333333,0.0,0.5214814814814815,3,90,3,"[[45, 0], [45, 0]]",2026-03-21T20:15:00.220775
mental_arithmetic,BPE_Seq_CW_Transformer,1024,42,5fold-subject,0.5,0.0,0.5,0.5,0.5,0.3333333333333333,0.0,0.42814814814814817,3,90,3,"[[45, 0], [45, 0]]",2026-03-21T20:15:01.042788
mental_arithmetic,BPE_Seq_CW_Transformer,1024,123,5fold-subject,0.5,0.0,0.5,0.5,0.5,0.3333333333333333,0.0,0.5022222222222222,3,90,3,"[[45, 0], [45, 0]]",2026-03-21T20:15:01.870785
mental_arithmetic,BPE_Seq_CW_Transformer,1024,456,5fold-subject,0.5,0.0,0.5,0.5,0.5,0.3333333333333333,0.0,0.5066666666666667,3,90,3,"[[45, 0], [45, 0]]",2026-03-21T20:15:02.836814
mental_arithmetic,BPE_Seq_CW_Transformer,1024,789,5fold-subject,0.5,0.0,0.5,0.5,0.5,0.3333333333333333,0.0,0.5392592592592593,3,90,3,"[[45, 0], [45, 0]]",2026-03-21T20:15:03.665839
mental_arithmetic,BPE_Seq_CW_Transformer,1024,2024,5fold-subject,0.5,0.0,0.5,0.5,0.5,0.3333333333333333,0.0,0.5377777777777778,3,90,3,"[[45, 0], [45, 0]]",2026-03-21T20:15:04.404369
mental_arithmetic,EEGNet,1024,42,5fold-subject,0.5,0.0,0.5,0.5,0.5,0.3333333333333333,0.0,0.5622222222222223,3,90,3,"[[15, 30], [15, 30]]",2026-03-21T20:15:08.026909
mental_arithmetic,EEGNet,1024,123,5fold-subject,0.5,0.0,0.5,0.5,0.5,0.3333333333333333,0.0,0.542962962962963,3,90,3,"[[15, 30], [15, 30]]",2026-03-21T20:15:08.029909
mental_arithmetic,EEGNet,1024,456,5fold-subject,0.5,0.0,0.5,0.5,0.5,0.3333333333333333,0.0,0.49185185185185193,3,90,3,"[[45, 0], [45, 0]]",2026-03-21T20:15:08.032911
mental_arithmetic,EEGNet,1024,789,5fold-subject,0.5,0.0,0.5,0.5,0.5,0.3333333333333333,0.0,0.482962962962963,3,90,3,"[[30, 15], [30, 15]]",2026-03-21T20:15:08.035909
mental_arithmetic,EEGNet,1024,2024,5fold-subject,0.5,0.0,0.5,0.5,0.5,0.3333333333333333,0.0,0.47555555555555556,3,90,3,"[[45, 0], [45, 0]]",2026-03-21T20:15:08.038910
mental_arithmetic,Patching_LogReg,1024,42,5fold-subject,0.5,0.0,0.5,0.5,0.5,0.3333333333333333,0.0,0.48592592592592593,3,90,3,"[[30, 15], [30, 15]]",2026-03-21T20:15:08.205314
mental_arithmetic,Patching_LogReg,1024,123,5fold-subject,0.5,0.0,0.5,0.5,0.5,0.3333333333333333,0.0,0.48592592592592593,3,90,3,"[[30, 15], [30, 15]]",2026-03-21T20:15:08.208313
mental_arithmetic,Patching_LogReg,1024,456,5fold-subject,0.5,0.0,0.5,0.5,0.5,0.3333333333333333,0.0,0.4859259259259259,3,90,3,"[[15, 30], [15, 30]]",2026-03-21T20:15:08.211313
mental_arithmetic,Patching_LogReg,1024,789,5fold-subject,0.5,0.0,0.5,0.5,0.5,0.3333333333333333,0.0,0.48592592592592593,3,90,3,"[[15, 30], [15, 30]]",2026-03-21T20:15:08.214313
mental_arithmetic,Patching_LogReg,1024,2024,5fold-subject,0.5,0.0,0.5,0.5,0.5,0.3333333333333333,0.0,0.4859259259259259,3,90,3,"[[45, 0], [45, 0]]",2026-03-21T20:15:08.217314
mental_arithmetic,VQ_LogReg,1024,42,5fold-subject,0.4777777777777778,0.03142696805273544,0.43333333333333335,0.5,0.4777777777777778,0.36126984126984124,-0.04444444444444443,0.4548148148148148,3,90,3,"[[24, 21], [26, 19]]",2026-03-21T20:15:11.851828
mental_arithmetic,VQ_LogReg,1024,123,5fold-subject,0.4777777777777778,0.03142696805273544,0.43333333333333335,0.5,0.4777777777777778,0.36126984126984124,-0.04444444444444443,0.4548148148148148,3,90,3,"[[24, 21], [26, 19]]",2026-03-21T20:15:11.854829
mental_arithmetic,VQ_LogReg,1024,456,5fold-subject,0.48888888888888893,0.01571348402636772,0.4666666666666666,0.5,0.48888888888888893,0.3745600804424334,-0.022222222222222216,0.45481481481481484,3,90,3,"[[24, 21], [25, 20]]",2026-03-21T20:15:11.857829
mental_arithmetic,VQ_LogReg,1024,789,5fold-subject,0.4777777777777778,0.03142696805273544,0.43333333333333335,0.5,0.4777777777777778,0.36126984126984124,-0.04444444444444443,0.4548148148148148,3,90,3,"[[24, 21], [26, 19]]",2026-03-21T20:15:11.861328
mental_arithmetic,VQ_LogReg,1024,2024,5fold-subject,0.4777777777777778,0.03142696805273544,0.43333333333333335,0.5,0.4777777777777778,0.36126984126984124,-0.04444444444444443,0.45481481481481484,3,90,3,"[[24, 21], [26, 19]]",2026-03-21T20:15:11.864328
mental_arithmetic,Chronos_Binning,1024,42,5fold-subject,0.4666666666666666,0.07200822998230953,0.4000000000000001,0.5666666666666667,0.4666666666666666,0.45701180446278483,-0.06666666666666665,0.4207407407407408,3,90,3,"[[20, 25], [23, 22]]",2026-03-21T20:15:12.807913
mental_arithmetic,Chronos_Binning,1024,123,5fold-subject,0.4777777777777778,0.06285393610547088,0.43333333333333335,0.5666666666666667,0.4777777777777778,0.4698348565015231,-0.04444444444444443,0.4207407407407408,3,90,3,"[[21, 24], [23, 22]]",2026-03-21T20:15:12.810913
mental_arithmetic,Chronos_Binning,1024,456,5fold-subject,0.45555555555555555,0.08314794192830981,0.36666666666666664,0.5666666666666667,0.45555555555555555,0.44928577403178815,-0.08888888888888886,0.4207407407407408,3,90,3,"[[21, 24], [25, 20]]",2026-03-21T20:15:12.813914
mental_arithmetic,Chronos_Binning,1024,789,5fold-subject,0.4777777777777778,0.06285393610547088,0.43333333333333335,0.5666666666666667,0.4777777777777778,0.4698348565015231,-0.04444444444444443,0.4207407407407408,3,90,3,"[[21, 24], [23, 22]]",2026-03-21T20:15:12.816913
mental_arithmetic,Chronos_Binning,1024,2024,5fold-subject,0.4666666666666666,0.04714045207910316,0.43333333333333335,0.5333333333333333,0.4666666666666666,0.4563692480359147,-0.06666666666666665,0.4207407407407408,3,90,3,"[[21, 24], [24, 21]]",2026-03-21T20:15:12.819913
mental_arithmetic,PSD_LogReg,1024,42,5fold-subject,0.6333333333333333,0.12472191289246475,0.5,0.8000000000000002,0.6333333333333333,0.5511743158801983,0.26666666666666666,0.6503703703703704,3,90,3,"[[25, 20], [13, 32]]",2026-03-21T20:15:13.325815
mental_arithmetic,PSD_LogReg,1024,123,5fold-subject,0.6444444444444445,0.1396645009997393,0.5,0.8333333333333334,0.6444444444444444,0.5629308962642295,0.2888888888888889,0.6444444444444445,3,90,3,"[[26, 19], [13, 32]]",2026-03-21T20:15:13.329316
mental_arithmetic,PSD_LogReg,1024,456,5fold-subject,0.6444444444444445,0.1396645009997393,0.5,0.8333333333333334,0.6444444444444445,0.5629308962642297,0.2888888888888889,0.6577777777777779,3,90,3,"[[26, 19], [13, 32]]",2026-03-21T20:15:13.332314
mental_arithmetic,PSD_LogReg,1024,789,5fold-subject,0.6444444444444445,0.1396645009997393,0.5333333333333333,0.8333333333333334,0.6444444444444444,0.5629308962642295,0.2888888888888889,0.6518518518518518,3,90,3,"[[26, 19], [13, 32]]",2026-03-21T20:15:13.334814
mental_arithmetic,PSD_LogReg,1024,2024,5fold-subject,0.6333333333333333,0.12472191289246473,0.5,0.8000000000000002,0.6333333333333333,0.5520833333333334,0.26666666666666666,0.6562962962962963,3,90,3,"[[26, 19], [14, 31]]",2026-03-21T20:15:13.337814
epfl_p300,BPE_Hist_LogReg,1024,42,LOSO,0.6269290123456791,0.042804084145465424,0.5821759259259259,0.6846064814814815,0.5025462962962962,0.485917465579508,0.004192149199399253,0.5032339088220165,3,5184,3,"[[2977, 1343], [591, 273]]",2026-03-21T20:19:04.849725
epfl_p300,BPE_Hist_LogReg,1024,123,LOSO,0.6278935185185186,0.04180575208791289,0.5850694444444444,0.6846064814814815,0.502662037037037,0.4862803464965333,0.004318221499225672,0.5032536008230453,3,5184,3,"[[2983, 1337], [592, 272]]",2026-03-21T20:19:04.853226
epfl_p300,BPE_Hist_LogReg,1024,456,LOSO,0.6271219135802469,0.04274666984153002,0.5821759259259259,0.6846064814814815,0.502662037037037,0.4860460998029581,0.004363809975193404,0.5032371238425926,3,5184,3,"[[2978, 1342], [591, 273]]",2026-03-21T20:19:04.856225
epfl_p300,BPE_Hist_LogReg,1024,789,LOSO,0.6278935185185186,0.04272490185156517,0.5839120370370371,0.6857638888888888,0.502199074074074,0.4857770257806397,0.0034350710541118565,0.5032439557613169,3,5184,3,"[[2984, 1336], [593, 271]]",2026-03-21T20:19:04.859725
epfl_p300,BPE_Hist_LogReg,1024,2024,LOSO,0.6275077160493828,0.04266302019749176,0.5833333333333334,0.6851851851851852,0.5028935185185185,0.48640370099199975,0.004874578456743217,0.5032178337191358,3,5184,3,"[[2980, 1340], [591, 273]]",2026-03-21T20:19:04.862725
epfl_p300,BPE_Hist_RF,1024,42,LOSO,0.8333333333333334,0.0,0.8333333333333334,0.8333333333333334,0.5,0.45454545454545453,0.0,0.5174993569958848,3,5184,3,"[[4320, 0], [864, 0]]",2026-03-21T20:20:09.550213
epfl_p300,BPE_Hist_RF,1024,123,LOSO,0.8333333333333334,0.0,0.8333333333333334,0.8333333333333334,0.5,0.45454545454545453,0.0,0.5174993569958848,3,5184,3,"[[4320, 0], [864, 0]]",2026-03-21T20:20:09.553214
epfl_p300,BPE_Hist_RF,1024,456,LOSO,0.8333333333333334,0.0,0.8333333333333334,0.8333333333333334,0.5,0.45454545454545453,0.0,0.5174993569958848,3,5184,3,"[[4320, 0], [864, 0]]",2026-03-21T20:20:09.556713
epfl_p300,BPE_Hist_RF,1024,789,LOSO,0.8333333333333334,0.0,0.8333333333333334,0.8333333333333334,0.5,0.45454545454545453,0.0,0.5174993569958848,3,5184,3,"[[4320, 0], [864, 0]]",2026-03-21T20:20:09.559713
epfl_p300,BPE_Hist_RF,1024,2024,LOSO,0.8333333333333334,0.0,0.8333333333333334,0.8333333333333334,0.5,0.45454545454545453,0.0,0.5174993569958848,3,5184,3,"[[4320, 0], [864, 0]]",2026-03-21T20:20:09.562714
epfl_p300,BPE_Windowed_LogReg,1024,42,LOSO,0.7579089506172839,0.028434453352914002,0.7216435185185185,0.7910879629629629,0.6172453703703704,0.6033258558608671,0.21206400668060857,0.6903766396604939,3,5184,3,"[[3578, 742], [513, 351]]",2026-03-21T20:20:12.259883
epfl_p300,BPE_Windowed_LogReg,1024,123,LOSO,0.7567515432098766,0.029645348919888296,0.71875,0.7910879629629629,0.616087962962963,0.6020474789674708,0.20975537864527705,0.690356545781893,3,5184,3,"[[3573, 747], [514, 350]]",2026-03-21T20:20:12.262884
epfl_p300,BPE_Windowed_LogReg,1024,456,LOSO,0.7569444444444443,0.029398300038491615,0.7193287037037037,0.7910879629629629,0.6162037037037037,0.6022020790393682,0.21001227891682417,0.6903782471707819,3,5184,3,"[[3574, 746], [514, 350]]",2026-03-21T20:20:12.265883
epfl_p300,BPE_Windowed_LogReg,1024,789,LOSO,0.7569444444444443,0.029670442329595207,0.71875,0.7910879629629629,0.6162037037037037,0.6022032048027589,0.21005513152342747,0.6903525270061728,3,5184,3,"[[3574, 746], [514, 350]]",2026-03-21T20:20:12.269384
epfl_p300,BPE_Windowed_LogReg,1024,2024,LOSO,0.7567515432098766,0.029645348919888296,0.71875,0.7910879629629629,0.616087962962963,0.6020474789674708,0.20975537864527705,0.6903870884773662,3,5184,3,"[[3573, 747], [514, 350]]",2026-03-21T20:20:12.272384
epfl_p300,BPE_WindowedSeq_CNN,1024,42,LOSO,0.8333333333333334,0.0,0.8333333333333334,0.8333333333333334,0.5,0.45454545454545453,0.0,0.5833670910493828,3,5184,3,"[[4320, 0], [864, 0]]",2026-03-21T20:20:31.466711
epfl_p300,BPE_WindowedSeq_CNN,1024,123,LOSO,0.8325617283950617,0.0010912141684977896,0.8310185185185185,0.8333333333333334,0.5,0.4554396538674121,0.0,0.5665360564557612,3,5184,3,"[[4315, 5], [863, 1]]",2026-03-21T20:20:57.348087
epfl_p300,BPE_WindowedSeq_CNN,1024,456,LOSO,0.8333333333333334,0.0,0.8333333333333334,0.8333333333333334,0.5,0.45454545454545453,0.0,0.5818146379886832,3,5184,3,"[[4320, 0], [864, 0]]",2026-03-21T20:21:20.414800
epfl_p300,BPE_WindowedSeq_CNN,1024,789,LOSO,0.8333333333333334,0.0,0.8333333333333334,0.8333333333333334,0.5,0.45454545454545453,0.0,0.5772995434670781,3,5184,3,"[[4320, 0], [864, 0]]",2026-03-21T20:21:41.709644
epfl_p300,BPE_WindowedSeq_CNN,1024,2024,LOSO,0.8333333333333334,0.0,0.8333333333333334,0.8333333333333334,0.5,0.45454545454545453,0.0,0.556053481867284,3,5184,3,"[[4320, 0], [864, 0]]",2026-03-21T20:22:05.494833
epfl_p300,BPE_Bigram_LogReg,1024,42,LOSO,0.5121527777777778,0.17168166527896447,0.29224537037037035,0.7112268518518517,0.5299768518518518,0.42793095143010146,0.03659984866788942,0.5443347318672839,3,5184,3,"[[2174, 2146], [383, 481]]",2026-03-21T20:22:07.890741
epfl_p300,BPE_Bigram_LogReg,1024,123,LOSO,0.6072530864197532,0.08589326855303431,0.4988425925925926,0.7089120370370371,0.5236111111111111,0.4903451043417449,0.038309887038363875,0.5443459844393004,3,5184,3,"[[2804, 1516], [520, 344]]",2026-03-21T20:22:07.893737
epfl_p300,BPE_Bigram_LogReg,1024,456,LOSO,0.7260802469135803,0.04710030381328193,0.6741898148148148,0.7881944444444443,0.5277777777777778,0.517227866526181,0.047361236432661026,0.5443403581532921,3,5184,3,"[[3565, 755], [665, 199]]",2026-03-21T20:22:07.896737
epfl_p300,BPE_Bigram_LogReg,1024,789,LOSO,0.5135030864197531,0.15020777069129232,0.34027777777777785,0.7065972222222222,0.5238425925925926,0.4336407505563127,0.02944657234699836,0.5443556295010289,3,5184,3,"[[2196, 2124], [398, 466]]",2026-03-21T20:22:07.899737
epfl_p300,BPE_Bigram_LogReg,1024,2024,LOSO,0.5879629629629629,0.09782318122850685,0.4670138888888889,0.7065972222222222,0.5268518518518518,0.47707147991440063,0.03341581154048826,0.544336741255144,3,5184,3,"[[2672, 1648], [488, 376]]",2026-03-21T20:22:07.902737
epfl_p300,BPE_Seq_CNN,1024,42,LOSO,0.8333333333333334,0.0,0.8333333333333334,0.8333333333333334,0.5,0.45454545454545453,0.0,0.5454053337191357,3,5184,3,"[[4320, 0], [864, 0]]",2026-03-21T20:22:15.449822
epfl_p300,BPE_Seq_CNN,1024,123,LOSO,0.8333333333333334,0.0,0.8333333333333334,0.8333333333333334,0.5,0.45454545454545453,0.0,0.5389688625257202,3,5184,3,"[[4320, 0], [864, 0]]",2026-03-21T20:22:22.672393
epfl_p300,BPE_Seq_CNN,1024,456,LOSO,0.8333333333333334,0.0,0.8333333333333334,0.8333333333333334,0.5,0.45454545454545453,0.0,0.5393116640946501,3,5184,3,"[[4320, 0], [864, 0]]",2026-03-21T20:22:28.293527
epfl_p300,BPE_Seq_CNN,1024,789,LOSO,0.8333333333333334,0.0,0.8333333333333334,0.8333333333333334,0.5,0.45454545454545453,0.0,0.5383608217592593,3,5184,3,"[[4320, 0], [864, 0]]",2026-03-21T20:22:35.404599
epfl_p300,BPE_Seq_CNN,1024,2024,LOSO,0.8333333333333334,0.0,0.8333333333333334,0.8333333333333334,0.5,0.45454545454545453,0.0,0.5321381494341564,3,5184,3,"[[4320, 0], [864, 0]]",2026-03-21T20:22:41.334643
epfl_p300,BPE_Seq_Transformer,1024,42,LOSO,0.8333333333333334,0.0,0.8333333333333334,0.8333333333333334,0.5,0.45454545454545453,0.0,0.5487581983024691,3,5184,3,"[[4320, 0], [864, 0]]",2026-03-21T20:23:42.607281
epfl_p300,BPE_Seq_Transformer,1024,123,LOSO,0.8333333333333334,0.0,0.8333333333333334,0.8333333333333334,0.5,0.45454545454545453,0.0,0.5452136381172838,3,5184,3,"[[4320, 0], [864, 0]]",2026-03-21T20:24:27.974146
epfl_p300,BPE_Seq_Transformer,1024,456,LOSO,0.8333333333333334,0.0,0.8333333333333334,0.8333333333333334,0.5,0.45454545454545453,0.0,0.5506317515432099,3,5184,3,"[[4320, 0], [864, 0]]",2026-03-21T20:25:21.534368
epfl_p300,BPE_Seq_Transformer,1024,789,LOSO,0.8333333333333334,0.0,0.8333333333333334,0.8333333333333334,0.5,0.45454545454545453,0.0,0.5491235050154321,3,5184,3,"[[4320, 0], [864, 0]]",2026-03-21T20:26:28.634480
epfl_p300,BPE_Seq_Transformer,1024,2024,LOSO,0.8333333333333334,0.0,0.8333333333333334,0.8333333333333334,0.5,0.45454545454545453,0.0,0.5537820698302469,3,5184,3,"[[4320, 0], [864, 0]]",2026-03-21T20:27:08.731483
epfl_p300,BPE_Seq_CW_Transformer,1024,42,LOSO,0.8331404320987654,0.0007217703292388209,0.8321759259259259,0.8339120370370371,0.5003472222222222,0.45563184222066117,0.0011565081966631308,0.575096450617284,3,5184,3,"[[4318, 2], [863, 1]]",2026-03-21T21:01:10.074950
epfl_p300,BPE_Seq_CW_Transformer,1024,123,LOSO,0.8333333333333334,0.0,0.8333333333333334,0.8333333333333334,0.500462962962963,0.4556853084397903,0.001536098310291889,0.554613554526749,3,5184,3,"[[4319, 1], [863, 1]]",2026-03-21T21:16:35.255240
epfl_p300,BPE_Seq_CW_Transformer,1024,456,LOSO,0.8341049382716049,0.001091214168497737,0.8333333333333334,0.8356481481481483,0.5032407407407408,0.46147482350013996,0.010606060606060655,0.5590643486368313,3,5184,3,"[[4318, 2], [858, 6]]",2026-03-21T21:26:44.562915
epfl_p300,BPE_Seq_CW_Transformer,1024,789,LOSO,0.8337191358024691,0.0005456070842488425,0.8333333333333334,0.8344907407407408,0.5030092592592592,0.46142891910963685,0.009917892002848613,0.5725734632201647,3,5184,3,"[[4316, 4], [858, 6]]",2026-03-21T21:28:22.824670
epfl_p300,BPE_Seq_CW_Transformer,1024,2024,LOSO,0.8321759259259259,0.0012501428816373544,0.8304398148148148,0.8333333333333334,0.5011574074074074,0.45868176724320725,0.0037965072133635904,0.5682753825874486,3,5184,3,"[[4310, 10], [860, 4]]",2026-03-21T21:29:56.726738
epfl_p300,EEGNet,1024,42,LOSO,0.84375,0.01984540300866002,0.8263888888888888,0.8715277777777778,0.6377314814814815,0.6508922711617776,0.31734417901780715,0.8176689493312758,3,5184,3,"[[4090, 230], [580, 284]]",2026-03-21T21:30:38.211781
epfl_p300,EEGNet,1024,123,LOSO,0.835841049382716,0.021243672682000315,0.8072916666666666,0.8582175925925926,0.6302083333333334,0.643376162354068,0.3008254298940202,0.833717528292181,3,5184,3,"[[4055, 265], [586, 278]]",2026-03-21T21:30:38.215782
epfl_p300,EEGNet,1024,456,LOSO,0.8431712962962963,0.015621427346472136,0.8223379629629629,0.8599537037037037,0.6327546296296297,0.6498769636929445,0.31425995703547405,0.8421931262860083,3,5184,3,"[[4097, 223], [590, 274]]",2026-03-21T21:30:38.219280
epfl_p300,EEGNet,1024,789,LOSO,0.84375,0.019647537618072884,0.8252314814814815,0.8709490740740741,0.6358796296296295,0.6533956307256039,0.31978332678470534,0.8184252829218108,3,5184,3,"[[4094, 226], [584, 280]]",2026-03-21T21:30:38.222780
epfl_p300,EEGNet,1024,2024,LOSO,0.8443287037037037,0.023046652490439638,0.8136574074074074,0.8692129629629629,0.6408564814814816,0.6638450352327053,0.3369428088678224,0.8195891203703703,3,5184,3,"[[4087, 233], [574, 290]]",2026-03-21T21:30:38.225780
epfl_p300,Patching_LogReg,1024,42,LOSO,0.8125,0.017761584783822698,0.7899305555555557,0.8269675925925927,0.5097222222222222,0.48705894269988065,0.025224697354224685,0.5445199974279835,3,5184,3,"[[4164, 156], [816, 48]]",2026-03-21T21:30:40.034318
epfl_p300,Patching_LogReg,1024,123,LOSO,0.8125,0.017761584783822698,0.7899305555555557,0.8333333333333334,0.5097222222222222,0.48705894269988065,0.025224697354224685,0.5445031185699588,3,5184,3,"[[4164, 156], [816, 48]]",2026-03-21T21:30:40.037318
epfl_p300,Patching_LogReg,1024,456,LOSO,0.8125,0.017761584783822698,0.7899305555555557,0.8333333333333334,0.5097222222222222,0.48705894269988065,0.025224697354224685,0.5445183899176955,3,5184,3,"[[4164, 156], [816, 48]]",2026-03-21T21:30:40.040317
epfl_p300,Patching_LogReg,1024,789,LOSO,0.8125,0.017761584783822698,0.7899305555555557,0.8333333333333334,0.5097222222222222,0.48705894269988065,0.025224697354224685,0.5445047260802468,3,5184,3,"[[4164, 156], [816, 48]]",2026-03-21T21:30:40.043319
epfl_p300,Patching_LogReg,1024,2024,LOSO,0.8125,0.017761584783822698,0.7899305555555557,0.8333333333333334,0.5097222222222222,0.48705894269988065,0.025224697354224685,0.5445232124485596,3,5184,3,"[[4164, 156], [816, 48]]",2026-03-21T21:30:40.046318
epfl_p300,VQ_LogReg,1024,42,LOSO,0.8333333333333334,0.0,0.8333333333333334,0.8333333333333334,0.5,0.45454545454545453,0.0,0.5344284497170781,3,5184,3,"[[4320, 0], [864, 0]]",2026-03-21T21:30:47.548245
epfl_p300,VQ_LogReg,1024,123,LOSO,0.8333333333333334,0.0,0.8333333333333334,0.8333333333333334,0.5,0.45454545454545453,0.0,0.5344280478395061,3,5184,3,"[[4320, 0], [864, 0]]",2026-03-21T21:30:47.551243
epfl_p300,VQ_LogReg,1024,456,LOSO,0.8333333333333334,0.0,0.8333333333333334,0.8333333333333334,0.5,0.45454545454545453,0.0,0.534426038451646,3,5184,3,"[[4320, 0], [864, 0]]",2026-03-21T21:30:47.554743
epfl_p300,VQ_LogReg,1024,789,LOSO,0.8333333333333334,0.0,0.8333333333333334,0.8333333333333334,0.5,0.45454545454545453,0.0,0.534421617798354,3,5184,3,"[[4320, 0], [864, 0]]",2026-03-21T21:30:47.557743
epfl_p300,VQ_LogReg,1024,2024,LOSO,0.8333333333333334,0.0,0.8333333333333334,0.8333333333333334,0.5,0.45454545454545453,0.0,0.5344204121656378,3,5184,3,"[[4320, 0], [864, 0]]",2026-03-21T21:30:47.561243
epfl_p300,Chronos_Binning,1024,42,LOSO,0.8333333333333334,0.0,0.8333333333333334,0.8333333333333334,0.5,0.45454545454545453,0.0,0.5156531314300411,3,5184,3,"[[4320, 0], [864, 0]]",2026-03-21T21:31:04.113255
epfl_p300,Chronos_Binning,1024,123,LOSO,0.8333333333333334,0.0,0.8333333333333334,0.8333333333333334,0.5,0.45454545454545453,0.0,0.5156499164094651,3,5184,3,"[[4320, 0], [864, 0]]",2026-03-21T21:31:04.116255
epfl_p300,Chronos_Binning,1024,456,LOSO,0.8333333333333334,0.0,0.8333333333333334,0.8333333333333334,0.5,0.45454545454545453,0.0,0.5156631783693416,3,5184,3,"[[4320, 0], [864, 0]]",2026-03-21T21:31:04.119759
epfl_p300,Chronos_Binning,1024,789,LOSO,0.8333333333333334,0.0,0.8333333333333334,0.8333333333333334,0.5,0.45454545454545453,0.0,0.5156483088991769,3,5184,3,"[[4320, 0], [864, 0]]",2026-03-21T21:31:04.123255
epfl_p300,Chronos_Binning,1024,2024,LOSO,0.8333333333333334,0.0,0.8333333333333334,0.8333333333333334,0.5,0.45454545454545453,0.0,0.5156479070216049,3,5184,3,"[[4320, 0], [864, 0]]",2026-03-21T21:31:04.126255
epfl_p300,PSD_LogReg,1024,42,LOSO,0.5970293209876544,0.04802272263412104,0.5619212962962963,0.6649305555555556,0.5753472222222223,0.510611568719263,0.09439895409688208,0.6020487718621399,3,5184,3,"[[2626, 1694], [395, 469]]",2026-03-21T21:31:07.173768
epfl_p300,PSD_LogReg,1024,123,LOSO,0.5970293209876544,0.04802272263412104,0.5619212962962963,0.6649305555555556,0.5753472222222223,0.510611568719263,0.09439895409688208,0.6020543981481482,3,5184,3,"[[2626, 1694], [395, 469]]",2026-03-21T21:31:07.177269
epfl_p300,PSD_LogReg,1024,456,LOSO,0.5966435185185185,0.04788226757740186,0.5619212962962963,0.6643518518518519,0.5751157407407408,0.5103340558211101,0.09403382587542934,0.6020495756172839,3,5184,3,"[[2624, 1696], [395, 469]]",2026-03-21T21:31:07.182769
epfl_p300,PSD_LogReg,1024,789,LOSO,0.5970293209876544,0.04801574838779835,0.5625,0.6649305555555556,0.5753472222222222,0.5106125458123674,0.09439886723404334,0.6020463605967078,3,5184,3,"[[2626, 1694], [395, 469]]",2026-03-21T21:31:07.185768
epfl_p300,PSD_LogReg,1024,2024,LOSO,0.5970293209876544,0.04802272263412104,0.5619212962962963,0.6649305555555556,0.5753472222222223,0.510611568719263,0.09439895409688208,0.6020222479423869,3,5184,3,"[[2626, 1694], [395, 469]]",2026-03-21T21:31:07.188768
ssvep_nakanishi,BPE_Hist_LogReg,1024,42,LOSO,0.05740740740740741,0.002618914004394621,0.05555555555555555,0.06111111111111111,0.05740740740740741,0.04470738302452354,-0.028282828282828316,0.4995061728395062,3,540,3,"[[1, 1, 16, 0, 2, 3, 5, 5, 5, 4, 2, 1], [6, 1, 11, 0, 0, 1, 5, 12, 2, 5, 1, 1], [6, 0, 7, 1, 3, 3, 6, 6, 1, 6, 5, 1], [4, 2, 7, 0, 1, 1, 6, 9, 4, 6, 4, 1], [6, 3, 5, 0, 3, 1, 8, 7, 2, 5, 3, 2], [3, 0, 9, 1, 2, 3, 7, 10, 2, 6, 1, 1], [2, 0, 9, 0, 6, 1, 6, 8, 2, 7, 3, 1], [3, 3, 10, 0, 2, 1, 7, 3, 5, 8, 2, 1], [7, 2, 8, 0, 2, 1, 5, 8, 2, 5, 3, 2], [6, 0, 5, 1, 1, 5, 6, 11, 2, 3, 3, 2], [5, 2, 7, 0, 1, 0, 14, 6, 2, 5, 2, 1], [1, 0, 12, 0, 6, 1, 9, 10, 1, 3, 2, 0]]",2026-03-21T21:31:28.289820
ssvep_nakanishi,BPE_Hist_LogReg,1024,123,LOSO,0.05555555555555555,0.0,0.05555555555555555,0.05555555555555555,0.05555555555555555,0.041989667017333865,-0.030303030303030276,0.4994837261503928,3,540,3,"[[1, 1, 16, 0, 2, 3, 5, 5, 5, 4, 2, 1], [6, 0, 11, 0, 0, 2, 5, 12, 2, 5, 1, 1], [6, 0, 7, 1, 3, 3, 6, 6, 1, 6, 5, 1], [4, 2, 7, 0, 1, 1, 6, 9, 4, 6, 4, 1], [7, 3, 6, 0, 3, 1, 6, 7, 2, 5, 3, 2], [3, 0, 9, 1, 2, 3, 7, 10, 2, 6, 1, 1], [2, 0, 9, 0, 6, 1, 6, 8, 2, 7, 3, 1], [3, 3, 9, 0, 2, 1, 7, 3, 5, 9, 2, 1], [7, 2, 8, 0, 2, 1, 5, 8, 2, 5, 3, 2], [6, 0, 5, 1, 1, 5, 6, 11, 2, 3, 3, 2], [5, 2, 7, 0, 1, 0, 13, 6, 2, 6, 2, 1], [1, 0, 12, 0, 7, 1, 9, 10, 1, 3, 1, 0]]",2026-03-21T21:31:28.293319
ssvep_nakanishi,BPE_Hist_LogReg,1024,456,LOSO,0.05925925925925926,0.002618914004394621,0.05555555555555555,0.06111111111111111,0.05925925925925926,0.047109036340811004,-0.02626262626262621,0.4994163860830528,3,540,3,"[[2, 1, 15, 0, 2, 3, 5, 5, 5, 4, 2, 1], [6, 1, 11, 0, 0, 1, 5, 12, 2, 5, 1, 1], [6, 0, 7, 1, 3, 3, 6, 6, 1, 6, 5, 1], [4, 2, 7, 0, 1, 1, 6, 9, 4, 6, 4, 1], [6, 3, 5, 0, 3, 1, 8, 7, 2, 5, 3, 2], [3, 0, 9, 1, 2, 3, 7, 10, 2, 6, 1, 1], [2, 0, 9, 0, 6, 1, 6, 8, 2, 7, 3, 1], [3, 3, 10, 0, 2, 1, 7, 3, 5, 8, 2, 1], [7, 2, 8, 0, 2, 1, 5, 8, 2, 5, 3, 2], [6, 0, 5, 1, 1, 5, 6, 11, 2, 3, 3, 2], [5, 2, 7, 0, 2, 0, 14, 6, 2, 5, 2, 0], [1, 0, 12, 0, 7, 1, 9, 10, 1, 3, 1, 0]]",2026-03-21T21:31:28.296820
ssvep_nakanishi,BPE_Hist_LogReg,1024,789,LOSO,0.05925925925925926,0.002618914004394621,0.05555555555555555,0.06111111111111111,0.05925925925925926,0.04490418709126586,-0.026262626262626283,0.4994500561167228,3,540,3,"[[1, 1, 16, 0, 2, 3, 5, 5, 5, 4, 2, 1], [6, 1, 11, 0, 0, 1, 5, 13, 2, 4, 1, 1], [6, 0, 7, 1, 3, 3, 6, 6, 1, 6, 5, 1], [4, 2, 7, 0, 1, 1, 6, 9, 4, 6, 4, 1], [5, 3, 6, 0, 3, 1, 8, 7, 2, 5, 3, 2], [3, 0, 9, 1, 2, 3, 7, 10, 2, 6, 1, 1], [2, 0, 9, 0, 6, 1, 6, 8, 2, 7, 3, 1], [3, 3, 10, 0, 2, 1, 7, 4, 5, 7, 2, 1], [7, 2, 8, 0, 3, 1, 5, 8, 2, 4, 3, 2], [6, 0, 5, 1, 1, 5, 6, 11, 2, 3, 3, 2], [5, 2, 7, 0, 1, 0, 14, 6, 2, 5, 2, 1], [1, 0, 13, 0, 7, 1, 9, 10, 0, 3, 1, 0]]",2026-03-21T21:31:28.299820
ssvep_nakanishi,BPE_Hist_LogReg,1024,2024,LOSO,0.05925925925925926,0.002618914004394621,0.05555555555555555,0.06111111111111111,0.05925925925925926,0.045263315476816814,-0.02626262626262621,0.4994725028058362,3,540,3,"[[1, 1, 16, 0, 2, 3, 5, 5, 5, 4, 2, 1], [6, 1, 11, 0, 0, 1, 5, 12, 2, 5, 1, 1], [6, 0, 7, 1, 3, 3, 6, 6, 1, 6, 5, 1], [4, 2, 7, 0, 1, 1, 6, 9, 4, 6, 4, 1], [7, 3, 5, 0, 3, 1, 7, 7, 3, 5, 3, 1], [3, 0, 9, 1, 2, 3, 7, 10, 2, 6, 1, 1], [2, 0, 9, 0, 6, 0, 6, 8, 3, 7, 3, 1], [3, 3, 10, 0, 2, 1, 7, 4, 5, 7, 2, 1], [7, 2, 8, 0, 3, 1, 5, 8, 2, 4, 3, 2], [6, 0, 5, 1, 1, 5, 6, 11, 2, 3, 3, 2], [5, 2, 7, 0, 1, 0, 14, 6, 2, 5, 2, 1], [1, 0, 12, 0, 7, 1, 9, 10, 1, 3, 1, 0]]",2026-03-21T21:31:28.302824
ssvep_nakanishi,BPE_Hist_RF,1024,42,LOSO,0.1111111111111111,0.02759197115879878,0.07222222222222222,0.13333333333333333,0.11111111111111112,0.11167549018297639,0.030303030303030238,0.5022390572390573,3,540,3,"[[2, 3, 3, 3, 3, 7, 3, 5, 5, 5, 2, 4], [4, 7, 9, 1, 5, 2, 2, 4, 3, 2, 4, 2], [7, 4, 3, 1, 3, 6, 4, 5, 2, 2, 1, 7], [7, 4, 3, 6, 2, 1, 4, 5, 5, 4, 1, 3], [3, 2, 2, 4, 4, 3, 5, 6, 2, 3, 6, 5], [3, 6, 2, 3, 5, 5, 4, 6, 6, 1, 1, 3], [3, 3, 0, 4, 6, 4, 7, 5, 3, 3, 3, 4], [3, 2, 3, 6, 4, 6, 5, 7, 2, 0, 3, 4], [3, 5, 8, 3, 1, 4, 7, 2, 5, 0, 2, 5], [4, 3, 2, 8, 4, 5, 2, 5, 1, 5, 1, 5], [4, 2, 1, 1, 7, 4, 2, 7, 3, 2, 7, 5], [4, 2, 5, 5, 4, 3, 7, 6, 4, 0, 3, 2]]",2026-03-21T21:31:31.842750
ssvep_nakanishi,BPE_Hist_RF,1024,123,LOSO,0.1111111111111111,0.02759197115879878,0.07222222222222222,0.13333333333333333,0.11111111111111112,0.11167549018297639,0.030303030303030238,0.5022390572390573,3,540,3,"[[2, 3, 3, 3, 3, 7, 3, 5, 5, 5, 2, 4], [4, 7, 9, 1, 5, 2, 2, 4, 3, 2, 4, 2], [7, 4, 3, 1, 3, 6, 4, 5, 2, 2, 1, 7], [7, 4, 3, 6, 2, 1, 4, 5, 5, 4, 1, 3], [3, 2, 2, 4, 4, 3, 5, 6, 2, 3, 6, 5], [3, 6, 2, 3, 5, 5, 4, 6, 6, 1, 1, 3], [3, 3, 0, 4, 6, 4, 7, 5, 3, 3, 3, 4], [3, 2, 3, 6, 4, 6, 5, 7, 2, 0, 3, 4], [3, 5, 8, 3, 1, 4, 7, 2, 5, 0, 2, 5], [4, 3, 2, 8, 4, 5, 2, 5, 1, 5, 1, 5], [4, 2, 1, 1, 7, 4, 2, 7, 3, 2, 7, 5], [4, 2, 5, 5, 4, 3, 7, 6, 4, 0, 3, 2]]",2026-03-21T21:31:31.845752
ssvep_nakanishi,BPE_Hist_RF,1024,456,LOSO,0.1111111111111111,0.02759197115879878,0.07222222222222222,0.13333333333333333,0.11111111111111112,0.11167549018297639,0.030303030303030238,0.5022390572390573,3,540,3,"[[2, 3, 3, 3, 3, 7, 3, 5, 5, 5, 2, 4], [4, 7, 9, 1, 5, 2, 2, 4, 3, 2, 4, 2], [7, 4, 3, 1, 3, 6, 4, 5, 2, 2, 1, 7], [7, 4, 3, 6, 2, 1, 4, 5, 5, 4, 1, 3], [3, 2, 2, 4, 4, 3, 5, 6, 2, 3, 6, 5], [3, 6, 2, 3, 5, 5, 4, 6, 6, 1, 1, 3], [3, 3, 0, 4, 6, 4, 7, 5, 3, 3, 3, 4], [3, 2, 3, 6, 4, 6, 5, 7, 2, 0, 3, 4], [3, 5, 8, 3, 1, 4, 7, 2, 5, 0, 2, 5], [4, 3, 2, 8, 4, 5, 2, 5, 1, 5, 1, 5], [4, 2, 1, 1, 7, 4, 2, 7, 3, 2, 7, 5], [4, 2, 5, 5, 4, 3, 7, 6, 4, 0, 3, 2]]",2026-03-21T21:31:31.850753
ssvep_nakanishi,BPE_Hist_RF,1024,789,LOSO,0.1111111111111111,0.02759197115879878,0.07222222222222222,0.13333333333333333,0.11111111111111112,0.11167549018297639,0.030303030303030238,0.5022390572390573,3,540,3,"[[2, 3, 3, 3, 3, 7, 3, 5, 5, 5, 2, 4], [4, 7, 9, 1, 5, 2, 2, 4, 3, 2, 4, 2], [7, 4, 3, 1, 3, 6, 4, 5, 2, 2, 1, 7], [7, 4, 3, 6, 2, 1, 4, 5, 5, 4, 1, 3], [3, 2, 2, 4, 4, 3, 5, 6, 2, 3, 6, 5], [3, 6, 2, 3, 5, 5, 4, 6, 6, 1, 1, 3], [3, 3, 0, 4, 6, 4, 7, 5, 3, 3, 3, 4], [3, 2, 3, 6, 4, 6, 5, 7, 2, 0, 3, 4], [3, 5, 8, 3, 1, 4, 7, 2, 5, 0, 2, 5], [4, 3, 2, 8, 4, 5, 2, 5, 1, 5, 1, 5], [4, 2, 1, 1, 7, 4, 2, 7, 3, 2, 7, 5], [4, 2, 5, 5, 4, 3, 7, 6, 4, 0, 3, 2]]",2026-03-21T21:31:31.853752
ssvep_nakanishi,BPE_Hist_RF,1024,2024,LOSO,0.1111111111111111,0.02759197115879878,0.07222222222222222,0.13333333333333333,0.11111111111111112,0.11167549018297639,0.030303030303030238,0.5022390572390573,3,540,3,"[[2, 3, 3, 3, 3, 7, 3, 5, 5, 5, 2, 4], [4, 7, 9, 1, 5, 2, 2, 4, 3, 2, 4, 2], [7, 4, 3, 1, 3, 6, 4, 5, 2, 2, 1, 7], [7, 4, 3, 6, 2, 1, 4, 5, 5, 4, 1, 3], [3, 2, 2, 4, 4, 3, 5, 6, 2, 3, 6, 5], [3, 6, 2, 3, 5, 5, 4, 6, 6, 1, 1, 3], [3, 3, 0, 4, 6, 4, 7, 5, 3, 3, 3, 4], [3, 2, 3, 6, 4, 6, 5, 7, 2, 0, 3, 4], [3, 5, 8, 3, 1, 4, 7, 2, 5, 0, 2, 5], [4, 3, 2, 8, 4, 5, 2, 5, 1, 5, 1, 5], [4, 2, 1, 1, 7, 4, 2, 7, 3, 2, 7, 5], [4, 2, 5, 5, 4, 3, 7, 6, 4, 0, 3, 2]]",2026-03-21T21:31:31.856752
ssvep_nakanishi,BPE_Windowed_LogReg,1024,42,LOSO,0.0925925925925926,0.009442628728875527,0.08333333333333333,0.10555555555555556,0.0925925925925926,0.08794860131172448,0.01010101010101013,0.4949046015712682,3,540,3,"[[3, 3, 10, 1, 3, 4, 2, 0, 8, 2, 7, 2], [4, 2, 10, 0, 5, 3, 0, 2, 5, 2, 12, 0], [3, 7, 8, 0, 3, 2, 3, 2, 5, 1, 4, 7], [5, 1, 10, 5, 1, 6, 2, 1, 6, 0, 4, 4], [6, 5, 8, 2, 6, 3, 1, 4, 1, 1, 5, 3], [4, 1, 8, 4, 5, 3, 2, 3, 1, 2, 10, 2], [3, 2, 7, 3, 1, 2, 4, 3, 3, 3, 12, 2], [4, 5, 9, 5, 2, 2, 0, 3, 5, 2, 5, 3], [6, 2, 11, 4, 3, 3, 0, 6, 2, 1, 5, 2], [3, 4, 9, 5, 1, 2, 0, 3, 3, 0, 11, 4], [5, 5, 7, 3, 2, 1, 7, 3, 1, 1, 9, 1], [6, 3, 9, 1, 2, 4, 2, 2, 3, 4, 4, 5]]",2026-03-21T21:31:32.251640
ssvep_nakanishi,BPE_Windowed_LogReg,1024,123,LOSO,0.0925925925925926,0.009442628728875527,0.08333333333333333,0.10555555555555556,0.0925925925925926,0.08794860131172448,0.01010101010101013,0.4949046015712682,3,540,3,"[[3, 3, 10, 1, 3, 4, 2, 0, 8, 2, 7, 2], [4, 2, 10, 0, 5, 3, 0, 2, 5, 2, 12, 0], [3, 7, 8, 0, 3, 2, 3, 2, 5, 1, 4, 7], [5, 1, 10, 5, 1, 6, 2, 1, 6, 0, 4, 4], [6, 5, 8, 2, 6, 3, 1, 4, 1, 1, 5, 3], [4, 1, 8, 4, 5, 3, 2, 3, 1, 2, 10, 2], [3, 2, 7, 3, 1, 2, 4, 3, 3, 3, 12, 2], [4, 5, 9, 5, 2, 2, 0, 3, 5, 2, 5, 3], [6, 2, 11, 4, 3, 3, 0, 6, 2, 1, 5, 2], [3, 4, 9, 5, 1, 2, 0, 3, 3, 0, 11, 4], [5, 5, 7, 3, 2, 1, 7, 3, 1, 1, 9, 1], [6, 3, 9, 1, 2, 4, 2, 2, 3, 4, 4, 5]]",2026-03-21T21:31:32.255139
ssvep_nakanishi,BPE_Windowed_LogReg,1024,456,LOSO,0.0925925925925926,0.009442628728875527,0.08333333333333333,0.10555555555555556,0.0925925925925926,0.08793993036857396,0.01010101010101013,0.4948597081930415,3,540,3,"[[3, 3, 10, 1, 3, 4, 2, 0, 8, 2, 7, 2], [4, 2, 10, 0, 5, 3, 0, 2, 5, 2, 12, 0], [3, 7, 8, 0, 3, 2, 3, 2, 5, 1, 4, 7], [5, 1, 11, 5, 1, 6, 2, 1, 5, 0, 4, 4], [6, 5, 8, 2, 6, 3, 1, 4, 1, 1, 5, 3], [4, 1, 8, 4, 5, 3, 2, 3, 1, 2, 10, 2], [3, 2, 7, 3, 1, 2, 4, 3, 3, 3, 12, 2], [4, 5, 9, 5, 2, 2, 0, 3, 5, 2, 5, 3], [6, 2, 11, 4, 3, 3, 0, 6, 2, 1, 5, 2], [3, 4, 9, 5, 1, 2, 0, 3, 3, 0, 11, 4], [5, 5, 7, 3, 2, 1, 7, 3, 1, 1, 9, 1], [6, 3, 9, 1, 2, 4, 2, 2, 3, 4, 4, 5]]",2026-03-21T21:31:32.258140
ssvep_nakanishi,BPE_Windowed_LogReg,1024,789,LOSO,0.0925925925925926,0.009442628728875527,0.08333333333333333,0.10555555555555556,0.0925925925925926,0.08794860131172448,0.01010101010101013,0.49488215488215487,3,540,3,"[[3, 3, 10, 1, 3, 4, 2, 0, 8, 2, 7, 2], [4, 2, 10, 0, 5, 3, 0, 2, 5, 2, 12, 0], [3, 7, 8, 0, 3, 2, 3, 2, 5, 1, 4, 7], [5, 1, 10, 5, 1, 6, 2, 1, 6, 0, 4, 4], [6, 5, 8, 2, 6, 3, 1, 4, 1, 1, 5, 3], [4, 1, 8, 4, 5, 3, 2, 3, 1, 2, 10, 2], [3, 2, 7, 3, 1, 2, 4, 3, 3, 3, 12, 2], [4, 5, 9, 5, 2, 2, 0, 3, 5, 2, 5, 3], [6, 2, 11, 4, 3, 3, 0, 6, 2, 1, 5, 2], [3, 4, 9, 5, 1, 2, 0, 3, 3, 0, 11, 4], [5, 5, 7, 3, 2, 1, 7, 3, 1, 1, 9, 1], [6, 3, 9, 1, 2, 4, 2, 2, 3, 4, 4, 5]]",2026-03-21T21:31:32.261140
ssvep_nakanishi,BPE_Windowed_LogReg,1024,2024,LOSO,0.0925925925925926,0.009442628728875527,0.08333333333333333,0.10555555555555556,0.0925925925925926,0.08794860131172448,0.01010101010101013,0.49489337822671153,3,540,3,"[[3, 3, 10, 1, 3, 4, 2, 0, 8, 2, 7, 2], [4, 2, 10, 0, 5, 3, 0, 2, 5, 2, 12, 0], [3, 7, 8, 0, 3, 2, 3, 2, 5, 1, 4, 7], [5, 1, 10, 5, 1, 6, 2, 1, 6, 0, 4, 4], [6, 5, 8, 2, 6, 3, 1, 4, 1, 1, 5, 3], [4, 1, 8, 4, 5, 3, 2, 3, 1, 2, 10, 2], [3, 2, 7, 3, 1, 2, 4, 3, 3, 3, 12, 2], [4, 5, 9, 5, 2, 2, 0, 3, 5, 2, 5, 3], [6, 2, 11, 4, 3, 3, 0, 6, 2, 1, 5, 2], [3, 4, 9, 5, 1, 2, 0, 3, 3, 0, 11, 4], [5, 5, 7, 3, 2, 1, 7, 3, 1, 1, 9, 1], [6, 3, 9, 1, 2, 4, 2, 2, 3, 4, 4, 5]]",2026-03-21T21:31:32.264640
ssvep_nakanishi,BPE_WindowedSeq_CNN,1024,42,LOSO,0.08333333333333333,0.0,0.08333333333333333,0.08333333333333333,0.08333333333333333,0.012842541193056658,-7.401486830834377e-17,0.5107575757575757,3,540,3,"[[15, 0, 0, 0, 0, 0, 15, 0, 15, 0, 0, 0], [15, 0, 0, 0, 0, 0, 15, 0, 15, 0, 0, 0], [15, 0, 0, 0, 0, 0, 15, 0, 15, 0, 0, 0], [15, 0, 0, 0, 0, 0, 15, 0, 15, 0, 0, 0], [15, 0, 0, 0, 0, 0, 15, 0, 15, 0, 0, 0], [15, 0, 0, 0, 0, 0, 15, 0, 15, 0, 0, 0], [15, 0, 0, 0, 0, 0, 15, 0, 15, 0, 0, 0], [15, 0, 0, 0, 0, 0, 15, 0, 15, 0, 0, 0], [15, 0, 0, 0, 0, 0, 15, 0, 15, 0, 0, 0], [15, 0, 0, 0, 0, 0, 15, 0, 15, 0, 0, 0], [15, 0, 0, 0, 0, 0, 15, 0, 15, 0, 0, 0], [14, 0, 0, 0, 0, 0, 15, 0, 15, 0, 1, 0]]",2026-03-21T21:31:32.865259
ssvep_nakanishi,BPE_WindowedSeq_CNN,1024,123,LOSO,0.08703703703703702,0.005237828008789242,0.08333333333333333,0.09444444444444444,0.08703703703703702,0.017745351626930573,0.004040404040404029,0.4998933782267116,3,540,3,"[[0, 0, 0, 0, 15, 0, 6, 24, 0, 0, 0, 0], [0, 0, 0, 0, 15, 0, 4, 26, 0, 0, 0, 0], [0, 0, 0, 0, 15, 0, 6, 24, 0, 0, 0, 0], [0, 0, 0, 0, 15, 0, 8, 22, 0, 0, 0, 0], [0, 0, 0, 0, 15, 0, 9, 21, 0, 0, 0, 0], [0, 0, 0, 0, 15, 0, 5, 25, 0, 0, 0, 0], [0, 0, 0, 0, 15, 0, 10, 20, 0, 0, 0, 0], [0, 0, 0, 0, 15, 0, 8, 22, 0, 0, 0, 0], [0, 0, 0, 0, 15, 0, 6, 24, 0, 0, 0, 0], [0, 0, 0, 0, 15, 0, 5, 25, 0, 0, 0, 0], [0, 0, 0, 0, 15, 0, 7, 23, 0, 0, 0, 0], [0, 0, 0, 0, 15, 0, 7, 23, 0, 0, 0, 0]]",2026-03-21T21:31:33.352258
ssvep_nakanishi,BPE_WindowedSeq_CNN,1024,456,LOSO,0.08333333333333333,0.0,0.08333333333333333,0.08333333333333333,0.08333333333333333,0.012820512820512822,0.0,0.4978900112233446,3,540,3,"[[0, 0, 0, 0, 0, 0, 0, 0, 15, 15, 0, 15], [0, 0, 0, 0, 0, 0, 0, 0, 15, 15, 0, 15], [0, 0, 0, 0, 0, 0, 0, 0, 15, 15, 0, 15], [0, 0, 0, 0, 0, 0, 0, 0, 15, 15, 0, 15], [0, 0, 0, 0, 0, 0, 0, 0, 15, 15, 0, 15], [0, 0, 0, 0, 0, 0, 0, 0, 15, 15, 0, 15], [0, 0, 0, 0, 0, 0, 0, 0, 15, 15, 0, 15], [0, 0, 0, 0, 0, 0, 0, 0, 15, 15, 0, 15], [0, 0, 0, 0, 0, 0, 0, 0, 15, 15, 0, 15], [0, 0, 0, 0, 0, 0, 0, 0, 15, 15, 0, 15], [0, 0, 0, 0, 0, 0, 0, 0, 15, 15, 0, 15], [0, 0, 0, 0, 0, 0, 0, 0, 15, 15, 0, 15]]",2026-03-21T21:31:33.847270
ssvep_nakanishi,BPE_WindowedSeq_CNN,1024,789,LOSO,0.08333333333333333,0.0,0.08333333333333333,0.08333333333333333,0.08333333333333333,0.012820512820512822,0.0,0.4979741863075196,3,540,3,"[[0, 0, 0, 0, 0, 15, 0, 15, 15, 0, 0, 0], [0, 0, 0, 0, 0, 15, 0, 15, 15, 0, 0, 0], [0, 0, 0, 0, 0, 15, 0, 15, 15, 0, 0, 0], [0, 0, 0, 0, 0, 15, 0, 15, 15, 0, 0, 0], [0, 0, 0, 0, 0, 15, 0, 15, 15, 0, 0, 0], [0, 0, 0, 0, 0, 15, 0, 15, 15, 0, 0, 0], [0, 0, 0, 0, 0, 15, 0, 15, 15, 0, 0, 0], [0, 0, 0, 0, 0, 15, 0, 15, 15, 0, 0, 0], [0, 0, 0, 0, 0, 15, 0, 15, 15, 0, 0, 0], [0, 0, 0, 0, 0, 15, 0, 15, 15, 0, 0, 0], [0, 0, 0, 0, 0, 15, 0, 15, 15, 0, 0, 0], [0, 0, 0, 0, 0, 15, 0, 15, 15, 0, 0, 0]]",2026-03-21T21:31:34.350769
ssvep_nakanishi,BPE_WindowedSeq_CNN,1024,2024,LOSO,0.09074074074074073,0.010475656017578484,0.08333333333333333,0.10555555555555556,0.09074074074074073,0.023060978091465897,0.008080808080808096,0.4901234567901234,3,540,3,"[[15, 0, 0, 0, 3, 0, 15, 0, 0, 0, 5, 7], [15, 0, 0, 0, 5, 0, 15, 0, 0, 0, 2, 8], [15, 0, 0, 0, 2, 0, 15, 0, 0, 0, 2, 11], [15, 0, 0, 0, 4, 0, 15, 0, 0, 0, 3, 8], [15, 0, 0, 0, 6, 0, 15, 0, 0, 0, 2, 7], [15, 0, 0, 0, 4, 0, 15, 0, 0, 0, 2, 9], [15, 0, 0, 0, 6, 0, 15, 0, 0, 0, 2, 7], [15, 0, 0, 0, 4, 0, 15, 0, 0, 0, 2, 9], [15, 0, 0, 0, 7, 0, 15, 0, 0, 0, 0, 8], [15, 0, 0, 0, 5, 0, 15, 0, 0, 0, 1, 9], [15, 0, 0, 0, 6, 0, 15, 0, 0, 0, 4, 5], [15, 0, 0, 0, 5, 0, 15, 0, 0, 0, 1, 9]]",2026-03-21T21:31:35.004265
ssvep_nakanishi,BPE_Bigram_LogReg,1024,42,LOSO,0.07592592592592592,0.015930231976004863,0.05555555555555555,0.09444444444444444,0.07592592592592592,0.045205373287709134,-0.008080808080808096,0.5134904601571267,3,540,3,"[[0, 0, 12, 0, 1, 1, 2, 3, 13, 5, 8, 0], [1, 0, 7, 0, 1, 0, 2, 0, 7, 17, 9, 1], [2, 0, 6, 0, 1, 1, 6, 1, 6, 11, 10, 1], [0, 0, 6, 0, 0, 0, 6, 1, 12, 12, 7, 1], [0, 0, 5, 0, 3, 0, 6, 3, 7, 11, 7, 3], [1, 1, 6, 0, 2, 0, 3, 5, 12, 11, 4, 0], [0, 1, 6, 0, 0, 0, 7, 5, 7, 10, 9, 0], [1, 0, 4, 0, 2, 0, 3, 1, 13, 13, 6, 2], [2, 2, 8, 0, 1, 0, 4, 6, 7, 10, 5, 0], [0, 0, 6, 0, 0, 0, 3, 4, 9, 13, 9, 1], [0, 1, 7, 0, 0, 0, 6, 4, 11, 12, 3, 1], [2, 0, 6, 0, 1, 0, 6, 2, 8, 13, 6, 1]]",2026-03-21T21:31:35.360864
ssvep_nakanishi,BPE_Bigram_LogReg,1024,123,LOSO,0.07407407407407407,0.006928995160692483,0.06666666666666667,0.08333333333333333,0.07407407407407407,0.022990406227188218,-0.010101010101010091,0.5134511784511785,3,540,3,"[[0, 1, 5, 0, 0, 1, 6, 11, 7, 1, 0, 13], [0, 0, 5, 0, 0, 0, 7, 9, 4, 6, 0, 14], [1, 0, 4, 0, 0, 1, 8, 10, 3, 5, 0, 13], [1, 0, 3, 0, 0, 0, 8, 10, 6, 6, 0, 11], [3, 0, 2, 0, 0, 0, 6, 12, 2, 5, 0, 15], [2, 0, 5, 0, 0, 0, 4, 13, 1, 7, 0, 13], [0, 0, 5, 0, 0, 0, 8, 13, 2, 2, 0, 15], [3, 0, 0, 0, 0, 1, 10, 9, 6, 4, 0, 12], [4, 1, 3, 0, 0, 0, 6, 11, 2, 4, 0, 14], [0, 0, 2, 0, 0, 0, 7, 15, 3, 3, 0, 15], [4, 1, 2, 0, 0, 0, 8, 11, 3, 1, 0, 15], [1, 0, 6, 0, 1, 0, 6, 10, 2, 5, 0, 14]]",2026-03-21T21:31:35.367622
ssvep_nakanishi,BPE_Bigram_LogReg,1024,456,LOSO,0.07592592592592592,0.013094570021973102,0.06666666666666667,0.09444444444444444,0.07592592592592592,0.042273474715077454,-0.008080808080808022,0.5134343434343434,3,540,3,"[[0, 1, 10, 0, 1, 4, 4, 6, 9, 8, 2, 0], [1, 0, 10, 0, 0, 0, 6, 4, 7, 16, 0, 1], [3, 0, 9, 0, 0, 1, 12, 2, 5, 13, 0, 0], [1, 0, 8, 0, 0, 1, 9, 3, 9, 14, 0, 0], [3, 0, 8, 0, 1, 1, 8, 5, 4, 12, 2, 1], [2, 0, 10, 0, 1, 0, 8, 4, 7, 13, 0, 0], [0, 0, 8, 0, 0, 0, 8, 7, 6, 15, 1, 0], [3, 0, 9, 0, 0, 1, 7, 1, 9, 15, 0, 0], [6, 2, 9, 0, 0, 0, 7, 7, 5, 9, 0, 0], [0, 0, 11, 0, 0, 0, 7, 5, 6, 16, 0, 0], [2, 1, 12, 0, 0, 1, 8, 5, 5, 11, 0, 0], [3, 0, 13, 0, 1, 0, 9, 3, 3, 12, 0, 1]]",2026-03-21T21:31:35.370622
ssvep_nakanishi,BPE_Bigram_LogReg,1024,789,LOSO,0.06851851851851852,0.02327741683328988,0.044444444444444446,0.10000000000000002,0.06851851851851852,0.03957089664878796,-0.016161616161616155,0.5134904601571267,3,540,3,"[[0, 1, 9, 0, 2, 0, 3, 3, 14, 7, 6, 0], [1, 0, 9, 0, 0, 1, 1, 0, 9, 14, 8, 2], [3, 0, 5, 0, 0, 1, 7, 0, 6, 13, 8, 2], [3, 0, 6, 0, 0, 1, 4, 1, 9, 13, 7, 1], [5, 0, 4, 0, 1, 0, 6, 3, 5, 12, 6, 3], [4, 1, 7, 0, 1, 0, 3, 4, 10, 11, 4, 0], [0, 0, 8, 0, 1, 0, 6, 3, 8, 11, 8, 0], [5, 0, 6, 0, 1, 0, 2, 0, 10, 14, 6, 1], [5, 2, 8, 0, 0, 0, 3, 6, 6, 8, 6, 1], [2, 0, 8, 0, 2, 1, 3, 3, 5, 12, 8, 1], [4, 2, 7, 0, 1, 1, 6, 3, 7, 9, 4, 1], [7, 0, 8, 0, 1, 1, 4, 2, 3, 11, 5, 3]]",2026-03-21T21:31:35.373622
ssvep_nakanishi,BPE_Bigram_LogReg,1024,2024,LOSO,0.07222222222222223,0.013608276348795436,0.05555555555555555,0.08888888888888889,0.07222222222222223,0.04455888203768599,-0.012121212121212125,0.5133277216610549,3,540,3,"[[1, 0, 13, 0, 5, 1, 2, 7, 11, 0, 5, 0], [2, 0, 10, 0, 4, 0, 4, 11, 4, 0, 8, 2], [4, 0, 11, 0, 2, 1, 9, 7, 4, 0, 5, 2], [3, 0, 10, 0, 3, 0, 4, 9, 7, 1, 7, 1], [6, 0, 8, 0, 5, 0, 5, 10, 3, 0, 5, 3], [5, 1, 10, 0, 5, 0, 3, 11, 6, 0, 3, 1], [3, 0, 13, 0, 3, 0, 7, 9, 2, 1, 7, 0], [7, 1, 11, 0, 5, 0, 1, 5, 9, 1, 4, 1], [8, 2, 8, 0, 4, 0, 3, 12, 4, 1, 3, 0], [2, 0, 5, 0, 8, 0, 6, 13, 3, 1, 6, 1], [4, 2, 12, 0, 3, 2, 6, 6, 5, 0, 3, 2], [5, 0, 11, 0, 5, 0, 6, 8, 3, 0, 5, 2]]",2026-03-21T21:31:35.376621
ssvep_nakanishi,BPE_Seq_CNN,1024,42,LOSO,0.08333333333333333,0.004536092116265145,0.07777777777777778,0.08888888888888889,0.08333333333333333,0.024812937010761347,-7.401486830834377e-17,0.5045791245791246,3,540,3,"[[5, 0, 0, 11, 0, 0, 1, 0, 0, 0, 10, 18], [10, 0, 0, 9, 0, 0, 0, 0, 0, 0, 5, 21], [10, 0, 0, 10, 0, 0, 0, 0, 0, 0, 5, 20], [12, 0, 0, 9, 0, 0, 0, 0, 0, 0, 3, 21], [9, 0, 0, 13, 0, 0, 0, 0, 0, 0, 6, 17], [9, 0, 0, 11, 0, 0, 1, 0, 0, 0, 6, 18], [8, 0, 0, 11, 0, 0, 1, 0, 0, 0, 6, 19], [11, 0, 0, 12, 0, 0, 0, 0, 0, 0, 4, 18], [8, 0, 0, 12, 0, 0, 1, 0, 0, 0, 7, 17], [9, 0, 0, 15, 0, 0, 0, 0, 0, 0, 6, 15], [7, 0, 0, 11, 0, 0, 0, 0, 0, 0, 8, 19], [7, 0, 0, 7, 0, 1, 1, 0, 0, 0, 7, 22]]",2026-03-21T21:31:39.688985
ssvep_nakanishi,BPE_Seq_CNN,1024,123,LOSO,0.09814814814814814,0.02095131203515696,0.08333333333333333,0.12777777777777777,0.09814814814814814,0.03838191794071886,0.016161616161616228,0.5241750841750842,3,540,3,"[[0, 4, 7, 3, 0, 0, 0, 0, 1, 1, 14, 15], [0, 5, 9, 0, 1, 0, 0, 0, 3, 0, 13, 14], [0, 1, 10, 1, 0, 0, 0, 0, 5, 0, 13, 15], [0, 2, 11, 1, 0, 1, 0, 0, 3, 0, 13, 14], [1, 3, 4, 1, 1, 1, 0, 0, 2, 0, 17, 15], [0, 2, 9, 1, 0, 0, 0, 0, 3, 1, 15, 14], [0, 3, 8, 1, 0, 0, 0, 0, 2, 0, 17, 14], [0, 1, 11, 0, 0, 0, 0, 0, 3, 0, 17, 13], [0, 4, 7, 1, 0, 1, 1, 0, 5, 0, 12, 14], [0, 3, 9, 0, 0, 0, 1, 0, 2, 0, 15, 15], [0, 3, 6, 0, 0, 1, 0, 0, 3, 0, 17, 15], [0, 3, 8, 0, 1, 1, 0, 0, 5, 0, 13, 14]]",2026-03-21T21:31:39.866988
ssvep_nakanishi,BPE_Seq_CNN,1024,456,LOSO,0.07962962962962962,0.005237828008789242,0.07222222222222222,0.08333333333333333,0.07962962962962962,0.021211716524216523,-0.004040404040404066,0.49316498316498314,3,540,3,"[[0, 10, 0, 0, 0, 5, 0, 13, 15, 0, 0, 2], [0, 6, 1, 0, 0, 8, 0, 11, 15, 0, 0, 4], [0, 10, 0, 0, 0, 5, 0, 10, 15, 0, 0, 5], [0, 13, 0, 0, 0, 2, 0, 7, 15, 0, 0, 8], [0, 11, 0, 0, 0, 4, 0, 12, 15, 0, 0, 3], [0, 8, 0, 0, 0, 7, 0, 11, 15, 0, 0, 4], [0, 10, 0, 0, 0, 4, 0, 9, 15, 0, 1, 6], [0, 11, 0, 0, 0, 4, 0, 7, 15, 0, 0, 8], [0, 12, 0, 0, 0, 3, 0, 11, 15, 0, 0, 4], [0, 13, 0, 0, 0, 2, 0, 8, 15, 0, 0, 7], [0, 12, 0, 0, 0, 3, 0, 9, 15, 0, 0, 6], [0, 13, 0, 0, 0, 2, 0, 7, 15, 0, 0, 8]]",2026-03-21T21:31:40.034500
ssvep_nakanishi,BPE_Seq_CNN,1024,789,LOSO,0.09074074074074075,0.011415581486979584,0.07777777777777778,0.10555555555555556,0.09074074074074075,0.03599344535699737,0.008080808080808096,0.5244612794612795,3,540,3,"[[31, 0, 0, 1, 10, 0, 1, 0, 1, 0, 0, 1], [31, 0, 0, 4, 5, 1, 2, 0, 0, 0, 0, 2], [35, 0, 0, 6, 1, 0, 2, 0, 0, 0, 0, 1], [28, 0, 0, 6, 6, 0, 5, 0, 0, 0, 0, 0], [30, 1, 0, 1, 7, 0, 4, 0, 2, 0, 0, 0], [32, 0, 0, 6, 5, 0, 1, 0, 0, 0, 1, 0], [29, 0, 0, 2, 8, 0, 4, 1, 0, 0, 0, 1], [31, 0, 0, 1, 9, 0, 2, 0, 1, 0, 1, 0], [28, 0, 0, 7, 7, 0, 2, 0, 0, 0, 1, 0], [32, 0, 0, 4, 4, 0, 3, 0, 0, 0, 1, 1], [31, 0, 0, 3, 5, 0, 4, 0, 1, 0, 0, 1], [33, 0, 0, 3, 6, 0, 2, 0, 0, 0, 0, 1]]",2026-03-21T21:31:40.212999
ssvep_nakanishi,BPE_Seq_CNN,1024,2024,LOSO,0.07962962962962962,0.002618914004394618,0.07777777777777778,0.08333333333333333,0.07962962962962962,0.028320371303508323,-0.004040404040404066,0.48929292929292917,3,540,3,"[[0, 6, 0, 20, 0, 2, 9, 0, 1, 0, 5, 2], [0, 5, 0, 23, 0, 1, 10, 0, 0, 0, 1, 5], [0, 6, 0, 20, 0, 1, 9, 0, 1, 0, 4, 4], [0, 5, 0, 20, 0, 5, 8, 0, 0, 0, 3, 4], [0, 6, 0, 17, 0, 0, 13, 0, 0, 0, 7, 2], [0, 9, 0, 16, 0, 3, 6, 0, 0, 0, 7, 4], [0, 6, 0, 20, 0, 3, 7, 0, 0, 0, 6, 3], [0, 8, 0, 22, 0, 1, 9, 0, 0, 0, 4, 1], [0, 6, 0, 21, 0, 2, 11, 0, 0, 0, 2, 3], [0, 6, 0, 25, 0, 2, 7, 1, 0, 0, 2, 2], [0, 7, 0, 20, 0, 1, 10, 0, 0, 0, 3, 4], [0, 6, 0, 20, 0, 2, 10, 0, 0, 0, 2, 5]]",2026-03-21T21:31:40.422498
ssvep_nakanishi,BPE_Seq_Transformer,1024,42,LOSO,0.06851851851851852,0.006928995160692486,0.06111111111111111,0.07777777777777778,0.06851851851851852,0.029031405316397845,-0.016161616161616116,0.4881144781144781,3,540,3,"[[0, 11, 4, 0, 1, 2, 7, 0, 1, 5, 4, 10], [0, 3, 6, 0, 1, 0, 9, 0, 3, 0, 12, 11], [1, 11, 4, 0, 0, 3, 9, 0, 1, 1, 3, 12], [0, 7, 6, 0, 2, 0, 9, 0, 2, 1, 8, 10], [1, 9, 3, 0, 0, 1, 9, 0, 1, 5, 6, 10], [1, 8, 6, 0, 0, 0, 11, 0, 1, 2, 8, 8], [0, 7, 2, 0, 2, 2, 13, 1, 0, 2, 5, 11], [0, 14, 2, 0, 1, 0, 10, 0, 0, 2, 5, 11], [1, 8, 4, 0, 2, 1, 8, 1, 0, 1, 7, 12], [0, 10, 4, 0, 0, 0, 8, 1, 1, 1, 10, 10], [0, 14, 3, 0, 1, 1, 8, 0, 0, 3, 5, 10], [0, 7, 6, 0, 4, 0, 9, 0, 1, 1, 6, 11]]",2026-03-21T21:31:54.308611
ssvep_nakanishi,BPE_Seq_Transformer,1024,123,LOSO,0.08333333333333333,0.01635511271542194,0.06666666666666667,0.10555555555555556,0.08333333333333333,0.04583796167064783,3.700743415417188e-17,0.4903142536475869,3,540,3,"[[2, 12, 7, 0, 3, 0, 3, 12, 0, 0, 6, 0], [0, 7, 7, 0, 3, 0, 5, 11, 1, 0, 11, 0], [0, 11, 13, 0, 4, 0, 7, 7, 0, 0, 3, 0], [1, 12, 6, 0, 2, 0, 3, 12, 0, 0, 9, 0], [1, 17, 10, 0, 3, 0, 6, 8, 0, 0, 0, 0], [2, 16, 10, 0, 0, 0, 3, 9, 0, 0, 5, 0], [2, 17, 6, 0, 3, 0, 5, 7, 1, 0, 4, 0], [3, 14, 10, 0, 2, 0, 6, 9, 0, 0, 1, 0], [2, 11, 11, 1, 3, 0, 2, 10, 0, 0, 5, 0], [1, 15, 7, 0, 4, 0, 4, 7, 0, 0, 7, 0], [0, 24, 4, 0, 2, 0, 2, 7, 0, 0, 6, 0], [0, 14, 8, 0, 3, 0, 2, 14, 1, 0, 3, 0]]",2026-03-21T21:31:55.827639
ssvep_nakanishi,BPE_Seq_Transformer,1024,456,LOSO,0.10000000000000002,0.009072184232530285,0.0925925925925926,0.1111111111111111,0.09999999999999999,0.056189868069762255,0.018181818181818188,0.4900897867564535,3,540,3,"[[0, 8, 6, 5, 1, 0, 1, 2, 5, 2, 10, 5], [1, 0, 2, 9, 5, 0, 1, 2, 4, 1, 11, 9], [0, 5, 12, 3, 1, 0, 0, 3, 3, 3, 7, 8], [0, 3, 4, 9, 6, 0, 2, 1, 4, 2, 8, 6], [0, 6, 6, 5, 3, 0, 1, 3, 3, 2, 9, 7], [1, 4, 4, 5, 5, 0, 1, 1, 2, 2, 8, 12], [0, 5, 8, 6, 1, 0, 3, 1, 4, 1, 11, 5], [0, 4, 6, 7, 6, 0, 4, 0, 1, 1, 9, 7], [0, 5, 7, 4, 2, 0, 1, 1, 4, 4, 7, 10], [0, 3, 6, 7, 3, 0, 1, 3, 2, 2, 12, 6], [0, 8, 6, 7, 4, 0, 1, 1, 2, 2, 13, 1], [3, 2, 8, 7, 3, 0, 1, 1, 4, 3, 5, 8]]",2026-03-21T21:31:57.267662
ssvep_nakanishi,BPE_Seq_Transformer,1024,789,LOSO,0.08888888888888889,0.013608276348795436,0.07222222222222222,0.10555555555555556,0.08888888888888889,0.04913617524537043,0.006060606060605989,0.4824466891133557,3,540,3,"[[2, 7, 5, 1, 0, 12, 12, 2, 0, 0, 4, 0], [1, 1, 11, 1, 0, 7, 14, 2, 0, 0, 8, 0], [0, 7, 15, 2, 0, 10, 8, 0, 0, 0, 3, 0], [2, 4, 7, 1, 0, 12, 10, 2, 0, 0, 7, 0], [3, 6, 10, 0, 0, 13, 8, 4, 0, 0, 1, 0], [0, 6, 11, 1, 0, 9, 9, 2, 0, 0, 7, 0], [1, 6, 6, 2, 0, 11, 13, 1, 0, 0, 5, 0], [5, 8, 11, 2, 0, 10, 5, 1, 0, 0, 2, 1], [2, 8, 13, 3, 0, 5, 8, 0, 1, 0, 5, 0], [4, 5, 8, 4, 0, 7, 8, 1, 0, 0, 8, 0], [2, 8, 4, 1, 0, 17, 7, 1, 0, 0, 5, 0], [0, 5, 11, 3, 0, 8, 13, 2, 0, 0, 3, 0]]",2026-03-21T21:31:58.917167
ssvep_nakanishi,BPE_Seq_Transformer,1024,2024,LOSO,0.09444444444444444,0.007856742013183867,0.08333333333333333,0.10000000000000002,0.09444444444444444,0.04149311558953073,0.012121212121212052,0.4911896745230078,3,540,3,"[[5, 3, 0, 0, 1, 0, 10, 0, 14, 0, 4, 8], [4, 1, 3, 0, 0, 0, 8, 0, 10, 0, 10, 9], [6, 1, 3, 0, 0, 0, 5, 0, 15, 0, 5, 10], [4, 3, 2, 0, 0, 0, 10, 0, 11, 0, 7, 8], [6, 4, 1, 0, 0, 0, 9, 0, 12, 0, 4, 9], [3, 3, 2, 0, 1, 0, 6, 0, 12, 0, 7, 11], [7, 3, 0, 0, 1, 0, 10, 0, 12, 0, 5, 7], [7, 3, 0, 0, 2, 0, 9, 0, 11, 0, 4, 9], [4, 3, 0, 1, 2, 0, 4, 0, 13, 0, 5, 13], [6, 4, 3, 0, 1, 0, 6, 0, 10, 0, 8, 7], [1, 10, 3, 0, 0, 0, 11, 0, 8, 0, 7, 5], [2, 1, 2, 0, 1, 0, 8, 0, 15, 0, 4, 12]]",2026-03-21T21:32:00.402196
ssvep_nakanishi,BPE_Seq_CW_Transformer,1024,42,LOSO,0.07592592592592592,0.0026189140043946244,0.07222222222222222,0.07777777777777778,0.07592592592592594,0.02475841054478083,-0.008080808080808207,0.48152637485970823,3,540,3,"[[0, 0, 4, 0, 0, 2, 4, 0, 28, 0, 7, 0], [0, 0, 4, 0, 0, 0, 8, 1, 22, 0, 9, 1], [0, 0, 6, 0, 0, 0, 5, 1, 26, 0, 6, 1], [0, 0, 5, 0, 0, 0, 8, 1, 24, 0, 7, 0], [0, 0, 3, 0, 0, 0, 8, 0, 30, 0, 4, 0], [0, 0, 5, 0, 0, 0, 7, 0, 21, 0, 10, 2], [0, 0, 5, 0, 0, 1, 5, 1, 27, 0, 6, 0], [0, 0, 6, 0, 0, 0, 5, 0, 27, 0, 6, 1], [1, 1, 8, 0, 0, 1, 4, 1, 22, 0, 7, 0], [0, 0, 8, 0, 0, 0, 4, 0, 23, 0, 9, 1], [0, 0, 7, 0, 0, 0, 5, 1, 24, 0, 8, 0], [0, 0, 7, 0, 0, 0, 7, 1, 26, 0, 4, 0]]",2026-03-21T21:32:02.424222
ssvep_nakanishi,BPE_Seq_CW_Transformer,1024,123,LOSO,0.07222222222222223,0.020786985482077452,0.044444444444444446,0.09444444444444444,0.07222222222222223,0.033468538580566885,-0.012121212121212163,0.49087542087542085,3,540,3,"[[0, 19, 1, 0, 0, 2, 9, 8, 0, 0, 6, 0], [0, 7, 4, 1, 1, 7, 9, 13, 1, 0, 2, 0], [0, 12, 4, 0, 1, 2, 9, 14, 1, 0, 2, 0], [0, 12, 2, 0, 1, 4, 9, 12, 0, 0, 5, 0], [0, 14, 3, 0, 1, 1, 12, 10, 0, 0, 4, 0], [0, 14, 7, 0, 0, 1, 7, 12, 0, 0, 4, 0], [1, 13, 2, 0, 0, 1, 11, 13, 0, 0, 4, 0], [0, 18, 4, 1, 3, 3, 7, 7, 0, 0, 2, 0], [0, 13, 4, 0, 0, 2, 10, 11, 0, 0, 5, 0], [0, 18, 3, 0, 1, 3, 5, 10, 1, 0, 4, 0], [0, 19, 1, 0, 0, 2, 8, 7, 0, 0, 8, 0], [0, 14, 3, 0, 2, 2, 9, 13, 1, 0, 1, 0]]",2026-03-21T21:32:04.439243
ssvep_nakanishi,BPE_Seq_CW_Transformer,1024,456,LOSO,0.08148148148148147,0.00944262872887553,0.07222222222222222,0.09444444444444444,0.08148148148148149,0.03422852212092555,-0.00202020202020207,0.4748372615039282,3,540,3,"[[0, 0, 10, 18, 0, 9, 0, 1, 0, 0, 7, 0], [0, 0, 6, 17, 0, 9, 0, 3, 0, 0, 10, 0], [0, 0, 12, 16, 0, 10, 0, 3, 0, 0, 4, 0], [0, 0, 7, 16, 0, 10, 0, 3, 0, 0, 9, 0], [0, 0, 12, 19, 0, 9, 0, 2, 0, 0, 3, 0], [0, 0, 13, 15, 0, 7, 0, 1, 0, 0, 9, 0], [0, 0, 5, 22, 0, 12, 0, 0, 1, 0, 5, 0], [0, 0, 9, 19, 0, 9, 0, 2, 0, 0, 6, 0], [0, 0, 10, 19, 0, 10, 0, 0, 0, 0, 6, 0], [0, 0, 7, 14, 0, 11, 0, 4, 0, 0, 9, 0], [0, 0, 3, 19, 0, 12, 0, 4, 0, 0, 7, 0], [0, 0, 9, 20, 0, 11, 0, 2, 0, 0, 3, 0]]",2026-03-21T21:32:06.525784
ssvep_nakanishi,BPE_Seq_CW_Transformer,1024,789,LOSO,0.08148148148148147,0.011415581486979584,0.06666666666666667,0.09444444444444444,0.08148148148148147,0.0316053157155439,-0.0020202020202019963,0.4637710437710438,3,540,3,"[[0, 1, 10, 0, 7, 1, 0, 5, 0, 14, 7, 0], [0, 0, 6, 0, 14, 3, 0, 3, 0, 15, 3, 1], [1, 0, 14, 0, 6, 2, 1, 4, 0, 15, 1, 1], [0, 2, 10, 0, 10, 2, 0, 2, 0, 10, 8, 1], [1, 1, 14, 0, 6, 1, 0, 0, 0, 15, 7, 0], [0, 3, 13, 0, 8, 1, 0, 4, 0, 10, 3, 3], [0, 1, 6, 0, 10, 3, 0, 4, 0, 14, 6, 1], [0, 1, 10, 0, 10, 1, 0, 2, 0, 14, 6, 1], [0, 2, 13, 0, 9, 2, 0, 4, 0, 11, 3, 1], [1, 3, 10, 0, 10, 3, 0, 3, 0, 11, 4, 0], [1, 5, 6, 0, 10, 2, 0, 3, 0, 7, 9, 2], [0, 0, 10, 0, 12, 2, 0, 3, 0, 14, 3, 1]]",2026-03-21T21:32:09.228802
ssvep_nakanishi,BPE_Seq_CW_Transformer,1024,2024,LOSO,0.09629629629629628,0.005237828008789242,0.08888888888888889,0.10000000000000002,0.09629629629629631,0.0379901462394586,0.014141414141414158,0.47791245791245784,3,540,3,"[[0, 2, 13, 0, 1, 0, 0, 0, 0, 7, 10, 12], [3, 0, 19, 0, 1, 0, 0, 0, 0, 6, 12, 4], [1, 1, 17, 0, 1, 0, 1, 0, 0, 8, 6, 10], [2, 1, 14, 0, 1, 0, 2, 0, 0, 9, 10, 6], [1, 2, 10, 0, 1, 0, 0, 0, 0, 11, 9, 11], [3, 1, 13, 0, 2, 0, 1, 1, 0, 9, 8, 7], [2, 1, 11, 0, 2, 0, 2, 0, 0, 9, 9, 9], [4, 0, 12, 0, 1, 0, 0, 0, 0, 12, 6, 10], [2, 1, 15, 0, 0, 0, 0, 0, 0, 9, 10, 8], [1, 3, 13, 0, 4, 0, 2, 0, 0, 9, 9, 4], [3, 0, 8, 0, 1, 0, 2, 1, 0, 11, 11, 8], [0, 0, 16, 0, 1, 0, 1, 0, 0, 7, 8, 12]]",2026-03-21T21:32:12.075343
ssvep_nakanishi,EEGNet,1024,42,LOSO,0.08518518518518518,0.0026189140043946244,0.08333333333333333,0.08888888888888889,0.08518518518518518,0.016132771695100256,0.002020202020202033,0.5027272727272727,3,540,3,"[[0, 1, 0, 14, 0, 15, 0, 0, 15, 0, 0, 0], [0, 1, 0, 14, 0, 15, 0, 0, 15, 0, 0, 0], [0, 0, 0, 15, 0, 15, 0, 0, 15, 0, 0, 0], [0, 0, 0, 15, 0, 15, 0, 0, 15, 0, 0, 0], [0, 0, 0, 15, 0, 15, 0, 0, 15, 0, 0, 0], [0, 0, 0, 15, 0, 15, 0, 0, 15, 0, 0, 0], [0, 0, 0, 15, 0, 15, 0, 0, 15, 0, 0, 0], [0, 0, 0, 15, 0, 15, 0, 0, 15, 0, 0, 0], [0, 0, 0, 15, 0, 15, 0, 0, 15, 0, 0, 0], [0, 0, 0, 15, 0, 15, 0, 0, 15, 0, 0, 0], [0, 0, 0, 15, 0, 15, 0, 0, 15, 0, 0, 0], [0, 0, 0, 15, 0, 15, 0, 0, 15, 0, 0, 0]]",2026-03-21T21:32:14.125344
ssvep_nakanishi,EEGNet,1024,123,LOSO,0.08333333333333333,0.0,0.08333333333333333,0.08333333333333333,0.08333333333333333,0.012820512820512822,0.0,0.49337822671156006,3,540,3,"[[0, 0, 15, 0, 0, 0, 0, 0, 15, 0, 15, 0], [0, 0, 15, 0, 0, 0, 0, 0, 15, 0, 15, 0], [0, 0, 15, 0, 0, 0, 0, 0, 15, 0, 15, 0], [0, 0, 15, 0, 0, 0, 0, 0, 15, 0, 15, 0], [0, 0, 15, 0, 0, 0, 0, 0, 15, 0, 15, 0], [0, 0, 15, 0, 0, 0, 0, 0, 15, 0, 15, 0], [0, 0, 15, 0, 0, 0, 0, 0, 15, 0, 15, 0], [0, 0, 15, 0, 0, 0, 0, 0, 15, 0, 15, 0], [0, 0, 15, 0, 0, 0, 0, 0, 15, 0, 15, 0], [0, 0, 15, 0, 0, 0, 0, 0, 15, 0, 15, 0], [0, 0, 15, 0, 0, 0, 0, 0, 15, 0, 15, 0], [0, 0, 15, 0, 0, 0, 0, 0, 15, 0, 15, 0]]",2026-03-21T21:32:14.128345
ssvep_nakanishi,EEGNet,1024,456,LOSO,0.08148148148148147,0.002618914004394618,0.07777777777777778,0.08333333333333333,0.08148148148148147,0.02184398806412273,-0.002020202020202033,0.49143658810325475,3,540,3,"[[0, 12, 0, 3, 6, 0, 0, 0, 4, 0, 9, 11], [0, 13, 0, 2, 7, 0, 0, 0, 4, 0, 8, 11], [0, 13, 0, 2, 7, 0, 0, 0, 4, 0, 8, 11], [0, 13, 0, 2, 6, 0, 0, 0, 4, 0, 9, 11], [0, 14, 0, 1, 6, 0, 0, 0, 3, 0, 9, 12], [0, 14, 0, 1, 6, 0, 0, 0, 3, 0, 9, 12], [0, 13, 0, 2, 6, 0, 0, 0, 3, 0, 9, 12], [0, 13, 0, 2, 6, 0, 0, 0, 3, 0, 9, 12], [0, 14, 0, 1, 6, 0, 0, 0, 3, 0, 9, 12], [0, 12, 0, 3, 7, 0, 0, 0, 3, 0, 8, 12], [0, 12, 0, 3, 7, 0, 0, 0, 3, 0, 8, 12], [0, 14, 0, 1, 7, 0, 0, 0, 3, 0, 8, 12]]",2026-03-21T21:32:14.131845
ssvep_nakanishi,EEGNet,1024,789,LOSO,0.08333333333333333,0.0,0.08333333333333333,0.08333333333333333,0.08333333333333333,0.01850283786081493,-7.401486830834377e-17,0.5054208754208754,3,540,3,"[[0, 1, 0, 10, 0, 15, 5, 0, 14, 0, 0, 0], [0, 1, 0, 10, 0, 15, 5, 0, 14, 0, 0, 0], [0, 1, 0, 10, 0, 15, 5, 0, 14, 0, 0, 0], [0, 1, 0, 9, 0, 15, 6, 0, 14, 0, 0, 0], [0, 1, 0, 9, 0, 15, 6, 0, 14, 0, 0, 0], [0, 1, 0, 9, 0, 15, 6, 0, 14, 0, 0, 0], [0, 1, 0, 9, 0, 15, 6, 0, 14, 0, 0, 0], [0, 1, 0, 9, 0, 15, 6, 0, 14, 0, 0, 0], [0, 1, 0, 9, 0, 15, 6, 0, 14, 0, 0, 0], [0, 1, 0, 9, 0, 15, 6, 0, 14, 0, 0, 0], [0, 1, 0, 8, 0, 15, 7, 0, 14, 0, 0, 0], [0, 1, 0, 9, 0, 15, 6, 0, 14, 0, 0, 0]]",2026-03-21T21:32:14.134847
ssvep_nakanishi,EEGNet,1024,2024,LOSO,0.08518518518518518,0.0026189140043946244,0.08333333333333333,0.08888888888888889,0.08518518518518518,0.016695156695156695,0.002020202020202033,0.4991189674523007,3,540,3,"[[0, 0, 0, 0, 4, 11, 0, 0, 0, 15, 15, 0], [0, 0, 0, 0, 4, 11, 0, 0, 0, 15, 15, 0], [0, 0, 0, 0, 4, 11, 0, 0, 0, 15, 15, 0], [0, 0, 0, 0, 4, 11, 0, 0, 0, 15, 15, 0], [0, 0, 0, 0, 4, 11, 0, 0, 0, 15, 15, 0], [0, 0, 0, 0, 3, 12, 0, 0, 0, 15, 15, 0], [0, 0, 0, 0, 4, 11, 0, 0, 0, 15, 15, 0], [0, 0, 0, 0, 3, 12, 0, 0, 0, 15, 15, 0], [0, 0, 0, 0, 3, 12, 0, 0, 0, 15, 15, 0], [0, 0, 0, 0, 4, 11, 0, 0, 0, 15, 15, 0], [0, 0, 0, 0, 4, 11, 0, 0, 0, 15, 15, 0], [0, 0, 0, 0, 4, 11, 0, 0, 0, 15, 15, 0]]",2026-03-21T21:32:14.137845
ssvep_nakanishi,Patching_LogReg,1024,42,LOSO,0.08148148148148147,0.002618914004394618,0.07777777777777778,0.08333333333333333,0.08148148148148147,0.015727345470510343,-0.002020202020202033,0.5042760942760943,3,540,3,"[[0, 0, 15, 0, 0, 0, 0, 5, 0, 0, 25, 0], [0, 0, 15, 0, 0, 0, 0, 5, 0, 0, 25, 0], [0, 0, 15, 0, 0, 0, 0, 5, 0, 0, 25, 0], [0, 0, 15, 0, 0, 0, 0, 4, 0, 0, 26, 0], [0, 0, 15, 0, 0, 0, 0, 4, 0, 0, 26, 0], [0, 0, 15, 0, 0, 0, 0, 4, 0, 0, 26, 0], [0, 0, 15, 0, 0, 0, 0, 4, 0, 0, 26, 0], [0, 0, 15, 0, 0, 0, 0, 4, 0, 0, 26, 0], [0, 0, 15, 0, 0, 0, 0, 4, 0, 0, 26, 0], [0, 0, 15, 0, 0, 0, 0, 5, 0, 0, 25, 0], [0, 0, 15, 0, 0, 0, 0, 5, 0, 0, 25, 0], [0, 0, 15, 0, 0, 0, 0, 4, 0, 0, 26, 0]]",2026-03-21T21:32:20.868407
ssvep_nakanishi,Patching_LogReg,1024,123,LOSO,0.08148148148148147,0.002618914004394618,0.07777777777777778,0.08333333333333333,0.08148148148148147,0.015727345470510343,-0.002020202020202033,0.5041975308641976,3,540,3,"[[0, 0, 15, 0, 0, 0, 0, 5, 0, 0, 25, 0], [0, 0, 15, 0, 0, 0, 0, 5, 0, 0, 25, 0], [0, 0, 15, 0, 0, 0, 0, 5, 0, 0, 25, 0], [0, 0, 15, 0, 0, 0, 0, 4, 0, 0, 26, 0], [0, 0, 15, 0, 0, 0, 0, 4, 0, 0, 26, 0], [0, 0, 15, 0, 0, 0, 0, 4, 0, 0, 26, 0], [0, 0, 15, 0, 0, 0, 0, 4, 0, 0, 26, 0], [0, 0, 15, 0, 0, 0, 0, 4, 0, 0, 26, 0], [0, 0, 15, 0, 0, 0, 0, 4, 0, 0, 26, 0], [0, 0, 15, 0, 0, 0, 0, 5, 0, 0, 25, 0], [0, 0, 15, 0, 0, 0, 0, 5, 0, 0, 25, 0], [0, 0, 15, 0, 0, 0, 0, 4, 0, 0, 26, 0]]",2026-03-21T21:32:20.871907
ssvep_nakanishi,Patching_LogReg,1024,456,LOSO,0.08148148148148147,0.002618914004394618,0.07777777777777778,0.08333333333333333,0.08148148148148147,0.015727345470510343,-0.002020202020202033,0.5042424242424243,3,540,3,"[[0, 0, 15, 0, 0, 0, 0, 5, 0, 0, 25, 0], [0, 0, 15, 0, 0, 0, 0, 5, 0, 0, 25, 0], [0, 0, 15, 0, 0, 0, 0, 5, 0, 0, 25, 0], [0, 0, 15, 0, 0, 0, 0, 4, 0, 0, 26, 0], [0, 0, 15, 0, 0, 0, 0, 4, 0, 0, 26, 0], [0, 0, 15, 0, 0, 0, 0, 4, 0, 0, 26, 0], [0, 0, 15, 0, 0, 0, 0, 4, 0, 0, 26, 0], [0, 0, 15, 0, 0, 0, 0, 4, 0, 0, 26, 0], [0, 0, 15, 0, 0, 0, 0, 4, 0, 0, 26, 0], [0, 0, 15, 0, 0, 0, 0, 5, 0, 0, 25, 0], [0, 0, 15, 0, 0, 0, 0, 5, 0, 0, 25, 0], [0, 0, 15, 0, 0, 0, 0, 4, 0, 0, 26, 0]]",2026-03-21T21:32:20.874907
ssvep_nakanishi,Patching_LogReg,1024,789,LOSO,0.08148148148148147,0.002618914004394618,0.07777777777777778,0.08333333333333333,0.08148148148148147,0.015727345470510343,-0.002020202020202033,0.5043322109988776,3,540,3,"[[0, 0, 15, 0, 0, 0, 0, 5, 0, 0, 25, 0], [0, 0, 15, 0, 0, 0, 0, 5, 0, 0, 25, 0], [0, 0, 15, 0, 0, 0, 0, 5, 0, 0, 25, 0], [0, 0, 15, 0, 0, 0, 0, 4, 0, 0, 26, 0], [0, 0, 15, 0, 0, 0, 0, 4, 0, 0, 26, 0], [0, 0, 15, 0, 0, 0, 0, 4, 0, 0, 26, 0], [0, 0, 15, 0, 0, 0, 0, 4, 0, 0, 26, 0], [0, 0, 15, 0, 0, 0, 0, 4, 0, 0, 26, 0], [0, 0, 15, 0, 0, 0, 0, 4, 0, 0, 26, 0], [0, 0, 15, 0, 0, 0, 0, 5, 0, 0, 25, 0], [0, 0, 15, 0, 0, 0, 0, 5, 0, 0, 25, 0], [0, 0, 15, 0, 0, 0, 0, 4, 0, 0, 26, 0]]",2026-03-21T21:32:20.877907
ssvep_nakanishi,Patching_LogReg,1024,2024,LOSO,0.08148148148148147,0.002618914004394618,0.07777777777777778,0.08333333333333333,0.08148148148148147,0.015727345470510343,-0.002020202020202033,0.5041863075196409,3,540,3,"[[0, 0, 15, 0, 0, 0, 0, 5, 0, 0, 25, 0], [0, 0, 15, 0, 0, 0, 0, 5, 0, 0, 25, 0], [0, 0, 15, 0, 0, 0, 0, 5, 0, 0, 25, 0], [0, 0, 15, 0, 0, 0, 0, 4, 0, 0, 26, 0], [0, 0, 15, 0, 0, 0, 0, 4, 0, 0, 26, 0], [0, 0, 15, 0, 0, 0, 0, 4, 0, 0, 26, 0], [0, 0, 15, 0, 0, 0, 0, 4, 0, 0, 26, 0], [0, 0, 15, 0, 0, 0, 0, 4, 0, 0, 26, 0], [0, 0, 15, 0, 0, 0, 0, 4, 0, 0, 26, 0], [0, 0, 15, 0, 0, 0, 0, 5, 0, 0, 25, 0], [0, 0, 15, 0, 0, 0, 0, 5, 0, 0, 25, 0], [0, 0, 15, 0, 0, 0, 0, 4, 0, 0, 26, 0]]",2026-03-21T21:32:20.880908
ssvep_nakanishi,VQ_LogReg,1024,42,LOSO,0.08518518518518518,0.0026189140043946244,0.08333333333333333,0.08888888888888889,0.08518518518518518,0.020705760756145906,0.002020202020202033,0.5043883277216611,3,540,3,"[[0, 8, 7, 0, 0, 0, 0, 0, 15, 5, 0, 10], [0, 8, 7, 0, 0, 0, 0, 0, 15, 5, 0, 10], [0, 8, 7, 0, 0, 0, 0, 0, 15, 4, 0, 11], [0, 8, 7, 0, 0, 0, 0, 0, 15, 4, 0, 11], [0, 8, 7, 0, 0, 0, 0, 0, 15, 4, 1, 10], [0, 8, 7, 0, 0, 0, 0, 0, 15, 5, 0, 10], [0, 8, 7, 0, 0, 0, 0, 0, 15, 5, 0, 10], [1, 8, 6, 0, 0, 0, 0, 0, 15, 4, 0, 11], [1, 8, 6, 0, 0, 0, 0, 0, 15, 4, 0, 11], [0, 8, 7, 0, 0, 0, 0, 0, 15, 5, 0, 10], [0, 8, 7, 0, 0, 0, 0, 0, 15, 4, 0, 11], [0, 8, 7, 0, 0, 0, 0, 0, 15, 4, 0, 11]]",2026-03-21T21:32:26.406043
ssvep_nakanishi,VQ_LogReg,1024,123,LOSO,0.08518518518518518,0.0026189140043946244,0.08333333333333333,0.08888888888888889,0.08518518518518518,0.020705760756145906,0.002020202020202033,0.5043883277216611,3,540,3,"[[0, 8, 7, 0, 0, 0, 0, 0, 15, 5, 0, 10], [0, 8, 7, 0, 0, 0, 0, 0, 15, 5, 0, 10], [0, 8, 7, 0, 0, 0, 0, 0, 15, 4, 0, 11], [0, 8, 7, 0, 0, 0, 0, 0, 15, 4, 0, 11], [0, 8, 7, 0, 0, 0, 0, 0, 15, 4, 1, 10], [0, 8, 7, 0, 0, 0, 0, 0, 15, 5, 0, 10], [0, 8, 7, 0, 0, 0, 0, 0, 15, 5, 0, 10], [1, 8, 6, 0, 0, 0, 0, 0, 15, 4, 0, 11], [1, 8, 6, 0, 0, 0, 0, 0, 15, 4, 0, 11], [0, 8, 7, 0, 0, 0, 0, 0, 15, 5, 0, 10], [0, 8, 7, 0, 0, 0, 0, 0, 15, 4, 0, 11], [0, 8, 7, 0, 0, 0, 0, 0, 15, 4, 0, 11]]",2026-03-21T21:32:26.409042
ssvep_nakanishi,VQ_LogReg,1024,456,LOSO,0.08518518518518518,0.0026189140043946244,0.08333333333333333,0.08888888888888889,0.08518518518518518,0.020705760756145906,0.002020202020202033,0.5043883277216611,3,540,3,"[[0, 8, 7, 0, 0, 0, 0, 0, 15, 5, 0, 10], [0, 8, 7, 0, 0, 0, 0, 0, 15, 5, 0, 10], [0, 8, 7, 0, 0, 0, 0, 0, 15, 4, 0, 11], [0, 8, 7, 0, 0, 0, 0, 0, 15, 4, 0, 11], [0, 8, 7, 0, 0, 0, 0, 0, 15, 4, 1, 10], [0, 8, 7, 0, 0, 0, 0, 0, 15, 5, 0, 10], [0, 8, 7, 0, 0, 0, 0, 0, 15, 5, 0, 10], [1, 8, 6, 0, 0, 0, 0, 0, 15, 4, 0, 11], [1, 8, 6, 0, 0, 0, 0, 0, 15, 4, 0, 11], [0, 8, 7, 0, 0, 0, 0, 0, 15, 5, 0, 10], [0, 8, 7, 0, 0, 0, 0, 0, 15, 4, 0, 11], [0, 8, 7, 0, 0, 0, 0, 0, 15, 4, 0, 11]]",2026-03-21T21:32:26.412045
ssvep_nakanishi,VQ_LogReg,1024,789,LOSO,0.08518518518518518,0.0026189140043946244,0.08333333333333333,0.08888888888888889,0.08518518518518518,0.020705760756145906,0.002020202020202033,0.5043883277216611,3,540,3,"[[0, 8, 7, 0, 0, 0, 0, 0, 15, 5, 0, 10], [0, 8, 7, 0, 0, 0, 0, 0, 15, 5, 0, 10], [0, 8, 7, 0, 0, 0, 0, 0, 15, 4, 0, 11], [0, 8, 7, 0, 0, 0, 0, 0, 15, 4, 0, 11], [0, 8, 7, 0, 0, 0, 0, 0, 15, 4, 1, 10], [0, 8, 7, 0, 0, 0, 0, 0, 15, 5, 0, 10], [0, 8, 7, 0, 0, 0, 0, 0, 15, 5, 0, 10], [1, 8, 6, 0, 0, 0, 0, 0, 15, 4, 0, 11], [1, 8, 6, 0, 0, 0, 0, 0, 15, 4, 0, 11], [0, 8, 7, 0, 0, 0, 0, 0, 15, 5, 0, 10], [0, 8, 7, 0, 0, 0, 0, 0, 15, 4, 0, 11], [0, 8, 7, 0, 0, 0, 0, 0, 15, 4, 0, 11]]",2026-03-21T21:32:26.415044
ssvep_nakanishi,VQ_LogReg,1024,2024,LOSO,0.08518518518518518,0.0026189140043946244,0.08333333333333333,0.08888888888888889,0.08518518518518518,0.020705760756145906,0.002020202020202033,0.5043883277216611,3,540,3,"[[0, 8, 7, 0, 0, 0, 0, 0, 15, 5, 0, 10], [0, 8, 7, 0, 0, 0, 0, 0, 15, 5, 0, 10], [0, 8, 7, 0, 0, 0, 0, 0, 15, 4, 0, 11], [0, 8, 7, 0, 0, 0, 0, 0, 15, 4, 0, 11], [0, 8, 7, 0, 0, 0, 0, 0, 15, 4, 1, 10], [0, 8, 7, 0, 0, 0, 0, 0, 15, 5, 0, 10], [0, 8, 7, 0, 0, 0, 0, 0, 15, 5, 0, 10], [1, 8, 6, 0, 0, 0, 0, 0, 15, 4, 0, 11], [1, 8, 6, 0, 0, 0, 0, 0, 15, 4, 0, 11], [0, 8, 7, 0, 0, 0, 0, 0, 15, 5, 0, 10], [0, 8, 7, 0, 0, 0, 0, 0, 15, 4, 0, 11], [0, 8, 7, 0, 0, 0, 0, 0, 15, 4, 0, 11]]",2026-03-21T21:32:26.418044
ssvep_nakanishi,Chronos_Binning,1024,42,LOSO,0.06666666666666667,0.00907218423253029,0.05555555555555555,0.07777777777777778,0.06666666666666667,0.050849471532845615,-0.01818181818181815,0.5142985409652076,3,540,3,"[[3, 1, 11, 0, 2, 0, 6, 3, 6, 7, 3, 3], [2, 1, 12, 1, 1, 1, 3, 8, 3, 5, 6, 2], [7, 1, 8, 0, 1, 3, 7, 5, 3, 3, 5, 2], [5, 2, 5, 1, 1, 1, 6, 3, 3, 8, 7, 3], [8, 3, 5, 1, 1, 2, 5, 5, 2, 5, 5, 3], [4, 0, 6, 0, 4, 2, 6, 9, 5, 3, 1, 5], [4, 2, 6, 0, 4, 2, 7, 6, 2, 6, 5, 1], [4, 6, 7, 0, 1, 1, 6, 2, 3, 7, 5, 3], [6, 4, 7, 0, 5, 1, 2, 7, 2, 3, 4, 4], [7, 2, 4, 3, 1, 1, 5, 7, 4, 4, 4, 3], [10, 4, 4, 0, 2, 1, 9, 3, 3, 2, 4, 3], [8, 1, 9, 0, 6, 1, 9, 5, 1, 2, 2, 1]]",2026-03-21T21:32:28.989070
ssvep_nakanishi,Chronos_Binning,1024,123,LOSO,0.06666666666666667,0.00907218423253029,0.05555555555555555,0.07777777777777778,0.06666666666666667,0.051060004229380555,-0.01818181818181815,0.5141919191919192,3,540,3,"[[3, 1, 11, 0, 2, 0, 6, 3, 6, 7, 3, 3], [2, 1, 12, 1, 1, 1, 3, 8, 3, 5, 6, 2], [7, 1, 8, 0, 1, 2, 7, 5, 3, 3, 6, 2], [5, 2, 5, 1, 1, 0, 6, 3, 3, 8, 7, 4], [8, 3, 5, 1, 1, 2, 5, 6, 2, 5, 4, 3], [4, 0, 6, 0, 4, 2, 6, 9, 5, 3, 1, 5], [4, 2, 6, 0, 4, 2, 7, 6, 2, 6, 5, 1], [4, 6, 7, 0, 1, 1, 6, 2, 3, 7, 5, 3], [5, 4, 7, 0, 5, 0, 3, 8, 2, 3, 4, 4], [7, 2, 4, 3, 1, 1, 5, 7, 4, 4, 4, 3], [10, 4, 4, 0, 2, 1, 9, 3, 3, 2, 4, 3], [8, 0, 10, 0, 5, 1, 9, 6, 1, 2, 2, 1]]",2026-03-21T21:32:28.992572
ssvep_nakanishi,Chronos_Binning,1024,456,LOSO,0.06666666666666667,0.00907218423253029,0.05555555555555555,0.07777777777777778,0.06666666666666667,0.05082346851038869,-0.01818181818181815,0.514320987654321,3,540,3,"[[3, 1, 11, 0, 2, 0, 6, 3, 6, 7, 3, 3], [2, 1, 12, 1, 1, 1, 3, 8, 3, 5, 6, 2], [7, 1, 8, 0, 1, 3, 8, 4, 3, 3, 5, 2], [5, 2, 5, 1, 1, 1, 6, 3, 3, 8, 7, 3], [8, 3, 5, 1, 1, 2, 5, 5, 2, 5, 5, 3], [4, 0, 6, 0, 4, 2, 6, 9, 5, 3, 1, 5], [3, 2, 7, 0, 4, 2, 7, 6, 2, 6, 5, 1], [4, 6, 7, 0, 1, 1, 6, 2, 3, 7, 5, 3], [5, 4, 7, 0, 5, 1, 2, 8, 2, 3, 4, 4], [7, 2, 4, 3, 1, 1, 5, 7, 4, 4, 4, 3], [10, 4, 4, 0, 2, 1, 9, 3, 3, 2, 4, 3], [8, 0, 10, 0, 5, 1, 9, 6, 1, 2, 2, 1]]",2026-03-21T21:32:28.995572
ssvep_nakanishi,Chronos_Binning,1024,789,LOSO,0.06666666666666667,0.00907218423253029,0.05555555555555555,0.07777777777777778,0.06666666666666667,0.050915448440927775,-0.01818181818181815,0.5143322109988776,3,540,3,"[[3, 1, 11, 0, 2, 0, 6, 3, 6, 7, 3, 3], [2, 1, 12, 1, 1, 1, 3, 8, 3, 5, 6, 2], [7, 1, 8, 0, 1, 3, 7, 5, 3, 3, 5, 2], [5, 2, 5, 1, 1, 1, 6, 3, 3, 8, 7, 3], [8, 3, 5, 1, 1, 2, 5, 5, 2, 5, 5, 3], [5, 0, 5, 0, 4, 2, 6, 9, 5, 3, 1, 5], [4, 2, 6, 0, 4, 2, 7, 6, 2, 6, 5, 1], [4, 6, 7, 0, 1, 1, 6, 2, 3, 7, 5, 3], [6, 4, 7, 0, 5, 1, 2, 7, 2, 3, 4, 4], [7, 2, 4, 3, 1, 1, 5, 7, 4, 4, 4, 3], [10, 4, 4, 0, 2, 1, 9, 3, 3, 2, 4, 3], [8, 0, 9, 0, 6, 1, 9, 6, 1, 2, 2, 1]]",2026-03-21T21:32:28.998572
ssvep_nakanishi,Chronos_Binning,1024,2024,LOSO,0.06666666666666667,0.00907218423253029,0.05555555555555555,0.07777777777777778,0.06666666666666667,0.050849471532845615,-0.01818181818181815,0.514320987654321,3,540,3,"[[3, 1, 11, 0, 2, 0, 6, 3, 6, 7, 3, 3], [2, 1, 12, 1, 1, 1, 3, 8, 3, 5, 6, 2], [7, 1, 8, 0, 1, 3, 7, 5, 3, 3, 5, 2], [5, 2, 5, 1, 1, 1, 6, 3, 3, 8, 7, 3], [8, 3, 5, 1, 1, 2, 5, 5, 2, 5, 5, 3], [4, 0, 6, 0, 4, 2, 6, 9, 5, 3, 1, 5], [4, 2, 6, 0, 4, 2, 7, 6, 2, 6, 5, 1], [4, 6, 7, 0, 1, 1, 6, 2, 3, 7, 5, 3], [6, 4, 7, 0, 5, 1, 2, 7, 2, 3, 4, 4], [7, 2, 4, 3, 1, 1, 5, 7, 4, 4, 4, 3], [10, 4, 4, 0, 2, 1, 9, 3, 3, 2, 4, 3], [8, 1, 9, 0, 6, 1, 9, 5, 1, 2, 2, 1]]",2026-03-21T21:32:29.002070
ssvep_nakanishi,PSD_LogReg,1024,42,LOSO,0.11296296296296297,0.026189140043946204,0.09444444444444444,0.15,0.11296296296296297,0.06898792480938937,0.032323232323232455,0.5460493827160494,3,540,3,"[[2, 1, 4, 1, 3, 0, 0, 17, 1, 4, 4, 8], [2, 4, 4, 3, 1, 0, 3, 15, 1, 3, 8, 1], [3, 3, 4, 0, 1, 0, 1, 16, 0, 0, 12, 5], [0, 1, 4, 2, 0, 1, 0, 19, 1, 7, 7, 3], [0, 3, 0, 1, 4, 1, 4, 19, 1, 4, 5, 3], [0, 2, 5, 0, 1, 2, 0, 15, 1, 5, 11, 3], [4, 1, 1, 2, 2, 0, 2, 18, 2, 3, 10, 0], [1, 1, 0, 1, 1, 1, 2, 24, 4, 5, 4, 1], [1, 2, 2, 2, 3, 0, 0, 18, 1, 6, 6, 4], [1, 1, 1, 1, 2, 0, 2, 19, 1, 11, 5, 1], [2, 1, 2, 2, 2, 0, 0, 19, 3, 10, 2, 2], [3, 1, 2, 1, 1, 1, 0, 18, 1, 7, 7, 3]]",2026-03-21T21:32:30.180128
ssvep_nakanishi,PSD_LogReg,1024,123,LOSO,0.11296296296296297,0.026189140043946204,0.09444444444444444,0.15,0.11296296296296297,0.06890415055894844,0.032323232323232455,0.5460830527497195,3,540,3,"[[2, 1, 4, 1, 3, 0, 0, 17, 1, 4, 4, 8], [2, 4, 4, 3, 1, 0, 3, 15, 1, 3, 8, 1], [3, 3, 4, 0, 1, 0, 1, 16, 0, 0, 12, 5], [0, 1, 4, 2, 1, 1, 0, 19, 1, 6, 7, 3], [0, 3, 0, 1, 4, 1, 4, 19, 1, 4, 5, 3], [0, 2, 5, 0, 1, 2, 0, 15, 1, 5, 11, 3], [4, 1, 1, 2, 2, 0, 2, 18, 2, 3, 10, 0], [1, 1, 0, 1, 1, 1, 2, 24, 4, 5, 4, 1], [1, 2, 2, 2, 3, 0, 0, 18, 1, 6, 6, 4], [1, 1, 1, 1, 2, 0, 2, 19, 1, 11, 5, 1], [2, 1, 2, 2, 2, 0, 0, 19, 3, 10, 2, 2], [3, 1, 2, 1, 1, 1, 0, 18, 1, 7, 7, 3]]",2026-03-21T21:32:30.183128
ssvep_nakanishi,PSD_LogReg,1024,456,LOSO,0.11296296296296297,0.026189140043946204,0.09444444444444444,0.15,0.11296296296296297,0.06898792480938937,0.032323232323232455,0.5460830527497195,3,540,3,"[[2, 1, 4, 1, 3, 0, 0, 17, 1, 4, 4, 8], [2, 4, 4, 3, 1, 0, 3, 15, 1, 3, 8, 1], [3, 3, 4, 0, 1, 0, 1, 16, 0, 0, 12, 5], [0, 1, 4, 2, 0, 1, 0, 19, 1, 7, 7, 3], [0, 3, 0, 1, 4, 1, 4, 19, 1, 4, 5, 3], [0, 2, 5, 0, 1, 2, 0, 15, 1, 5, 11, 3], [4, 1, 1, 2, 2, 0, 2, 18, 2, 3, 10, 0], [1, 1, 0, 1, 1, 1, 2, 24, 4, 5, 4, 1], [1, 2, 2, 2, 3, 0, 0, 18, 1, 6, 6, 4], [1, 1, 1, 1, 2, 0, 2, 19, 1, 11, 5, 1], [2, 1, 2, 2, 2, 0, 0, 19, 3, 10, 2, 2], [3, 1, 2, 1, 1, 1, 0, 18, 1, 7, 7, 3]]",2026-03-21T21:32:30.186128
ssvep_nakanishi,PSD_LogReg,1024,789,LOSO,0.11296296296296297,0.026189140043946204,0.09444444444444444,0.15,0.11296296296296297,0.06890415055894844,0.032323232323232455,0.5461279461279461,3,540,3,"[[2, 1, 4, 1, 3, 0, 0, 17, 1, 4, 4, 8], [2, 4, 4, 3, 1, 0, 3, 15, 1, 3, 8, 1], [3, 3, 4, 0, 1, 0, 1, 16, 0, 0, 12, 5], [0, 1, 4, 2, 1, 1, 0, 19, 1, 6, 7, 3], [0, 3, 0, 1, 4, 1, 4, 19, 1, 4, 5, 3], [0, 2, 5, 0, 1, 2, 0, 15, 1, 5, 11, 3], [4, 1, 1, 2, 2, 0, 2, 18, 2, 3, 10, 0], [1, 1, 0, 1, 1, 1, 2, 24, 4, 5, 4, 1], [1, 2, 2, 2, 3, 0, 0, 18, 1, 6, 6, 4], [1, 1, 1, 1, 2, 0, 2, 19, 1, 11, 5, 1], [2, 1, 2, 2, 2, 0, 0, 19, 3, 10, 2, 2], [3, 1, 2, 1, 1, 1, 0, 18, 1, 7, 7, 3]]",2026-03-21T21:32:30.189128
ssvep_nakanishi,PSD_LogReg,1024,2024,LOSO,0.11296296296296297,0.026189140043946204,0.09444444444444444,0.15,0.11296296296296297,0.06890415055894844,0.032323232323232455,0.5460157126823794,3,540,3,"[[2, 1, 4, 1, 3, 0, 0, 17, 1, 4, 4, 8], [2, 4, 4, 3, 1, 0, 3, 15, 1, 3, 8, 1], [3, 3, 4, 0, 1, 0, 1, 16, 0, 0, 12, 5], [0, 1, 4, 2, 1, 1, 0, 19, 1, 6, 7, 3], [0, 3, 0, 1, 4, 1, 4, 19, 1, 4, 5, 3], [0, 2, 5, 0, 1, 2, 0, 15, 1, 5, 11, 3], [4, 1, 1, 2, 2, 0, 2, 18, 2, 3, 10, 0], [1, 1, 0, 1, 1, 1, 2, 24, 4, 5, 4, 1], [1, 2, 2, 2, 3, 0, 0, 18, 1, 6, 6, 4], [1, 1, 1, 1, 2, 0, 2, 19, 1, 11, 5, 1], [2, 1, 2, 2, 2, 0, 0, 19, 3, 10, 2, 2], [3, 1, 2, 1, 1, 1, 0, 18, 1, 7, 7, 3]]",2026-03-21T21:32:30.192127
ssvep_nakanishi,SSVEP_FFT_LogReg,1024,42,LOSO,0.27037037037037037,0.06158625610487367,0.18333333333333332,0.31666666666666665,0.27037037037037037,0.2639078601041798,0.20404040404040405,0.731705948372615,3,540,3,"[[15, 2, 2, 3, 4, 1, 5, 2, 2, 4, 3, 2], [0, 14, 3, 2, 7, 1, 2, 4, 4, 3, 1, 4], [4, 2, 17, 3, 4, 3, 1, 2, 2, 1, 4, 2], [6, 0, 3, 9, 4, 1, 0, 5, 6, 3, 4, 4], [4, 5, 3, 4, 11, 1, 3, 3, 2, 3, 2, 4], [4, 4, 2, 2, 6, 8, 2, 4, 7, 0, 1, 5], [6, 1, 2, 5, 3, 1, 11, 4, 2, 3, 3, 4], [2, 2, 1, 5, 4, 3, 2, 9, 3, 2, 5, 7], [1, 2, 3, 3, 3, 2, 3, 1, 15, 3, 7, 2], [3, 0, 6, 3, 1, 1, 6, 5, 2, 8, 8, 2], [3, 1, 3, 4, 3, 1, 1, 2, 5, 3, 16, 3], [2, 2, 5, 3, 2, 1, 2, 6, 4, 4, 1, 13]]",2026-03-21T21:32:32.527182
ssvep_nakanishi,SSVEP_FFT_LogReg,1024,123,LOSO,0.2611111111111111,0.06285393610547091,0.1722222222222222,0.3055555555555556,0.2611111111111111,0.2533273522908764,0.19393939393939394,0.7326936026936027,3,540,3,"[[14, 2, 3, 3, 4, 1, 3, 2, 2, 5, 2, 4], [0, 14, 3, 2, 7, 0, 3, 4, 4, 3, 1, 4], [4, 2, 15, 3, 4, 3, 1, 2, 3, 1, 4, 3], [6, 0, 3, 8, 4, 2, 0, 5, 5, 3, 5, 4], [5, 5, 4, 4, 12, 1, 3, 2, 1, 3, 2, 3], [4, 4, 1, 2, 7, 7, 2, 4, 8, 0, 1, 5], [4, 1, 3, 5, 3, 1, 11, 2, 4, 4, 3, 4], [2, 2, 2, 5, 4, 3, 2, 8, 3, 3, 4, 7], [1, 2, 3, 3, 3, 2, 3, 2, 15, 3, 6, 2], [3, 0, 6, 4, 1, 1, 6, 6, 2, 8, 5, 3], [3, 1, 3, 4, 3, 1, 1, 2, 5, 3, 16, 3], [3, 2, 4, 3, 2, 1, 2, 6, 4, 4, 1, 13]]",2026-03-21T21:32:32.530183
ssvep_nakanishi,SSVEP_FFT_LogReg,1024,456,LOSO,0.26481481481481484,0.0660984011021287,0.1722222222222222,0.32222222222222224,0.26481481481481484,0.25936773601243,0.197979797979798,0.7322109988776656,3,540,3,"[[14, 3, 2, 3, 4, 1, 4, 2, 1, 6, 2, 3], [0, 14, 2, 2, 7, 0, 3, 5, 4, 3, 1, 4], [3, 2, 16, 3, 4, 3, 2, 2, 3, 1, 4, 2], [5, 1, 3, 8, 4, 1, 0, 4, 6, 4, 5, 4], [4, 5, 3, 4, 12, 1, 3, 2, 3, 3, 2, 3], [3, 4, 2, 2, 6, 8, 3, 4, 7, 0, 1, 5], [3, 1, 4, 5, 5, 1, 12, 2, 3, 3, 3, 3], [1, 2, 5, 5, 4, 3, 2, 7, 2, 3, 4, 7], [1, 2, 2, 4, 3, 2, 4, 3, 14, 3, 5, 2], [2, 0, 6, 4, 1, 1, 6, 4, 2, 9, 6, 4], [3, 1, 3, 4, 3, 1, 1, 2, 5, 3, 16, 3], [4, 2, 4, 3, 2, 1, 2, 7, 4, 2, 1, 13]]",2026-03-21T21:32:32.533183
ssvep_nakanishi,SSVEP_FFT_LogReg,1024,789,LOSO,0.262962962962963,0.06091438593851305,0.17777777777777778,0.31666666666666665,0.262962962962963,0.25848322039286037,0.19595959595959597,0.7322222222222222,3,540,3,"[[13, 1, 3, 3, 4, 2, 3, 2, 2, 5, 2, 5], [0, 14, 3, 2, 7, 1, 2, 4, 4, 3, 1, 4], [3, 2, 17, 3, 4, 3, 1, 2, 3, 1, 4, 2], [5, 0, 3, 8, 4, 2, 0, 5, 5, 3, 6, 4], [4, 5, 2, 4, 11, 1, 4, 3, 3, 3, 2, 3], [3, 5, 1, 2, 6, 8, 2, 5, 8, 0, 1, 4], [5, 1, 2, 6, 4, 1, 11, 3, 2, 3, 3, 4], [2, 2, 2, 5, 4, 3, 2, 8, 3, 3, 4, 7], [2, 2, 2, 4, 3, 2, 3, 2, 14, 3, 6, 2], [2, 0, 6, 3, 1, 1, 6, 6, 2, 9, 6, 3], [3, 1, 3, 4, 3, 1, 1, 2, 5, 3, 16, 3], [3, 2, 4, 3, 2, 1, 2, 7, 4, 3, 1, 13]]",2026-03-21T21:32:32.536184
ssvep_nakanishi,SSVEP_FFT_LogReg,1024,2024,LOSO,0.25925925925925924,0.07332959212304938,0.15555555555555556,0.3111111111111111,0.25925925925925924,0.2517190822659741,0.19191919191919193,0.733591470258137,3,540,3,"[[13, 3, 2, 3, 5, 1, 3, 1, 3, 5, 4, 2], [0, 14, 3, 3, 5, 0, 2, 5, 5, 3, 1, 4], [3, 3, 15, 3, 5, 3, 1, 2, 4, 1, 3, 2], [6, 0, 3, 7, 5, 3, 0, 3, 5, 3, 6, 4], [4, 5, 2, 4, 12, 1, 3, 2, 3, 3, 2, 4], [3, 6, 1, 2, 7, 8, 2, 4, 6, 0, 1, 5], [4, 1, 3, 4, 4, 1, 10, 4, 4, 4, 3, 3], [2, 2, 2, 5, 5, 2, 3, 8, 3, 3, 3, 7], [1, 2, 1, 4, 4, 2, 3, 2, 15, 3, 6, 2], [3, 1, 6, 3, 1, 0, 5, 4, 2, 9, 7, 4], [4, 1, 3, 4, 3, 1, 0, 2, 4, 4, 16, 3], [2, 3, 4, 2, 2, 1, 2, 7, 4, 4, 1, 13]]",2026-03-21T21:32:32.539183
