dataset,approach,seed,fold,accuracy,macro_f1,kappa,compression_ratio,mean_token_len_ms
bci_iv_2a,raw,42,0,0.2552083333333333,0.25375703767408164,0.00694444444444442,1.240870492122941,4.949963261075171
bci_iv_2a,raw,42,1,0.2552083333333333,0.24935559981474514,0.00694444444444442,1.240870492122941,4.949963261075171
bci_iv_2a,raw,42,2,0.2482638888888889,0.24772900813550197,-0.0023148148148148806,1.240870492122941,4.949963261075171
bci_iv_2a,raw,42,3,0.2517361111111111,0.2495901147999557,0.0023148148148147696,1.240870492122941,4.949963261075171
bci_iv_2a,raw,42,4,0.24131944444444445,0.23674438247663232,-0.011574074074074181,1.240870492122941,4.949963261075171
bci_iv_2a,raw,42,5,0.2638888888888889,0.2637274163464051,0.01851851851851849,1.240870492122941,4.949963261075171
bci_iv_2a,raw,42,6,0.21006944444444445,0.20962561865964008,-0.0532407407407407,1.240870492122941,4.949963261075171
bci_iv_2a,raw,42,7,0.2204861111111111,0.22008081423596657,-0.03935185185185186,1.240870492122941,4.949963261075171
bci_iv_2a,raw,42,8,0.25,0.248961676152705,0.0,1.240870492122941,4.949963261075171
bci_iv_2a,raw,123,0,0.2552083333333333,0.25375703767408164,0.00694444444444442,1.240870492122941,4.949963261075171
bci_iv_2a,raw,123,1,0.2552083333333333,0.24939088011012928,0.00694444444444442,1.240870492122941,4.949963261075171
bci_iv_2a,raw,123,2,0.24479166666666666,0.24416854553386896,-0.00694444444444442,1.240870492122941,4.949963261075171
bci_iv_2a,raw,123,3,0.2517361111111111,0.2495901147999557,0.0023148148148147696,1.240870492122941,4.949963261075171
bci_iv_2a,raw,123,4,0.23958333333333334,0.23485498926770826,-0.01388888888888884,1.240870492122941,4.949963261075171
bci_iv_2a,raw,123,5,0.2638888888888889,0.26374260638860825,0.01851851851851849,1.240870492122941,4.949963261075171
bci_iv_2a,raw,123,6,0.21006944444444445,0.20962561865964008,-0.0532407407407407,1.240870492122941,4.949963261075171
bci_iv_2a,raw,123,7,0.2204861111111111,0.22008081423596657,-0.03935185185185186,1.240870492122941,4.949963261075171
bci_iv_2a,raw,123,8,0.2534722222222222,0.25240024211448553,0.00462962962962965,1.240870492122941,4.949963261075171
bci_iv_2a,raw,456,0,0.2552083333333333,0.25375703767408164,0.00694444444444442,1.240870492122941,4.949963261075171
bci_iv_2a,raw,456,1,0.2552083333333333,0.24935559981474514,0.00694444444444442,1.240870492122941,4.949963261075171
bci_iv_2a,raw,456,2,0.2465277777777778,0.24572968227903325,-0.004629629629629539,1.240870492122941,4.949963261075171
bci_iv_2a,raw,456,3,0.25,0.24797062076037413,0.0,1.240870492122941,4.949963261075171
bci_iv_2a,raw,456,4,0.23958333333333334,0.23491345666875207,-0.01388888888888884,1.240870492122941,4.949963261075171
bci_iv_2a,raw,456,5,0.2638888888888889,0.26367077485464685,0.01851851851851849,1.240870492122941,4.949963261075171
bci_iv_2a,raw,456,6,0.21006944444444445,0.20959898701905952,-0.0532407407407407,1.240870492122941,4.949963261075171
bci_iv_2a,raw,456,7,0.2222222222222222,0.2218468755960981,-0.03703703703703698,1.240870492122941,4.949963261075171
bci_iv_2a,raw,456,8,0.2534722222222222,0.252418666634263,0.00462962962962965,1.240870492122941,4.949963261075171
bci_iv_2a,raw,789,0,0.2552083333333333,0.25375703767408164,0.00694444444444442,1.240870492122941,4.949963261075171
bci_iv_2a,raw,789,1,0.2552083333333333,0.24935559981474514,0.00694444444444442,1.240870492122941,4.949963261075171
bci_iv_2a,raw,789,2,0.2482638888888889,0.24772394030356237,-0.0023148148148148806,1.240870492122941,4.949963261075171
bci_iv_2a,raw,789,3,0.25,0.24797062076037413,0.0,1.240870492122941,4.949963261075171
bci_iv_2a,raw,789,4,0.24305555555555555,0.23823562908349816,-0.0092592592592593,1.240870492122941,4.949963261075171
bci_iv_2a,raw,789,5,0.2638888888888889,0.2637287656192938,0.01851851851851849,1.240870492122941,4.949963261075171
bci_iv_2a,raw,789,6,0.21006944444444445,0.20962561865964008,-0.0532407407407407,1.240870492122941,4.949963261075171
bci_iv_2a,raw,789,7,0.21875,0.21843296435390938,-0.04166666666666674,1.240870492122941,4.949963261075171
bci_iv_2a,raw,789,8,0.2534722222222222,0.2523708962336034,0.00462962962962965,1.240870492122941,4.949963261075171
bci_iv_2a,raw,2024,0,0.2552083333333333,0.25375703767408164,0.00694444444444442,1.240870492122941,4.949963261075171
bci_iv_2a,raw,2024,1,0.2552083333333333,0.24939088011012928,0.00694444444444442,1.240870492122941,4.949963261075171
bci_iv_2a,raw,2024,2,0.2482638888888889,0.2473821249669606,-0.0023148148148148806,1.240870492122941,4.949963261075171
bci_iv_2a,raw,2024,3,0.25,0.24797062076037413,0.0,1.240870492122941,4.949963261075171
bci_iv_2a,raw,2024,4,0.24131944444444445,0.2367815802087581,-0.011574074074074181,1.240870492122941,4.949963261075171
bci_iv_2a,raw,2024,5,0.2638888888888889,0.2637119258040994,0.01851851851851849,1.240870492122941,4.949963261075171
bci_iv_2a,raw,2024,6,0.21006944444444445,0.20959763427445943,-0.0532407407407407,1.240870492122941,4.949963261075171
bci_iv_2a,raw,2024,7,0.2222222222222222,0.22183689511824484,-0.03703703703703698,1.240870492122941,4.949963261075171
bci_iv_2a,raw,2024,8,0.2534722222222222,0.2523708962336034,0.00462962962962965,1.240870492122941,4.949963261075171
bci_iv_2a,downsample_64hz,42,0,0.2760416666666667,0.2751025867458812,0.03472222222222221,1.2352056660694148,19.279677129712816
bci_iv_2a,downsample_64hz,42,1,0.2569444444444444,0.2552878668425921,0.0092592592592593,1.2352056660694148,19.279677129712816
bci_iv_2a,downsample_64hz,42,2,0.2673611111111111,0.2663046949856276,0.02314814814814814,1.2352056660694148,19.279677129712816
bci_iv_2a,downsample_64hz,42,3,0.2864583333333333,0.2866847833008037,0.04861111111111116,1.2352056660694148,19.279677129712816
bci_iv_2a,downsample_64hz,42,4,0.2552083333333333,0.2537129552083746,0.00694444444444442,1.2352056660694148,19.279677129712816
bci_iv_2a,downsample_64hz,42,5,0.2725694444444444,0.2728804834208938,0.03009259259259256,1.2352056660694148,19.279677129712816
bci_iv_2a,downsample_64hz,42,6,0.2621527777777778,0.2608357015718991,0.01620370370370372,1.2352056660694148,19.279677129712816
bci_iv_2a,downsample_64hz,42,7,0.2934027777777778,0.2933471863288144,0.05787037037037035,1.2352056660694148,19.279677129712816
bci_iv_2a,downsample_64hz,42,8,0.265625,0.2658764731855962,0.02083333333333337,1.2352056660694148,19.279677129712816
bci_iv_2a,downsample_64hz,123,0,0.2760416666666667,0.27501656203086006,0.03472222222222221,1.2352056660694148,19.279677129712816
bci_iv_2a,downsample_64hz,123,1,0.2569444444444444,0.2550520902996363,0.0092592592592593,1.2352056660694148,19.279677129712816
bci_iv_2a,downsample_64hz,123,2,0.265625,0.2645559740237499,0.02083333333333337,1.2352056660694148,19.279677129712816
bci_iv_2a,downsample_64hz,123,3,0.2881944444444444,0.2884588847241286,0.05092592592592593,1.2352056660694148,19.279677129712816
bci_iv_2a,downsample_64hz,123,4,0.2534722222222222,0.2521782488798293,0.00462962962962965,1.2352056660694148,19.279677129712816
bci_iv_2a,downsample_64hz,123,5,0.2725694444444444,0.2726044841185959,0.03009259259259256,1.2352056660694148,19.279677129712816
bci_iv_2a,downsample_64hz,123,6,0.2621527777777778,0.26077905457191924,0.01620370370370372,1.2352056660694148,19.279677129712816
bci_iv_2a,downsample_64hz,123,7,0.2951388888888889,0.2950928169535185,0.06018518518518523,1.2352056660694148,19.279677129712816
bci_iv_2a,downsample_64hz,123,8,0.2638888888888889,0.2643208211637786,0.01851851851851849,1.2352056660694148,19.279677129712816
bci_iv_2a,downsample_64hz,456,0,0.2760416666666667,0.2751025867458812,0.03472222222222221,1.2352056660694148,19.279677129712816
bci_iv_2a,downsample_64hz,456,1,0.2552083333333333,0.25302627217302986,0.00694444444444442,1.2352056660694148,19.279677129712816
bci_iv_2a,downsample_64hz,456,2,0.265625,0.2645559740237499,0.02083333333333337,1.2352056660694148,19.279677129712816
bci_iv_2a,downsample_64hz,456,3,0.2881944444444444,0.2884914331486912,0.05092592592592593,1.2352056660694148,19.279677129712816
bci_iv_2a,downsample_64hz,456,4,0.2534722222222222,0.2519306451539766,0.00462962962962965,1.2352056660694148,19.279677129712816
bci_iv_2a,downsample_64hz,456,5,0.2708333333333333,0.27067609237760565,0.02777777777777779,1.2352056660694148,19.279677129712816
bci_iv_2a,downsample_64hz,456,6,0.2638888888888889,0.2623636385445014,0.01851851851851849,1.2352056660694148,19.279677129712816
bci_iv_2a,downsample_64hz,456,7,0.2951388888888889,0.295100557001324,0.06018518518518523,1.2352056660694148,19.279677129712816
bci_iv_2a,downsample_64hz,456,8,0.265625,0.26585354648307286,0.02083333333333337,1.2352056660694148,19.279677129712816
bci_iv_2a,downsample_64hz,789,0,0.2743055555555556,0.27331152272775255,0.03240740740740744,1.2352056660694148,19.279677129712816
bci_iv_2a,downsample_64hz,789,1,0.2552083333333333,0.25374940530413054,0.00694444444444442,1.2352056660694148,19.279677129712816
bci_iv_2a,downsample_64hz,789,2,0.2673611111111111,0.26642915408643064,0.02314814814814814,1.2352056660694148,19.279677129712816
bci_iv_2a,downsample_64hz,789,3,0.2899305555555556,0.29025102000045766,0.0532407407407407,1.2352056660694148,19.279677129712816
bci_iv_2a,downsample_64hz,789,4,0.2552083333333333,0.2536828004158949,0.00694444444444442,1.2352056660694148,19.279677129712816
bci_iv_2a,downsample_64hz,789,5,0.2743055555555556,0.27463967574849507,0.03240740740740744,1.2352056660694148,19.279677129712816
bci_iv_2a,downsample_64hz,789,6,0.2638888888888889,0.2622428514125265,0.01851851851851849,1.2352056660694148,19.279677129712816
bci_iv_2a,downsample_64hz,789,7,0.2951388888888889,0.2950785375781272,0.06018518518518523,1.2352056660694148,19.279677129712816
bci_iv_2a,downsample_64hz,789,8,0.2673611111111111,0.2673345464344684,0.02314814814814814,1.2352056660694148,19.279677129712816
bci_iv_2a,downsample_64hz,2024,0,0.2760416666666667,0.27508913291041837,0.03472222222222221,1.2352056660694148,19.279677129712816
bci_iv_2a,downsample_64hz,2024,1,0.2586805555555556,0.2569008882608183,0.01157407407407407,1.2352056660694148,19.279677129712816
bci_iv_2a,downsample_64hz,2024,2,0.2673611111111111,0.2663645437192475,0.02314814814814814,1.2352056660694148,19.279677129712816
bci_iv_2a,downsample_64hz,2024,3,0.2864583333333333,0.2866847833008037,0.04861111111111116,1.2352056660694148,19.279677129712816
bci_iv_2a,downsample_64hz,2024,4,0.2534722222222222,0.252138668852559,0.00462962962962965,1.2352056660694148,19.279677129712816
bci_iv_2a,downsample_64hz,2024,5,0.2725694444444444,0.27287516187828537,0.03009259259259256,1.2352056660694148,19.279677129712816
bci_iv_2a,downsample_64hz,2024,6,0.2638888888888889,0.26235072863658315,0.01851851851851849,1.2352056660694148,19.279677129712816
bci_iv_2a,downsample_64hz,2024,7,0.2934027777777778,0.293484555984556,0.05787037037037035,1.2352056660694148,19.279677129712816
bci_iv_2a,downsample_64hz,2024,8,0.265625,0.26578634053410655,0.02083333333333337,1.2352056660694148,19.279677129712816
bci_iv_2a,envelope_8_30hz,42,0,0.2743055555555556,0.2733004749242943,0.03240740740740744,1.2420432073513024,19.398034577532503
bci_iv_2a,envelope_8_30hz,42,1,0.2569444444444444,0.2563896199907148,0.0092592592592593,1.2420432073513024,19.398034577532503
bci_iv_2a,envelope_8_30hz,42,2,0.2638888888888889,0.26387467612891713,0.01851851851851849,1.2420432073513024,19.398034577532503
bci_iv_2a,envelope_8_30hz,42,3,0.2204861111111111,0.2201792569970033,-0.03935185185185186,1.2420432073513024,19.398034577532503
bci_iv_2a,envelope_8_30hz,42,4,0.2795138888888889,0.27597192380260427,0.03935185185185186,1.2420432073513024,19.398034577532503
bci_iv_2a,envelope_8_30hz,42,5,0.2569444444444444,0.25677957466896545,0.0092592592592593,1.2420432073513024,19.398034577532503
bci_iv_2a,envelope_8_30hz,42,6,0.2465277777777778,0.24628493653919348,-0.004629629629629539,1.2420432073513024,19.398034577532503
bci_iv_2a,envelope_8_30hz,42,7,0.2638888888888889,0.2618428507122674,0.01851851851851849,1.2420432073513024,19.398034577532503
bci_iv_2a,envelope_8_30hz,42,8,0.2482638888888889,0.24648696139228937,-0.0023148148148148806,1.2420432073513024,19.398034577532503
bci_iv_2a,envelope_8_30hz,123,0,0.2760416666666667,0.2751789830978106,0.03472222222222221,1.2420432073513024,19.398034577532503
bci_iv_2a,envelope_8_30hz,123,1,0.2621527777777778,0.26157163829388985,0.01620370370370372,1.2420432073513024,19.398034577532503
bci_iv_2a,envelope_8_30hz,123,2,0.2638888888888889,0.2638580470790368,0.01851851851851849,1.2420432073513024,19.398034577532503
bci_iv_2a,envelope_8_30hz,123,3,0.2222222222222222,0.22188401476917163,-0.03703703703703698,1.2420432073513024,19.398034577532503
bci_iv_2a,envelope_8_30hz,123,4,0.2777777777777778,0.27446396759279257,0.03703703703703709,1.2420432073513024,19.398034577532503
bci_iv_2a,envelope_8_30hz,123,5,0.2569444444444444,0.25671107902336576,0.0092592592592593,1.2420432073513024,19.398034577532503
bci_iv_2a,envelope_8_30hz,123,6,0.2465277777777778,0.24628493653919348,-0.004629629629629539,1.2420432073513024,19.398034577532503
bci_iv_2a,envelope_8_30hz,123,7,0.2621527777777778,0.25995768199765246,0.01620370370370372,1.2420432073513024,19.398034577532503
bci_iv_2a,envelope_8_30hz,123,8,0.25,0.24842283066306647,0.0,1.2420432073513024,19.398034577532503
bci_iv_2a,envelope_8_30hz,456,0,0.2760416666666667,0.2751798293276302,0.03472222222222221,1.2420432073513024,19.398034577532503
bci_iv_2a,envelope_8_30hz,456,1,0.2621527777777778,0.26157163829388985,0.01620370370370372,1.2420432073513024,19.398034577532503
bci_iv_2a,envelope_8_30hz,456,2,0.2638888888888889,0.26387467612891713,0.01851851851851849,1.2420432073513024,19.398034577532503
bci_iv_2a,envelope_8_30hz,456,3,0.2222222222222222,0.22188401476917163,-0.03703703703703698,1.2420432073513024,19.398034577532503
bci_iv_2a,envelope_8_30hz,456,4,0.2795138888888889,0.2763337522752882,0.03935185185185186,1.2420432073513024,19.398034577532503
bci_iv_2a,envelope_8_30hz,456,5,0.2569444444444444,0.25668133339198806,0.0092592592592593,1.2420432073513024,19.398034577532503
bci_iv_2a,envelope_8_30hz,456,6,0.2465277777777778,0.24628493653919348,-0.004629629629629539,1.2420432073513024,19.398034577532503
bci_iv_2a,envelope_8_30hz,456,7,0.2604166666666667,0.25831016039693505,0.01388888888888884,1.2420432073513024,19.398034577532503
bci_iv_2a,envelope_8_30hz,456,8,0.25,0.24842283066306647,0.0,1.2420432073513024,19.398034577532503
bci_iv_2a,envelope_8_30hz,789,0,0.2760416666666667,0.2751407435383013,0.03472222222222221,1.2420432073513024,19.398034577532503
bci_iv_2a,envelope_8_30hz,789,1,0.2621527777777778,0.26157163829388985,0.01620370370370372,1.2420432073513024,19.398034577532503
bci_iv_2a,envelope_8_30hz,789,2,0.2638888888888889,0.26387467612891713,0.01851851851851849,1.2420432073513024,19.398034577532503
bci_iv_2a,envelope_8_30hz,789,3,0.2204861111111111,0.22018130456023943,-0.03935185185185186,1.2420432073513024,19.398034577532503
bci_iv_2a,envelope_8_30hz,789,4,0.2795138888888889,0.27597192380260427,0.03935185185185186,1.2420432073513024,19.398034577532503
bci_iv_2a,envelope_8_30hz,789,5,0.2569444444444444,0.25671107902336576,0.0092592592592593,1.2420432073513024,19.398034577532503
bci_iv_2a,envelope_8_30hz,789,6,0.24479166666666666,0.24442564695123087,-0.00694444444444442,1.2420432073513024,19.398034577532503
bci_iv_2a,envelope_8_30hz,789,7,0.2621527777777778,0.25995768199765246,0.01620370370370372,1.2420432073513024,19.398034577532503
bci_iv_2a,envelope_8_30hz,789,8,0.25,0.24842283066306647,0.0,1.2420432073513024,19.398034577532503
bci_iv_2a,envelope_8_30hz,2024,0,0.2760416666666667,0.2751798293276302,0.03472222222222221,1.2420432073513024,19.398034577532503
bci_iv_2a,envelope_8_30hz,2024,1,0.2586805555555556,0.2582120432842653,0.01157407407407407,1.2420432073513024,19.398034577532503
bci_iv_2a,envelope_8_30hz,2024,2,0.2638888888888889,0.2638835263437155,0.01851851851851849,1.2420432073513024,19.398034577532503
bci_iv_2a,envelope_8_30hz,2024,3,0.2204861111111111,0.22019331695748023,-0.03935185185185186,1.2420432073513024,19.398034577532503
bci_iv_2a,envelope_8_30hz,2024,4,0.2777777777777778,0.27446396759279257,0.03703703703703709,1.2420432073513024,19.398034577532503
bci_iv_2a,envelope_8_30hz,2024,5,0.2569444444444444,0.25671107902336576,0.0092592592592593,1.2420432073513024,19.398034577532503
bci_iv_2a,envelope_8_30hz,2024,6,0.25,0.24985914457335834,0.0,1.2420432073513024,19.398034577532503
bci_iv_2a,envelope_8_30hz,2024,7,0.2621527777777778,0.2601937392939035,0.01620370370370372,1.2420432073513024,19.398034577532503
bci_iv_2a,envelope_8_30hz,2024,8,0.25,0.24839071450951172,0.0,1.2420432073513024,19.398034577532503
bci_iv_2a,spectral_500ms,42,0,0.2361111111111111,0.2356218580085334,-0.0185185185185186,1.5590879035096645,774.4164159233889
bci_iv_2a,spectral_500ms,42,1,0.2673611111111111,0.2657198495766419,0.02314814814814814,1.5590879035096645,774.4164159233889
bci_iv_2a,spectral_500ms,42,2,0.2690972222222222,0.2690374212657744,0.02546296296296291,1.5590879035096645,774.4164159233889
bci_iv_2a,spectral_500ms,42,3,0.2569444444444444,0.25382448567525984,0.0092592592592593,1.5590879035096645,774.4164159233889
bci_iv_2a,spectral_500ms,42,4,0.23958333333333334,0.23730814593412136,-0.01388888888888884,1.5590879035096645,774.4164159233889
bci_iv_2a,spectral_500ms,42,5,0.2517361111111111,0.25114107401265373,0.0023148148148147696,1.5590879035096645,774.4164159233889
bci_iv_2a,spectral_500ms,42,6,0.2552083333333333,0.25328125444662625,0.00694444444444442,1.5590879035096645,774.4164159233889
bci_iv_2a,spectral_500ms,42,7,0.2777777777777778,0.27750869969460634,0.03703703703703709,1.5590879035096645,774.4164159233889
bci_iv_2a,spectral_500ms,42,8,0.2847222222222222,0.27958015894740307,0.04629629629629628,1.5590879035096645,774.4164159233889
bci_iv_2a,spectral_500ms,123,0,0.23958333333333334,0.23917600954583051,-0.01388888888888884,1.5590879035096645,774.4164159233889
bci_iv_2a,spectral_500ms,123,1,0.2690972222222222,0.2676560826389267,0.02546296296296291,1.5590879035096645,774.4164159233889
bci_iv_2a,spectral_500ms,123,2,0.2708333333333333,0.27071536236980387,0.02777777777777779,1.5590879035096645,774.4164159233889
bci_iv_2a,spectral_500ms,123,3,0.2569444444444444,0.25418820652351454,0.0092592592592593,1.5590879035096645,774.4164159233889
bci_iv_2a,spectral_500ms,123,4,0.2361111111111111,0.23382971233702268,-0.0185185185185186,1.5590879035096645,774.4164159233889
bci_iv_2a,spectral_500ms,123,5,0.2534722222222222,0.2528694186882956,0.00462962962962965,1.5590879035096645,774.4164159233889
bci_iv_2a,spectral_500ms,123,6,0.2534722222222222,0.25132362548116227,0.00462962962962965,1.5590879035096645,774.4164159233889
bci_iv_2a,spectral_500ms,123,7,0.2777777777777778,0.27751166466583105,0.03703703703703709,1.5590879035096645,774.4164159233889
bci_iv_2a,spectral_500ms,123,8,0.2864583333333333,0.2815562743068779,0.04861111111111116,1.5590879035096645,774.4164159233889
bci_iv_2a,spectral_500ms,456,0,0.23958333333333334,0.2391508724974601,-0.01388888888888884,1.5590879035096645,774.4164159233889
bci_iv_2a,spectral_500ms,456,1,0.2673611111111111,0.2657867770778539,0.02314814814814814,1.5590879035096645,774.4164159233889
bci_iv_2a,spectral_500ms,456,2,0.2708333333333333,0.2708093877448716,0.02777777777777779,1.5590879035096645,774.4164159233889
bci_iv_2a,spectral_500ms,456,3,0.2552083333333333,0.2519292777452221,0.00694444444444442,1.5590879035096645,774.4164159233889
bci_iv_2a,spectral_500ms,456,4,0.2378472222222222,0.2358059969220029,-0.01620370370370372,1.5590879035096645,774.4164159233889
bci_iv_2a,spectral_500ms,456,5,0.2517361111111111,0.25114010428870615,0.0023148148148147696,1.5590879035096645,774.4164159233889
bci_iv_2a,spectral_500ms,456,6,0.2552083333333333,0.25329431871180286,0.00694444444444442,1.5590879035096645,774.4164159233889
bci_iv_2a,spectral_500ms,456,7,0.2760416666666667,0.27573861502044095,0.03472222222222221,1.5590879035096645,774.4164159233889
bci_iv_2a,spectral_500ms,456,8,0.2829861111111111,0.27763824528884773,0.04398148148148151,1.5590879035096645,774.4164159233889
bci_iv_2a,spectral_500ms,789,0,0.23958333333333334,0.23917202932495157,-0.01388888888888884,1.5590879035096645,774.4164159233889
bci_iv_2a,spectral_500ms,789,1,0.2690972222222222,0.26765097110526215,0.02546296296296291,1.5590879035096645,774.4164159233889
bci_iv_2a,spectral_500ms,789,2,0.2690972222222222,0.2690374212657744,0.02546296296296291,1.5590879035096645,774.4164159233889
bci_iv_2a,spectral_500ms,789,3,0.2552083333333333,0.2523073175676091,0.00694444444444442,1.5590879035096645,774.4164159233889
bci_iv_2a,spectral_500ms,789,4,0.23958333333333334,0.23730508662355115,-0.01388888888888884,1.5590879035096645,774.4164159233889
bci_iv_2a,spectral_500ms,789,5,0.25,0.24928346610241403,0.0,1.5590879035096645,774.4164159233889
bci_iv_2a,spectral_500ms,789,6,0.2552083333333333,0.25329431871180286,0.00694444444444442,1.5590879035096645,774.4164159233889
bci_iv_2a,spectral_500ms,789,7,0.2760416666666667,0.2759129256766663,0.03472222222222221,1.5590879035096645,774.4164159233889
bci_iv_2a,spectral_500ms,789,8,0.2847222222222222,0.2791195591195591,0.04629629629629628,1.5590879035096645,774.4164159233889
bci_iv_2a,spectral_500ms,2024,0,0.23958333333333334,0.2391620326764562,-0.01388888888888884,1.5590879035096645,774.4164159233889
bci_iv_2a,spectral_500ms,2024,1,0.2673611111111111,0.2657705305884912,0.02314814814814814,1.5590879035096645,774.4164159233889
bci_iv_2a,spectral_500ms,2024,2,0.2690972222222222,0.2690374212657744,0.02546296296296291,1.5590879035096645,774.4164159233889
bci_iv_2a,spectral_500ms,2024,3,0.2569444444444444,0.25382448567525984,0.0092592592592593,1.5590879035096645,774.4164159233889
bci_iv_2a,spectral_500ms,2024,4,0.2361111111111111,0.233363229376779,-0.0185185185185186,1.5590879035096645,774.4164159233889
bci_iv_2a,spectral_500ms,2024,5,0.2482638888888889,0.24768513135367887,-0.0023148148148148806,1.5590879035096645,774.4164159233889
bci_iv_2a,spectral_500ms,2024,6,0.2569444444444444,0.25489965771163503,0.0092592592592593,1.5590879035096645,774.4164159233889
bci_iv_2a,spectral_500ms,2024,7,0.2777777777777778,0.27750570277420694,0.03703703703703709,1.5590879035096645,774.4164159233889
bci_iv_2a,spectral_500ms,2024,8,0.2847222222222222,0.27961436064832257,0.04629629629629628,1.5590879035096645,774.4164159233889
bci_iv_2a,delta_quant,42,0,0.2743055555555556,0.2742609818215471,0.03240740740740744,1.2473621747989947,4.996943110118141
bci_iv_2a,delta_quant,42,1,0.2361111111111111,0.23574294254734685,-0.0185185185185186,1.2473621747989947,4.996943110118141
bci_iv_2a,delta_quant,42,2,0.2777777777777778,0.276508876161349,0.03703703703703709,1.2473621747989947,4.996943110118141
bci_iv_2a,delta_quant,42,3,0.2673611111111111,0.265233796024604,0.02314814814814814,1.2473621747989947,4.996943110118141
bci_iv_2a,delta_quant,42,4,0.2170138888888889,0.21436397467241558,-0.0439814814814814,1.2473621747989947,4.996943110118141
bci_iv_2a,delta_quant,42,5,0.2517361111111111,0.24990855950641294,0.0023148148148147696,1.2473621747989947,4.996943110118141
bci_iv_2a,delta_quant,42,6,0.2309027777777778,0.2308864651163693,-0.02546296296296302,1.2473621747989947,4.996943110118141
bci_iv_2a,delta_quant,42,7,0.2534722222222222,0.25318134807180415,0.00462962962962965,1.2473621747989947,4.996943110118141
bci_iv_2a,delta_quant,42,8,0.2621527777777778,0.25287330423728577,0.01620370370370372,1.2473621747989947,4.996943110118141
bci_iv_2a,delta_quant,123,0,0.2760416666666667,0.27603116540935185,0.03472222222222221,1.2473621747989947,4.996943110118141
bci_iv_2a,delta_quant,123,1,0.2361111111111111,0.23574294254734685,-0.0185185185185186,1.2473621747989947,4.996943110118141
bci_iv_2a,delta_quant,123,2,0.2777777777777778,0.2764308681438325,0.03703703703703709,1.2473621747989947,4.996943110118141
bci_iv_2a,delta_quant,123,3,0.2673611111111111,0.2651257160087167,0.02314814814814814,1.2473621747989947,4.996943110118141
bci_iv_2a,delta_quant,123,4,0.2170138888888889,0.21436397467241558,-0.0439814814814814,1.2473621747989947,4.996943110118141
bci_iv_2a,delta_quant,123,5,0.2517361111111111,0.24990855950641294,0.0023148148148147696,1.2473621747989947,4.996943110118141
bci_iv_2a,delta_quant,123,6,0.2309027777777778,0.2308864651163693,-0.02546296296296302,1.2473621747989947,4.996943110118141
bci_iv_2a,delta_quant,123,7,0.2534722222222222,0.25323026668105475,0.00462962962962965,1.2473621747989947,4.996943110118141
bci_iv_2a,delta_quant,123,8,0.2621527777777778,0.25285553905077573,0.01620370370370372,1.2473621747989947,4.996943110118141
bci_iv_2a,delta_quant,456,0,0.2760416666666667,0.2760131158251567,0.03472222222222221,1.2473621747989947,4.996943110118141
bci_iv_2a,delta_quant,456,1,0.2361111111111111,0.23574294254734685,-0.0185185185185186,1.2473621747989947,4.996943110118141
bci_iv_2a,delta_quant,456,2,0.2760416666666667,0.2746974690128504,0.03472222222222221,1.2473621747989947,4.996943110118141
bci_iv_2a,delta_quant,456,3,0.2673611111111111,0.2652314942236482,0.02314814814814814,1.2473621747989947,4.996943110118141
bci_iv_2a,delta_quant,456,4,0.21875,0.21588315042167766,-0.04166666666666674,1.2473621747989947,4.996943110118141
bci_iv_2a,delta_quant,456,5,0.2517361111111111,0.24990855950641294,0.0023148148148147696,1.2473621747989947,4.996943110118141
bci_iv_2a,delta_quant,456,6,0.2309027777777778,0.2308864651163693,-0.02546296296296302,1.2473621747989947,4.996943110118141
bci_iv_2a,delta_quant,456,7,0.2534722222222222,0.25318134807180415,0.00462962962962965,1.2473621747989947,4.996943110118141
bci_iv_2a,delta_quant,456,8,0.2621527777777778,0.25287330423728577,0.01620370370370372,1.2473621747989947,4.996943110118141
bci_iv_2a,delta_quant,789,0,0.2743055555555556,0.2742474583377005,0.03240740740740744,1.2473621747989947,4.996943110118141
bci_iv_2a,delta_quant,789,1,0.2378472222222222,0.23741933002881907,-0.01620370370370372,1.2473621747989947,4.996943110118141
bci_iv_2a,delta_quant,789,2,0.2795138888888889,0.2783643229841486,0.03935185185185186,1.2473621747989947,4.996943110118141
bci_iv_2a,delta_quant,789,3,0.2673611111111111,0.2651960851413631,0.02314814814814814,1.2473621747989947,4.996943110118141
bci_iv_2a,delta_quant,789,4,0.2170138888888889,0.21417327228471889,-0.0439814814814814,1.2473621747989947,4.996943110118141
bci_iv_2a,delta_quant,789,5,0.2517361111111111,0.24990855950641294,0.0023148148148147696,1.2473621747989947,4.996943110118141
bci_iv_2a,delta_quant,789,6,0.2326388888888889,0.23255928251285068,-0.02314814814814814,1.2473621747989947,4.996943110118141
bci_iv_2a,delta_quant,789,7,0.2534722222222222,0.25323026668105475,0.00462962962962965,1.2473621747989947,4.996943110118141
bci_iv_2a,delta_quant,789,8,0.2621527777777778,0.25287330423728577,0.01620370370370372,1.2473621747989947,4.996943110118141
bci_iv_2a,delta_quant,2024,0,0.2760416666666667,0.2760131158251567,0.03472222222222221,1.2473621747989947,4.996943110118141
bci_iv_2a,delta_quant,2024,1,0.234375,0.23405784122869175,-0.02083333333333326,1.2473621747989947,4.996943110118141
bci_iv_2a,delta_quant,2024,2,0.2795138888888889,0.2783643229841486,0.03935185185185186,1.2473621747989947,4.996943110118141
bci_iv_2a,delta_quant,2024,3,0.2673611111111111,0.2652314942236482,0.02314814814814814,1.2473621747989947,4.996943110118141
bci_iv_2a,delta_quant,2024,4,0.21875,0.21588315042167766,-0.04166666666666674,1.2473621747989947,4.996943110118141
bci_iv_2a,delta_quant,2024,5,0.2517361111111111,0.24990855950641294,0.0023148148148147696,1.2473621747989947,4.996943110118141
bci_iv_2a,delta_quant,2024,6,0.2309027777777778,0.2308864651163693,-0.02546296296296302,1.2473621747989947,4.996943110118141
bci_iv_2a,delta_quant,2024,7,0.2534722222222222,0.25318134807180415,0.00462962962962965,1.2473621747989947,4.996943110118141
bci_iv_2a,delta_quant,2024,8,0.2621527777777778,0.25287330423728577,0.01620370370370372,1.2473621747989947,4.996943110118141
bci_iv_2a,multiband_alpha_beta,42,0,0.2673611111111111,0.2667093061779999,0.02314814814814814,1.5186276955408031,6.2524826393890685
bci_iv_2a,multiband_alpha_beta,42,1,0.2673611111111111,0.2677206713011454,0.02314814814814814,1.5186276955408031,6.2524826393890685
bci_iv_2a,multiband_alpha_beta,42,2,0.265625,0.26454394720166624,0.02083333333333337,1.5186276955408031,6.2524826393890685
bci_iv_2a,multiband_alpha_beta,42,3,0.22916666666666666,0.22878575325383838,-0.02777777777777768,1.5186276955408031,6.2524826393890685
bci_iv_2a,multiband_alpha_beta,42,4,0.2795138888888889,0.27967046002527357,0.03935185185185186,1.5186276955408031,6.2524826393890685
bci_iv_2a,multiband_alpha_beta,42,5,0.24131944444444445,0.24098083502388257,-0.011574074074074181,1.5186276955408031,6.2524826393890685
bci_iv_2a,multiband_alpha_beta,42,6,0.24131944444444445,0.24230597581113042,-0.011574074074074181,1.5186276955408031,6.2524826393890685
bci_iv_2a,multiband_alpha_beta,42,7,0.2881944444444444,0.28854896426930615,0.05092592592592593,1.5186276955408031,6.2524826393890685
bci_iv_2a,multiband_alpha_beta,42,8,0.2951388888888889,0.2949342182232306,0.06018518518518523,1.5186276955408031,6.2524826393890685
bci_iv_2a,multiband_alpha_beta,123,0,0.2690972222222222,0.2685212051957405,0.02546296296296291,1.5186276955408031,6.2524826393890685
bci_iv_2a,multiband_alpha_beta,123,1,0.2673611111111111,0.2677481737264346,0.02314814814814814,1.5186276955408031,6.2524826393890685
bci_iv_2a,multiband_alpha_beta,123,2,0.2638888888888889,0.2629491807176943,0.01851851851851849,1.5186276955408031,6.2524826393890685
bci_iv_2a,multiband_alpha_beta,123,3,0.22916666666666666,0.22878575325383838,-0.02777777777777768,1.5186276955408031,6.2524826393890685
bci_iv_2a,multiband_alpha_beta,123,4,0.2795138888888889,0.2795265297486814,0.03935185185185186,1.5186276955408031,6.2524826393890685
bci_iv_2a,multiband_alpha_beta,123,5,0.23958333333333334,0.23927920640031577,-0.01388888888888884,1.5186276955408031,6.2524826393890685
bci_iv_2a,multiband_alpha_beta,123,6,0.24305555555555555,0.24421117871395145,-0.0092592592592593,1.5186276955408031,6.2524826393890685
bci_iv_2a,multiband_alpha_beta,123,7,0.2881944444444444,0.288520913274547,0.05092592592592593,1.5186276955408031,6.2524826393890685
bci_iv_2a,multiband_alpha_beta,123,8,0.296875,0.29659652213672416,0.0625,1.5186276955408031,6.2524826393890685
bci_iv_2a,multiband_alpha_beta,456,0,0.2673611111111111,0.2667093061779999,0.02314814814814814,1.5186276955408031,6.2524826393890685
bci_iv_2a,multiband_alpha_beta,456,1,0.2673611111111111,0.26777654869872103,0.02314814814814814,1.5186276955408031,6.2524826393890685
bci_iv_2a,multiband_alpha_beta,456,2,0.265625,0.26448528520230047,0.02083333333333337,1.5186276955408031,6.2524826393890685
bci_iv_2a,multiband_alpha_beta,456,3,0.22743055555555555,0.22719845166653677,-0.03009259259259256,1.5186276955408031,6.2524826393890685
bci_iv_2a,multiband_alpha_beta,456,4,0.2760416666666667,0.27606630923653014,0.03472222222222221,1.5186276955408031,6.2524826393890685
bci_iv_2a,multiband_alpha_beta,456,5,0.2378472222222222,0.2375260412450271,-0.01620370370370372,1.5186276955408031,6.2524826393890685
bci_iv_2a,multiband_alpha_beta,456,6,0.24131944444444445,0.2423548064738039,-0.011574074074074181,1.5186276955408031,6.2524826393890685
bci_iv_2a,multiband_alpha_beta,456,7,0.2899305555555556,0.29030335921227185,0.0532407407407407,1.5186276955408031,6.2524826393890685
bci_iv_2a,multiband_alpha_beta,456,8,0.296875,0.2966142910019107,0.0625,1.5186276955408031,6.2524826393890685
bci_iv_2a,multiband_alpha_beta,789,0,0.2690972222222222,0.26850371581640564,0.02546296296296291,1.5186276955408031,6.2524826393890685
bci_iv_2a,multiband_alpha_beta,789,1,0.2690972222222222,0.2695199037454956,0.02546296296296291,1.5186276955408031,6.2524826393890685
bci_iv_2a,multiband_alpha_beta,789,2,0.2638888888888889,0.2629491807176943,0.01851851851851849,1.5186276955408031,6.2524826393890685
bci_iv_2a,multiband_alpha_beta,789,3,0.22916666666666666,0.22878575325383838,-0.02777777777777768,1.5186276955408031,6.2524826393890685
bci_iv_2a,multiband_alpha_beta,789,4,0.2795138888888889,0.2796404825243074,0.03935185185185186,1.5186276955408031,6.2524826393890685
bci_iv_2a,multiband_alpha_beta,789,5,0.24131944444444445,0.2410114512946955,-0.011574074074074181,1.5186276955408031,6.2524826393890685
bci_iv_2a,multiband_alpha_beta,789,6,0.24131944444444445,0.24230597581113042,-0.011574074074074181,1.5186276955408031,6.2524826393890685
bci_iv_2a,multiband_alpha_beta,789,7,0.2899305555555556,0.29030335921227185,0.0532407407407407,1.5186276955408031,6.2524826393890685
bci_iv_2a,multiband_alpha_beta,789,8,0.296875,0.2965862886533604,0.0625,1.5186276955408031,6.2524826393890685
bci_iv_2a,multiband_alpha_beta,2024,0,0.2690972222222222,0.2684417471690772,0.02546296296296291,1.5186276955408031,6.2524826393890685
bci_iv_2a,multiband_alpha_beta,2024,1,0.2690972222222222,0.26951912605459927,0.02546296296296291,1.5186276955408031,6.2524826393890685
bci_iv_2a,multiband_alpha_beta,2024,2,0.265625,0.26448528520230047,0.02083333333333337,1.5186276955408031,6.2524826393890685
bci_iv_2a,multiband_alpha_beta,2024,3,0.22743055555555555,0.22716327883857954,-0.03009259259259256,1.5186276955408031,6.2524826393890685
bci_iv_2a,multiband_alpha_beta,2024,4,0.2777777777777778,0.27778896257593766,0.03703703703703709,1.5186276955408031,6.2524826393890685
bci_iv_2a,multiband_alpha_beta,2024,5,0.23958333333333334,0.2392984183163728,-0.01388888888888884,1.5186276955408031,6.2524826393890685
bci_iv_2a,multiband_alpha_beta,2024,6,0.24131944444444445,0.2423548064738039,-0.011574074074074181,1.5186276955408031,6.2524826393890685
bci_iv_2a,multiband_alpha_beta,2024,7,0.2864583333333333,0.28679053829852375,0.04861111111111116,1.5186276955408031,6.2524826393890685
bci_iv_2a,multiband_alpha_beta,2024,8,0.296875,0.2965862886533604,0.0625,1.5186276955408031,6.2524826393890685
physionet_mi,raw,42,0,0.24268227780734433,0.2428765386793535,-0.009811400848541263,1.2070793346277022,7.727995595449151
physionet_mi,raw,42,1,0.2655667908461948,0.2649486810603203,0.02054201797006361,1.2070793346277022,7.727995595449151
physionet_mi,raw,42,2,0.29758149316508936,0.2956982245011577,0.06361938256642075,1.2070793346277022,7.727995595449151
physionet_mi,raw,42,3,0.2698412698412698,0.26929082595880705,0.026614891127685447,1.2070793346277022,7.727995595449151
physionet_mi,raw,42,4,0.26770601336302896,0.2677626771876459,0.023594133808117146,1.2070793346277022,7.727995595449151
physionet_mi,raw,123,0,0.2840487546369899,0.28423200387186853,0.04550029166613623,1.2070793346277022,7.727995595449151
physionet_mi,raw,123,1,0.2707774798927614,0.2704112947394278,0.027727625737235084,1.2070793346277022,7.727995595449151
physionet_mi,raw,123,2,0.27321237993596587,0.27278289304268966,0.030877723485986164,1.2070793346277022,7.727995595449151
physionet_mi,raw,123,3,0.2564102564102564,0.25584721742956684,0.00858582982116407,1.2070793346277022,7.727995595449151
physionet_mi,raw,123,4,0.2679362267493357,0.2678138584901855,0.02393513392513924,1.2070793346277022,7.727995595449151
physionet_mi,raw,456,0,0.27644869750132905,0.2755347469524943,0.03509666593546268,1.2070793346277022,7.727995595449151
physionet_mi,raw,456,1,0.2759706190975866,0.2756289981953463,0.03473164910101989,1.2070793346277022,7.727995595449151
physionet_mi,raw,456,2,0.2878306878306878,0.28690064700287415,0.050471751988121705,1.2070793346277022,7.727995595449151
physionet_mi,raw,456,3,0.27615062761506276,0.2761473136788356,0.03490340674930981,1.2070793346277022,7.727995595449151
physionet_mi,raw,456,4,0.2774252039891206,0.2772446792518879,0.03656007546712825,1.2070793346277022,7.727995595449151
physionet_mi,raw,789,0,0.26153846153846155,0.26164790554699446,0.01536216939138968,1.2070793346277022,7.727995595449151
physionet_mi,raw,789,1,0.28116710875331563,0.28103433252612164,0.04159759312639155,1.2070793346277022,7.727995595449151
physionet_mi,raw,789,2,0.2884012539184953,0.28802459896036636,0.05110773402735447,1.2070793346277022,7.727995595449151
physionet_mi,raw,789,3,0.28791910590739755,0.2878050004542325,0.050566785611647624,1.2070793346277022,7.727995595449151
physionet_mi,raw,789,4,0.2732974910394265,0.2726511176159784,0.03092741559872414,1.2070793346277022,7.727995595449151
physionet_mi,raw,2024,0,0.2635494155154091,0.2633816440119707,0.018035945402019693,1.2070793346277022,7.727995595449151
physionet_mi,raw,2024,1,0.2736842105263158,0.2730187788560984,0.03161829066963118,1.2070793346277022,7.727995595449151
physionet_mi,raw,2024,2,0.2873015873015873,0.28572609563514156,0.04983049949185303,1.2070793346277022,7.727995595449151
physionet_mi,raw,2024,3,0.26506024096385544,0.2633801721724364,0.02032880452276309,1.2070793346277022,7.727995595449151
physionet_mi,raw,2024,4,0.28184281842818426,0.28157807499712506,0.04260006266154914,1.2070793346277022,7.727995595449151
physionet_mi,downsample_64hz,42,0,0.2682277807344332,0.2684409884010541,0.024276532370661075,1.246643717308268,19.46078203887545
physionet_mi,downsample_64hz,42,1,0.26982437466737624,0.26995347401501757,0.02646751830385541,1.246643717308268,19.46078203887545
physionet_mi,downsample_64hz,42,2,0.27602523659305994,0.2758569365979585,0.03461563271181145,1.246643717308268,19.46078203887545
physionet_mi,downsample_64hz,42,3,0.2740740740740741,0.2739323187971812,0.03205179650944667,1.246643717308268,19.46078203887545
physionet_mi,downsample_64hz,42,4,0.27438752783964365,0.27429197631850166,0.032495011817666675,1.246643717308268,19.46078203887545
physionet_mi,downsample_64hz,123,0,0.2713301536830949,0.2712687841663751,0.028450845987764595,1.246643717308268,19.46078203887545
physionet_mi,downsample_64hz,123,1,0.27453083109919574,0.2743290570694819,0.03272195765948405,1.246643717308268,19.46078203887545
physionet_mi,downsample_64hz,123,2,0.27961579509071505,0.27926400153210307,0.03941004535834458,1.246643717308268,19.46078203887545
physionet_mi,downsample_64hz,123,3,0.2773417059131345,0.277240092025503,0.036584787106816896,1.246643717308268,19.46078203887545
physionet_mi,downsample_64hz,123,4,0.27679362267493357,0.2766542302751179,0.035664053652997296,1.246643717308268,19.46078203887545
physionet_mi,downsample_64hz,456,0,0.27006911217437535,0.26995820413108707,0.026659139072922722,1.246643717308268,19.46078203887545
physionet_mi,downsample_64hz,456,1,0.27544596012591815,0.2750715526858494,0.03403147029324527,1.246643717308268,19.46078203887545
physionet_mi,downsample_64hz,456,2,0.25555555555555554,0.25559564704261095,0.007367021455292777,1.246643717308268,19.46078203887545
physionet_mi,downsample_64hz,456,3,0.2709205020920502,0.271050060167962,0.02781883253404216,1.246643717308268,19.46078203887545
physionet_mi,downsample_64hz,456,4,0.26745240253853125,0.26761718634367637,0.023135243678007233,1.246643717308268,19.46078203887545
physionet_mi,downsample_64hz,789,0,0.2854111405835544,0.2853102549933888,0.04721458596474648,1.246643717308268,19.46078203887545
physionet_mi,downsample_64hz,789,1,0.29336870026525197,0.29358040988657574,0.05786320363733666,1.246643717308268,19.46078203887545
physionet_mi,downsample_64hz,789,2,0.2601880877742947,0.2602624355836755,0.013594887422627266,1.246643717308268,19.46078203887545
physionet_mi,downsample_64hz,789,3,0.2756785524215008,0.27585847243025424,0.034234513897622,1.246643717308268,19.46078203887545
physionet_mi,downsample_64hz,789,4,0.26120071684587814,0.26068462356961586,0.01474258366904102,1.246643717308268,19.46078203887545
physionet_mi,downsample_64hz,2024,0,0.26461211477151964,0.26423248198331967,0.019545933281989836,1.246643717308268,19.46078203887545
physionet_mi,downsample_64hz,2024,1,0.2615789473684211,0.26157665810454656,0.015555675373048916,1.246643717308268,19.46078203887545
physionet_mi,downsample_64hz,2024,2,0.2740740740740741,0.27378373314757803,0.032093346173658,1.246643717308268,19.46078203887545
physionet_mi,downsample_64hz,2024,3,0.28077527501309585,0.28030756661856127,0.040989226822154,1.246643717308268,19.46078203887545
physionet_mi,downsample_64hz,2024,4,0.27461607949412825,0.2743138695096962,0.03276382106390208,1.246643717308268,19.46078203887545
physionet_mi,envelope_8_30hz,42,0,0.27142096860031933,0.2711966320494376,0.02846635711755241,1.2361157963822051,19.42589628561475
physionet_mi,envelope_8_30hz,42,1,0.2724853645556147,0.27216369404724605,0.03020398392956858,1.2361157963822051,19.42589628561475
physionet_mi,envelope_8_30hz,42,2,0.2444794952681388,0.2427083530908983,-0.006957994140636581,1.2361157963822051,19.42589628561475
physionet_mi,envelope_8_30hz,42,3,0.24761904761904763,0.24755509252631483,-0.0031453970713879453,1.2361157963822051,19.42589628561475
physionet_mi,envelope_8_30hz,42,4,0.23964365256124723,0.23973510768180345,-0.013811882838281164,1.2361157963822051,19.42589628561475
physionet_mi,envelope_8_30hz,123,0,0.2543720190779014,0.25429140701264885,0.005892361160514725,1.2361157963822051,19.42589628561475
physionet_mi,envelope_8_30hz,123,1,0.26273458445040215,0.2628039849228079,0.016997250754777427,1.2361157963822051,19.42589628561475
physionet_mi,envelope_8_30hz,123,2,0.26147278548559233,0.2614037330478618,0.015296299600782937,1.2361157963822051,19.42589628561475
physionet_mi,envelope_8_30hz,123,3,0.2454212454212454,0.24481077126830614,-0.006293024212057352,1.2361157963822051,19.42589628561475
physionet_mi,envelope_8_30hz,123,4,0.2519929140832595,0.25202592496919674,0.002752407768452758,1.2361157963822051,19.42589628561475
physionet_mi,envelope_8_30hz,456,0,0.23763955342902712,0.23762606884872312,-0.01654179202181605,1.2361157963822051,19.42589628561475
physionet_mi,envelope_8_30hz,456,1,0.2565582371458552,0.2563146999312056,0.008685738783306585,1.2361157963822051,19.42589628561475
physionet_mi,envelope_8_30hz,456,2,0.23862433862433863,0.23844763513474249,-0.015097452281600088,1.2361157963822051,19.42589628561475
physionet_mi,envelope_8_30hz,456,3,0.2662133891213389,0.2659684602202457,0.021602507873577648,1.2361157963822051,19.42589628561475
physionet_mi,envelope_8_30hz,456,4,0.257479601087942,0.2572860673447272,0.00998555018611591,1.2361157963822051,19.42589628561475
physionet_mi,envelope_8_30hz,789,0,0.24774535809018566,0.24712567794329804,-0.003100950325124918,1.2361157963822051,19.42589628561475
physionet_mi,envelope_8_30hz,789,1,0.2737400530503979,0.2737746347404687,0.03166257902605096,1.2361157963822051,19.42589628561475
physionet_mi,envelope_8_30hz,789,2,0.25339602925809823,0.25316917869026284,0.004541082107437755,1.2361157963822051,19.42589628561475
physionet_mi,envelope_8_30hz,789,3,0.2442788717402874,0.24418230473485417,-0.007648244212078215,1.2361157963822051,19.42589628561475
physionet_mi,envelope_8_30hz,789,4,0.2661290322580645,0.26581038446035754,0.021563511115750056,1.2361157963822051,19.42589628561475
physionet_mi,envelope_8_30hz,2024,0,0.24867162592986186,0.2486078684633357,-0.0018039750696066115,1.2361157963822051,19.42589628561475
physionet_mi,envelope_8_30hz,2024,1,0.26842105263157895,0.2686770751252641,0.024542668963540515,1.2361157963822051,19.42589628561475
physionet_mi,envelope_8_30hz,2024,2,0.24126984126984127,0.24105613655295535,-0.011554501881460233,1.2361157963822051,19.42589628561475
physionet_mi,envelope_8_30hz,2024,3,0.25405971712938713,0.253143962420291,0.005553852468431764,1.2361157963822051,19.42589628561475
physionet_mi,envelope_8_30hz,2024,4,0.26061427280939475,0.26057976946429806,0.014075127738700677,1.2361157963822051,19.42589628561475
physionet_mi,spectral_500ms,42,0,0.2767429483767962,0.2752008974513449,0.03582266508334164,1.51433870398101,760.2372829194136
physionet_mi,spectral_500ms,42,1,0.26663118680149017,0.2665548311413174,0.022062736504490643,1.51433870398101,760.2372829194136
physionet_mi,spectral_500ms,42,2,0.2676130389064143,0.26715671349176906,0.02325725427481573,1.51433870398101,760.2372829194136
physionet_mi,spectral_500ms,42,3,0.2740740740740741,0.2718765329348059,0.032343291468762914,1.51433870398101,760.2372829194136
physionet_mi,spectral_500ms,42,4,0.27216035634743874,0.2702903200417879,0.02940957797667043,1.51433870398101,760.2372829194136
physionet_mi,spectral_500ms,123,0,0.2708002119766826,0.269495823865877,0.02802851103190962,1.51433870398101,760.2372829194136
physionet_mi,spectral_500ms,123,1,0.27184986595174265,0.2717196972883282,0.029160415249955607,1.51433870398101,760.2372829194136
physionet_mi,spectral_500ms,123,2,0.27854855923159016,0.2776773208162676,0.03794238395608707,1.51433870398101,760.2372829194136
physionet_mi,spectral_500ms,123,3,0.2705389848246991,0.27038091486466476,0.02747097491148831,1.51433870398101,760.2372829194136
physionet_mi,spectral_500ms,123,4,0.2816651904340124,0.28059374329096176,0.042432355409606215,1.51433870398101,760.2372829194136
physionet_mi,spectral_500ms,456,0,0.25943646996278574,0.25847112639411,0.012742774918210076,1.51433870398101,760.2372829194136
physionet_mi,spectral_500ms,456,1,0.27229800629590767,0.2706306257930966,0.030012988823741038,1.51433870398101,760.2372829194136
physionet_mi,spectral_500ms,456,2,0.2714285714285714,0.2694400793364762,0.028260219392230113,1.51433870398101,760.2372829194136
physionet_mi,spectral_500ms,456,3,0.2698744769874477,0.2677770729007235,0.026376081950463703,1.51433870398101,760.2372829194136
physionet_mi,spectral_500ms,456,4,0.26518585675430645,0.264871130482973,0.020308203828328986,1.51433870398101,760.2372829194136
physionet_mi,spectral_500ms,789,0,0.27692307692307694,0.2722329067510185,0.03582733677959271,1.51433870398101,760.2372829194136
physionet_mi,spectral_500ms,789,1,0.25039787798408486,0.2501081396033614,0.0005182210421008637,1.51433870398101,760.2372829194136
physionet_mi,spectral_500ms,789,2,0.27481713688610243,0.27441296108084856,0.032918453576385676,1.51433870398101,760.2372829194136
physionet_mi,spectral_500ms,789,3,0.251729643427355,0.25171315176256814,0.0023100531686095493,1.51433870398101,760.2372829194136
physionet_mi,spectral_500ms,789,4,0.2647849462365591,0.26366351422203604,0.0196348086718956,1.51433870398101,760.2372829194136
physionet_mi,spectral_500ms,2024,0,0.2688629117959617,0.26847521119846707,0.02517293405167087,1.51433870398101,760.2372829194136
physionet_mi,spectral_500ms,2024,1,0.27052631578947367,0.2701565210855813,0.027443854770267118,1.51433870398101,760.2372829194136
physionet_mi,spectral_500ms,2024,2,0.2656084656084656,0.2651538679476597,0.020738548555438885,1.51433870398101,760.2372829194136
physionet_mi,spectral_500ms,2024,3,0.27029858564693554,0.2701150223772411,0.02681349164960345,1.51433870398101,760.2372829194136
physionet_mi,spectral_500ms,2024,4,0.2610659439927733,0.2606670983395385,0.014559988638654597,1.51433870398101,760.2372829194136
physionet_mi,delta_quant,42,0,0.2400212879191059,0.23957688021273366,-0.013156016719718222,1.128337342008492,7.069904754882149
physionet_mi,delta_quant,42,1,0.25492283129324106,0.25504895070864864,0.0064839517661667845,1.128337342008492,7.069904754882149
physionet_mi,delta_quant,42,2,0.2655099894847529,0.26415628462717783,0.020664826009219484,1.128337342008492,7.069904754882149
physionet_mi,delta_quant,42,3,0.2402116402116402,0.24022129908411483,-0.01314266324179214,1.128337342008492,7.069904754882149
physionet_mi,delta_quant,42,4,0.23964365256124723,0.2393595219207822,-0.0137818449053706,1.128337342008492,7.069904754882149
physionet_mi,delta_quant,123,0,0.25013248542660305,0.2498718330668455,9.99860693565724e-05,1.128337342008492,7.069904754882149
physionet_mi,delta_quant,123,1,0.250402144772118,0.2504820586603282,0.0005378213367486229,1.128337342008492,7.069904754882149
physionet_mi,delta_quant,123,2,0.25667022411953044,0.2567709404482911,0.00887858042945977,1.128337342008492,7.069904754882149
physionet_mi,delta_quant,123,3,0.2522239665096808,0.25199060244401783,0.0029271559158707827,1.128337342008492,7.069904754882149
physionet_mi,delta_quant,123,4,0.2595217006200177,0.25935914608478206,0.012829584028205887,1.128337342008492,7.069904754882149
physionet_mi,delta_quant,456,0,0.25412014885699097,0.25398755567975273,0.005385304213720632,1.128337342008492,7.069904754882149
physionet_mi,delta_quant,456,1,0.24763903462749212,0.24755094280320655,-0.0031464811198285147,1.128337342008492,7.069904754882149
physionet_mi,delta_quant,456,2,0.25343915343915346,0.2535674491828316,0.0048151038197284945,1.128337342008492,7.069904754882149
physionet_mi,delta_quant,456,3,0.24476987447698745,0.24464365307865385,-0.007093978435006143,1.128337342008492,7.069904754882149
physionet_mi,delta_quant,456,4,0.2543064369900272,0.2536364073354938,0.005580349191090517,1.128337342008492,7.069904754882149
physionet_mi,delta_quant,789,0,0.24509283819628647,0.24435509852766138,-0.0066179561079589,1.128337342008492,7.069904754882149
physionet_mi,delta_quant,789,1,0.2493368700265252,0.24949773093385516,-0.0008157289348507124,1.128337342008492,7.069904754882149
physionet_mi,delta_quant,789,2,0.2471264367816092,0.247025169604038,-0.0036505992266493426,1.128337342008492,7.069904754882149
physionet_mi,delta_quant,789,3,0.25598722724853645,0.2558418847717339,0.00797706918331631,1.128337342008492,7.069904754882149
physionet_mi,delta_quant,789,4,0.2553763440860215,0.25513137067630487,0.007125144364401703,1.128337342008492,7.069904754882149
physionet_mi,delta_quant,2024,0,0.25239107332624866,0.25236918610359027,0.0032762720962044023,1.128337342008492,7.069904754882149
physionet_mi,delta_quant,2024,1,0.2578947368421053,0.2575719777709138,0.01052156483115163,1.128337342008492,7.069904754882149
physionet_mi,delta_quant,2024,2,0.24814814814814815,0.24809523906741787,-0.002471380916280852,1.128337342008492,7.069904754882149
physionet_mi,delta_quant,2024,3,0.25301204819277107,0.25250527797217576,0.004310868245294475,1.128337342008492,7.069904754882149
physionet_mi,delta_quant,2024,4,0.2624209575429088,0.26217810740462144,0.016563684256910904,1.128337342008492,7.069904754882149
physionet_mi,multiband_alpha_beta,42,0,0.2607770090473656,0.2606542223540003,0.014428245647226223,1.4540224807666027,8.861954076079579
physionet_mi,multiband_alpha_beta,42,1,0.25598722724853645,0.2562982155852387,0.007881902518817152,1.4540224807666027,8.861954076079579
physionet_mi,multiband_alpha_beta,42,2,0.27707676130389064,0.2772014779437086,0.036314037996181714,1.4540224807666027,8.861954076079579
physionet_mi,multiband_alpha_beta,42,3,0.2634920634920635,0.26345722359222584,0.018122457022703986,1.4540224807666027,8.861954076079579
physionet_mi,multiband_alpha_beta,42,4,0.25211581291759466,0.2519593214755335,0.002822996455579929,1.4540224807666027,8.861954076079579
physionet_mi,multiband_alpha_beta,123,0,0.2533121356650768,0.25264545369572977,0.004434168031827612,1.4540224807666027,8.861954076079579
physionet_mi,multiband_alpha_beta,123,1,0.2589812332439678,0.2589447526556652,0.011958785966251884,1.4540224807666027,8.861954076079579
physionet_mi,multiband_alpha_beta,123,2,0.2550693703308431,0.2544988725869847,0.0068620975028282905,1.4540224807666027,8.861954076079579
physionet_mi,multiband_alpha_beta,123,3,0.25693354264782836,0.2563517046006213,0.009072962746296542,1.4540224807666027,8.861954076079579
physionet_mi,multiband_alpha_beta,123,4,0.24490699734278124,0.24444464798870244,-0.006694579487737329,1.4540224807666027,8.861954076079579
physionet_mi,multiband_alpha_beta,456,0,0.26687931951089844,0.2665738226875721,0.022330847981980595,1.4540224807666027,8.861954076079579
physionet_mi,multiband_alpha_beta,456,1,0.23924449108079748,0.23901304556649294,-0.014386471812851243,1.4540224807666027,8.861954076079579
physionet_mi,multiband_alpha_beta,456,2,0.2619047619047619,0.26128414996183946,0.01594427435244472,1.4540224807666027,8.861954076079579
physionet_mi,multiband_alpha_beta,456,3,0.24267782426778242,0.24215285349612672,-0.009625549881645323,1.4540224807666027,8.861954076079579
physionet_mi,multiband_alpha_beta,456,4,0.2633726201269266,0.2631475935926582,0.01773327447542339,1.4540224807666027,8.861954076079579
physionet_mi,multiband_alpha_beta,789,0,0.2636604774535809,0.2633325165111047,0.018308366242366647,1.4540224807666027,8.861954076079579
physionet_mi,multiband_alpha_beta,789,1,0.2663129973474801,0.26620341971858263,0.021728362261703937,1.4540224807666027,8.861954076079579
physionet_mi,multiband_alpha_beta,789,2,0.23406478578892373,0.2339473310381039,-0.021225022801667937,1.4540224807666027,8.861954076079579
physionet_mi,multiband_alpha_beta,789,3,0.2597126130920703,0.2593695597505773,0.012904765699382037,1.4540224807666027,8.861954076079579
physionet_mi,multiband_alpha_beta,789,4,0.26433691756272404,0.2635731865936504,0.018910291159216053,1.4540224807666027,8.861954076079579
physionet_mi,multiband_alpha_beta,2024,0,0.27523910733262485,0.27491606784073286,0.03368015298209692,1.4540224807666027,8.861954076079579
physionet_mi,multiband_alpha_beta,2024,1,0.2463157894736842,0.24583060569599707,-0.004806511595270679,1.4540224807666027,8.861954076079579
physionet_mi,multiband_alpha_beta,2024,2,0.2560846560846561,0.25589384221086064,0.00806733379321467,1.4540224807666027,8.861954076079579
physionet_mi,multiband_alpha_beta,2024,3,0.24410686223153483,0.24401402228738486,-0.007995723124256227,1.4540224807666027,8.861954076079579
physionet_mi,multiband_alpha_beta,2024,4,0.2669376693766938,0.2662172260191646,0.022647362893901346,1.4540224807666027,8.861954076079579
sleep_edf,raw,42,0,0.8410529212143447,0.6030404971662764,0.6927872149630969,1.2010281556288493,11.903894917710025
sleep_edf,raw,42,1,0.7743880160759956,0.5625299777485931,0.6010106007315308,1.2010281556288493,11.903894917710025
sleep_edf,raw,42,2,0.8259502450753723,0.5710619359881723,0.6378691993840699,1.2010281556288493,11.903894917710025
sleep_edf,raw,42,3,0.826740947075209,0.5929815936153513,0.6674097126038037,1.2010281556288493,11.903894917710025
sleep_edf,raw,42,4,0.7818524163902089,0.5678933856661701,0.6050421830290651,1.2010281556288493,11.903894917710025
sleep_edf,raw,123,0,0.782921062204438,0.5466878018614937,0.5935503102712296,1.2010281556288493,11.903894917710025
sleep_edf,raw,123,1,0.7855581947743467,0.5591221887611504,0.6183400898570526,1.2010281556288493,11.903894917710025
sleep_edf,raw,123,2,0.8130466472303207,0.596811470767337,0.6558618767800516,1.2010281556288493,11.903894917710025
sleep_edf,raw,123,3,0.8371288030606668,0.5998501876089728,0.6868107542689539,1.2010281556288493,11.903894917710025
sleep_edf,raw,123,4,0.8300035997120231,0.5772188391328509,0.6425265113319776,1.2010281556288493,11.903894917710025
sleep_edf,raw,456,0,0.8365977011494253,0.5708419959385935,0.6514740847889231,1.2010281556288493,11.903894917710025
sleep_edf,raw,456,1,0.83163953592949,0.5825505761376908,0.6600363071877897,1.2010281556288493,11.903894917710025
sleep_edf,raw,456,2,0.7531562087808554,0.5570145918195781,0.5797185231826011,1.2010281556288493,11.903894917710025
sleep_edf,raw,456,3,0.8415231187669991,0.6082994852383654,0.6912684347208888,1.2010281556288493,11.903894917710025
sleep_edf,raw,456,4,0.7838158735957622,0.562360030004424,0.6170188288547123,1.2010281556288493,11.903894917710025
sleep_edf,raw,789,0,0.7668785115593626,0.5265680573422002,0.5733188490764018,1.2010281556288493,11.903894917710025
sleep_edf,raw,789,1,0.8081121776773951,0.5901330241653026,0.6478905870403004,1.2010281556288493,11.903894917710025
sleep_edf,raw,789,2,0.8092951621670592,0.5996827047057366,0.6502565967677796,1.2010281556288493,11.903894917710025
sleep_edf,raw,789,3,0.8382921348314607,0.593667640876658,0.6762026346728152,1.2010281556288493,11.903894917710025
sleep_edf,raw,789,4,0.8282606708710356,0.5909085380416481,0.6592616323418756,1.2010281556288493,11.903894917710025
sleep_edf,raw,2024,0,0.7533648599490724,0.5120731770233047,0.5413533638001149,1.2010281556288493,11.903894917710025
sleep_edf,raw,2024,1,0.8417774472436553,0.5912492125711474,0.6840572632398549,1.2010281556288493,11.903894917710025
sleep_edf,raw,2024,2,0.7691599115696389,0.5542158849294513,0.5918220053365799,1.2010281556288493,11.903894917710025
sleep_edf,raw,2024,3,0.8638963360142985,0.6245627025368067,0.7222153084533822,1.2010281556288493,11.903894917710025
sleep_edf,raw,2024,4,0.810715609936967,0.6014317915336921,0.6570334040286606,1.2010281556288493,11.903894917710025
sleep_edf,downsample_64hz,42,0,0.810235714940842,0.5758859202299605,0.6386348374471608,1.2655097941043878,19.82664477078366
sleep_edf,downsample_64hz,42,1,0.7185787358421629,0.5102932606778208,0.5184667746410342,1.2655097941043878,19.82664477078366
sleep_edf,downsample_64hz,42,2,0.7523351521316933,0.4975060901991311,0.5141492396937255,1.2655097941043878,19.82664477078366
sleep_edf,downsample_64hz,42,3,0.8090064995357474,0.5625158924728513,0.6353194879046344,1.2655097941043878,19.82664477078366
sleep_edf,downsample_64hz,42,4,0.7048327804178248,0.4996967622814905,0.4886685095151585,1.2655097941043878,19.82664477078366
sleep_edf,downsample_64hz,123,0,0.7298108403055656,0.5047715992232611,0.5204614169652073,1.2655097941043878,19.82664477078366
sleep_edf,downsample_64hz,123,1,0.6843705463182898,0.4734042905958324,0.473682000094654,1.2655097941043878,19.82664477078366
sleep_edf,downsample_64hz,123,2,0.7603862973760933,0.5425260838985949,0.5733733370218039,1.2655097941043878,19.82664477078366
sleep_edf,downsample_64hz,123,3,0.8160867188923301,0.5783580437833913,0.6473033874232523,1.2655097941043878,19.82664477078366
sleep_edf,downsample_64hz,123,4,0.7822174226061915,0.5190759765848904,0.5499959586547792,1.2655097941043878,19.82664477078366
sleep_edf,downsample_64hz,456,0,0.8122298850574713,0.5510555173898547,0.6142707431599769,1.2655097941043878,19.82664477078366
sleep_edf,downsample_64hz,456,1,0.7781275294540876,0.5342114627850252,0.5677532201357869,1.2655097941043878,19.82664477078366
sleep_edf,downsample_64hz,456,2,0.6904088939136989,0.49919723645709596,0.48521028427451296,1.2655097941043878,19.82664477078366
sleep_edf,downsample_64hz,456,3,0.7928377153218495,0.5616014971589145,0.6079520149835812,1.2655097941043878,19.82664477078366
sleep_edf,downsample_64hz,456,4,0.7297470088592566,0.5140252152021633,0.5358869953474658,1.2655097941043878,19.82664477078366
sleep_edf,downsample_64hz,789,0,0.7024960854748089,0.4844152089917805,0.4944760130860357,1.2655097941043878,19.82664477078366
sleep_edf,downsample_64hz,789,1,0.766798418972332,0.5422146461420752,0.5776763556846907,1.2655097941043878,19.82664477078366
sleep_edf,downsample_64hz,789,2,0.7643594854140243,0.5501189899779972,0.5751502106266497,1.2655097941043878,19.82664477078366
sleep_edf,downsample_64hz,789,3,0.7984719101123595,0.5571859651215431,0.6013675599106172,1.2655097941043878,19.82664477078366
sleep_edf,downsample_64hz,789,4,0.7701307010328123,0.5216080068045544,0.5571049863864654,1.2655097941043878,19.82664477078366
sleep_edf,downsample_64hz,2024,0,0.6669698072026191,0.4526440172989636,0.42574234777385156,1.2655097941043878,19.82664477078366
sleep_edf,downsample_64hz,2024,1,0.7899042483963931,0.5549023342278436,0.6007272529949865,1.2655097941043878,19.82664477078366
sleep_edf,downsample_64hz,2024,2,0.7367354458364038,0.5282681625598254,0.546770535438341,1.2655097941043878,19.82664477078366
sleep_edf,downsample_64hz,2024,3,0.8388739946380697,0.5826707163765639,0.6673244689420097,1.2655097941043878,19.82664477078366
sleep_edf,downsample_64hz,2024,4,0.7610307749351131,0.5344610845254445,0.5680716081871173,1.2655097941043878,19.82664477078366
sleep_edf,envelope_8_30hz,42,0,0.8311473906264331,0.6037780507858693,0.6775179566032695,1.2890357057572002,20.083395267196973
sleep_edf,envelope_8_30hz,42,1,0.764431859700402,0.5480868019631089,0.5867732149456628,1.2890357057572002,20.083395267196973
sleep_edf,envelope_8_30hz,42,2,0.7949690187736983,0.5294596449257841,0.5820988422430612,1.2890357057572002,20.083395267196973
sleep_edf,envelope_8_30hz,42,3,0.8207056638811513,0.5851592324655407,0.6606041333149162,1.2890357057572002,20.083395267196973
sleep_edf,envelope_8_30hz,42,4,0.7382766968528647,0.5330983582935405,0.5405607766428644,1.2890357057572002,20.083395267196973
sleep_edf,envelope_8_30hz,123,0,0.7398144779919971,0.5102718687801159,0.5361047567510465,1.2890357057572002,20.083395267196973
sleep_edf,envelope_8_30hz,123,1,0.7723515439429929,0.5442887324839457,0.5932182906609272,1.2890357057572002,20.083395267196973
sleep_edf,envelope_8_30hz,123,2,0.7978316326530612,0.577529150456878,0.6344921591396087,1.2890357057572002,20.083395267196973
sleep_edf,envelope_8_30hz,123,3,0.8290216797230825,0.6015368884231764,0.6732844294168712,1.2890357057572002,20.083395267196973
sleep_edf,envelope_8_30hz,123,4,0.8072354211663066,0.5584010315876559,0.6033384101955339,1.2890357057572002,20.083395267196973
sleep_edf,envelope_8_30hz,456,0,0.8048735632183908,0.5378044256780041,0.6032812095548359,1.2890357057572002,20.083395267196973
sleep_edf,envelope_8_30hz,456,1,0.8284018346973648,0.5817721776307371,0.6541620963956035,1.2890357057572002,20.083395267196973
sleep_edf,envelope_8_30hz,456,2,0.7576785377802902,0.5590423778028286,0.5831970910649017,1.2890357057572002,20.083395267196973
sleep_edf,envelope_8_30hz,456,3,0.814143245693563,0.5842527442180641,0.6442629101224339,1.2890357057572002,20.083395267196973
sleep_edf,envelope_8_30hz,456,4,0.7411635765823363,0.5319400698198995,0.5565358430606647,1.2890357057572002,20.083395267196973
sleep_edf,envelope_8_30hz,789,0,0.7251542783457677,0.5010799385792912,0.5212395259608541,1.2890357057572002,20.083395267196973
sleep_edf,envelope_8_30hz,789,1,0.7877846790890269,0.5776134068150004,0.6181111077642325,1.2890357057572002,20.083395267196973
sleep_edf,envelope_8_30hz,789,2,0.7996013770610618,0.5851117452253964,0.6366922650523237,1.2890357057572002,20.083395267196973
sleep_edf,envelope_8_30hz,789,3,0.8311011235955056,0.592832590584785,0.6610877459027471,1.2890357057572002,20.083395267196973
sleep_edf,envelope_8_30hz,789,4,0.800475276482954,0.554817724007094,0.6076590498730857,1.2890357057572002,20.083395267196973
sleep_edf,envelope_8_30hz,2024,0,0.7032557293561295,0.4830846817814106,0.47359652127194707,1.2890357057572002,20.083395267196973
sleep_edf,envelope_8_30hz,2024,1,0.8297852561122989,0.5864418719435178,0.6635822442195689,1.2890357057572002,20.083395267196973
sleep_edf,envelope_8_30hz,2024,2,0.7507369196757553,0.5420718873976614,0.571359908753934,1.2890357057572002,20.083395267196973
sleep_edf,envelope_8_30hz,2024,3,0.8534405719392315,0.6097788342243742,0.7026468089428135,1.2890357057572002,20.083395267196973
sleep_edf,envelope_8_30hz,2024,4,0.807100482017056,0.5919953006184839,0.6459252728789661,1.2890357057572002,20.083395267196973
sleep_edf,spectral_500ms,42,0,0.8621480326515638,0.6537134456879572,0.7353683426414814,1.793348243641225,899.2365302165329
sleep_edf,spectral_500ms,42,1,0.7648885641213007,0.5739512419766646,0.5977141263507161,1.793348243641225,899.2365302165329
sleep_edf,spectral_500ms,42,2,0.8281697956163877,0.5797727223818395,0.6390317549867582,1.793348243641225,899.2365302165329
sleep_edf,spectral_500ms,42,3,0.8272980501392758,0.621212313891402,0.6776878660186034,1.793348243641225,899.2365302165329
sleep_edf,spectral_500ms,42,4,0.814130727158612,0.6162840330369044,0.6558020145975205,1.793348243641225,899.2365302165329
sleep_edf,spectral_500ms,123,0,0.7745543834121499,0.5659773407072918,0.5909023899472065,1.793348243641225,899.2365302165329
sleep_edf,spectral_500ms,123,1,0.7693111638954869,0.5877786889597381,0.6082690762399645,1.793348243641225,899.2365302165329
sleep_edf,spectral_500ms,123,2,0.8620626822157434,0.6542465026429858,0.7387666976423084,1.793348243641225,899.2365302165329
sleep_edf,spectral_500ms,123,3,0.842412096921115,0.6358536999121451,0.7012523154906324,1.793348243641225,899.2365302165329
sleep_edf,spectral_500ms,123,4,0.8502519798416127,0.6038784552427258,0.6786093171790191,1.793348243641225,899.2365302165329
sleep_edf,spectral_500ms,456,0,0.8608735632183908,0.6146771308969676,0.7033098227932599,1.793348243641225,899.2365302165329
sleep_edf,spectral_500ms,456,1,0.7860419102437269,0.5384028326060641,0.5851526720789618,1.793348243641225,899.2365302165329
sleep_edf,spectral_500ms,456,2,0.7992274354625966,0.6173251624572621,0.6533885682025895,1.793348243641225,899.2365302165329
sleep_edf,spectral_500ms,456,3,0.85766092475068,0.6556890031677856,0.7228938522203063,1.793348243641225,899.2365302165329
sleep_edf,spectral_500ms,456,4,0.802265047036259,0.6010308042042419,0.6504688031936666,1.793348243641225,899.2365302165329
sleep_edf,spectral_500ms,789,0,0.7594178870774615,0.5376323775016594,0.5700388706549109,1.793348243641225,899.2365302165329
sleep_edf,spectral_500ms,789,1,0.844626388104649,0.6626130325111385,0.7150606131371327,1.793348243641225,899.2365302165329
sleep_edf,spectral_500ms,789,2,0.822793984417467,0.637502014768919,0.6811441419987263,1.793348243641225,899.2365302165329
sleep_edf,spectral_500ms,789,3,0.8270561797752809,0.5736034790719856,0.6481471642875676,1.793348243641225,899.2365302165329
sleep_edf,spectral_500ms,789,4,0.8244218992779453,0.6126150538676114,0.6584271658046437,1.793348243641225,899.2365302165329
sleep_edf,spectral_500ms,2024,0,0.7491815205529283,0.5314849074679554,0.5429736414399815,1.793348243641225,899.2365302165329
sleep_edf,spectral_500ms,2024,1,0.8580459235846426,0.6252065677230636,0.7102964593937074,1.793348243641225,899.2365302165329
sleep_edf,spectral_500ms,2024,2,0.8243367722918202,0.6266154359622214,0.6871219146530931,1.793348243641225,899.2365302165329
sleep_edf,spectral_500ms,2024,3,0.8149240393208221,0.6001221772265518,0.6440607420984623,1.793348243641225,899.2365302165329
sleep_edf,spectral_500ms,2024,4,0.8244345569150908,0.6409560877966446,0.6839902522400765,1.793348243641225,899.2365302165329
sleep_edf,delta_quant,42,0,0.8267449325873613,0.5616935717407496,0.6660550163883945,1.1223366632550855,11.209161727106537
sleep_edf,delta_quant,42,1,0.7531055900621118,0.5023773089443768,0.5636298035428682,1.1223366632550855,11.209161727106537
sleep_edf,delta_quant,42,2,0.8016276703967447,0.542324642093608,0.6022748298324919,1.1223366632550855,11.209161727106537
sleep_edf,delta_quant,42,3,0.8034354688950789,0.5430763018258451,0.6141156480344441,1.1223366632550855,11.209161727106537
sleep_edf,delta_quant,42,4,0.7772796556980185,0.5237961423041412,0.5883833880024858,1.1223366632550855,11.209161727106537
sleep_edf,delta_quant,123,0,0.76473263004729,0.488478957545403,0.5449119066528623,1.1223366632550855,11.209161727106537
sleep_edf,delta_quant,123,1,0.7804275534441806,0.5533037321271415,0.6153056879960852,1.1223366632550855,11.209161727106537
sleep_edf,delta_quant,123,2,0.7889941690962099,0.5374073807806897,0.6114177596114901,1.1223366632550855,11.209161727106537
sleep_edf,delta_quant,123,3,0.8195481872836582,0.5607339866965055,0.6542661123330082,1.1223366632550855,11.209161727106537
sleep_edf,delta_quant,123,4,0.8138048956083513,0.5335838185990289,0.6152172523555817,1.1223366632550855,11.209161727106537
sleep_edf,delta_quant,456,0,0.7861149425287356,0.47866051118098907,0.5425931362126638,1.1223366632550855,11.209161727106537
sleep_edf,delta_quant,456,1,0.8263333033546182,0.5602871638918574,0.6537717759995707,1.1223366632550855,11.209161727106537
sleep_edf,delta_quant,456,2,0.7667231957791596,0.5536221675993123,0.6034771685337429,1.1223366632550855,11.209161727106537
sleep_edf,delta_quant,456,3,0.8191296464188577,0.5471673404364953,0.6477500962550834,1.1223366632550855,11.209161727106537
sleep_edf,delta_quant,456,4,0.7746826194172984,0.5244363257536224,0.5954836961460526,1.1223366632550855,11.209161727106537
sleep_edf,delta_quant,789,0,0.7531546467716681,0.4669727278720874,0.525829554974566,1.1223366632550855,11.209161727106537
sleep_edf,delta_quant,789,1,0.8067946546207416,0.5638545605926376,0.6423850882339359,1.1223366632550855,11.209161727106537
sleep_edf,delta_quant,789,2,0.7976988584888567,0.5518760656150805,0.630810651325586,1.1223366632550855,11.209161727106537
sleep_edf,delta_quant,789,3,0.8311011235955056,0.5545918789688518,0.6597309077848968,1.1223366632550855,11.209161727106537
sleep_edf,delta_quant,789,4,0.7756146604515126,0.5256441518898025,0.5792220910949778,1.1223366632550855,11.209161727106537
sleep_edf,delta_quant,2024,0,0.7492724627137141,0.4843352580681752,0.528518344511852,1.1223366632550855,11.209161727106537
sleep_edf,delta_quant,2024,1,0.8289485916147625,0.5507201880304817,0.6521527321149436,1.1223366632550855,11.209161727106537
sleep_edf,delta_quant,2024,2,0.7524871039056743,0.4843715014825656,0.5478442952584035,1.1223366632550855,11.209161727106537
sleep_edf,delta_quant,2024,3,0.843521000893655,0.5734948843558696,0.6859164278582269,1.1223366632550855,11.209161727106537
sleep_edf,delta_quant,2024,4,0.7988505747126436,0.5801104720274302,0.6432406429488191,1.1223366632550855,11.209161727106537
sleep_edf,multiband_alpha_beta,42,0,0.7566724754654682,0.5116002615579627,0.5654243504864634,1.5117061679255446,14.793415830049883
sleep_edf,multiband_alpha_beta,42,1,0.7262513701132627,0.4693725112187758,0.5277331151933498,1.5117061679255446,14.793415830049883
sleep_edf,multiband_alpha_beta,42,2,0.7784148709886248,0.5039670459149092,0.5570662655704565,1.5117061679255446,14.793415830049883
sleep_edf,multiband_alpha_beta,42,3,0.7424326833797585,0.4755700173618901,0.531517930122017,1.5117061679255446,14.793415830049883
sleep_edf,multiband_alpha_beta,42,4,0.658925849547207,0.4481641663142984,0.4367117272373767,1.5117061679255446,14.793415830049883
sleep_edf,multiband_alpha_beta,123,0,0.6397781011276827,0.41659148699955234,0.4046136447136546,1.5117061679255446,14.793415830049883
sleep_edf,multiband_alpha_beta,123,1,0.7604750593824228,0.495030782050993,0.5802563206376447,1.5117061679255446,14.793415830049883
sleep_edf,multiband_alpha_beta,123,2,0.692966472303207,0.45705082019158966,0.4717984875427371,1.5117061679255446,14.793415830049883
sleep_edf,multiband_alpha_beta,123,3,0.782565130260521,0.5224885235145511,0.5951558399409609,1.5117061679255446,14.793415830049883
sleep_edf,multiband_alpha_beta,123,4,0.779337652987761,0.5203343318232574,0.5669331552490168,1.5117061679255446,14.793415830049883
sleep_edf,multiband_alpha_beta,456,0,0.7480459770114942,0.45664328077642224,0.4934633095403175,1.5117061679255446,14.793415830049883
sleep_edf,multiband_alpha_beta,456,1,0.7918877596906196,0.5160282211807445,0.5981395699568862,1.5117061679255446,14.793415830049883
sleep_edf,multiband_alpha_beta,456,2,0.7188618805351422,0.48291960868644834,0.5306300638398549,1.5117061679255446,14.793415830049883
sleep_edf,multiband_alpha_beta,456,3,0.7231187669990934,0.48656601672950367,0.5122308629288828,1.5117061679255446,14.793415830049883
sleep_edf,multiband_alpha_beta,456,4,0.6754954790391816,0.44474495388469554,0.4637372144797939,1.5117061679255446,14.793415830049883
sleep_edf,multiband_alpha_beta,789,0,0.6498111817260753,0.3999944760562373,0.4039160674921649,1.5117061679255446,14.793415830049883
sleep_edf,multiband_alpha_beta,789,1,0.7402597402597403,0.4908479731043016,0.5424889916362691,1.5117061679255446,14.793415830049883
sleep_edf,multiband_alpha_beta,789,2,0.7207827504982787,0.48538058639678966,0.5240430806769341,1.5117061679255446,14.793415830049883
sleep_edf,multiband_alpha_beta,789,3,0.7914606741573034,0.5188375822639248,0.6004384680813962,1.5117061679255446,14.793415830049883
sleep_edf,multiband_alpha_beta,789,4,0.745452883648661,0.48727866098096834,0.5262008462699208,1.5117061679255446,14.793415830049883
sleep_edf,multiband_alpha_beta,2024,0,0.6953437613677701,0.4405918455219694,0.4573871022001581,1.5117061679255446,14.793415830049883
sleep_edf,multiband_alpha_beta,2024,1,0.7741005856651483,0.509933250623234,0.565448057551316,1.5117061679255446,14.793415830049883
sleep_edf,multiband_alpha_beta,2024,2,0.6770449521002211,0.4400223574100566,0.4642586218674123,1.5117061679255446,14.793415830049883
sleep_edf,multiband_alpha_beta,2024,3,0.7828418230563002,0.5192969864457181,0.586508778551065,1.5117061679255446,14.793415830049883
sleep_edf,multiband_alpha_beta,2024,4,0.743047830923248,0.49917955966584077,0.554973960599298,1.5117061679255446,14.793415830049883
mental_arithmetic,raw,42,0,0.5190476190476191,0.5187748156551333,0.03809523809523807,1.7336534240169552,3.447958094502792
mental_arithmetic,raw,42,1,0.5285714285714286,0.5285607383387378,0.05714285714285716,1.7336534240169552,3.447958094502792
mental_arithmetic,raw,42,2,0.5238095238095238,0.5234204793028323,0.04761904761904767,1.7336534240169552,3.447958094502792
mental_arithmetic,raw,42,3,0.5523809523809524,0.5482837528604119,0.10476190476190472,1.7336534240169552,3.447958094502792
mental_arithmetic,raw,42,4,0.5583333333333333,0.5545906576090762,0.1166666666666667,1.7336534240169552,3.447958094502792
mental_arithmetic,raw,123,0,0.5333333333333333,0.5290617848970252,0.06666666666666665,1.7336534240169552,3.447958094502792
mental_arithmetic,raw,123,1,0.4857142857142857,0.4718703427719821,-0.02857142857142847,1.7336534240169552,3.447958094502792
mental_arithmetic,raw,123,2,0.5333333333333333,0.5322727272727272,0.06666666666666665,1.7336534240169552,3.447958094502792
mental_arithmetic,raw,123,3,0.48095238095238096,0.4782905982905983,-0.03809523809523818,1.7336534240169552,3.447958094502792
mental_arithmetic,raw,123,4,0.525,0.5209748581833462,0.050000000000000044,1.7336534240169552,3.447958094502792
mental_arithmetic,raw,456,0,0.680952380952381,0.6807714123652865,0.36190476190476195,1.7336534240169552,3.447958094502792
mental_arithmetic,raw,456,1,0.5714285714285714,0.5704545454545455,0.1428571428571429,1.7336534240169552,3.447958094502792
mental_arithmetic,raw,456,2,0.5095238095238095,0.5076369761671713,0.01904761904761909,1.7336534240169552,3.447958094502792
mental_arithmetic,raw,456,3,0.38571428571428573,0.38402419336501514,-0.22857142857142865,1.7336534240169552,3.447958094502792
mental_arithmetic,raw,456,4,0.5,0.49776785714285715,0.0,1.7336534240169552,3.447958094502792
mental_arithmetic,raw,789,0,0.5142857142857142,0.5141094274566735,0.02857142857142858,1.7336534240169552,3.447958094502792
mental_arithmetic,raw,789,1,0.5190476190476191,0.5190367128506316,0.03809523809523807,1.7336534240169552,3.447958094502792
mental_arithmetic,raw,789,2,0.5904761904761905,0.5750588235294118,0.18095238095238098,1.7336534240169552,3.447958094502792
mental_arithmetic,raw,789,3,0.49047619047619045,0.4895386083282219,-0.01904761904761898,1.7336534240169552,3.447958094502792
mental_arithmetic,raw,789,4,0.575,0.5725958516656191,0.15000000000000002,1.7336534240169552,3.447958094502792
mental_arithmetic,raw,2024,0,0.48095238095238096,0.47999727390445035,-0.03809523809523818,1.7336534240169552,3.447958094502792
mental_arithmetic,raw,2024,1,0.5428571428571428,0.5413595413595413,0.08571428571428574,1.7336534240169552,3.447958094502792
mental_arithmetic,raw,2024,2,0.5095238095238095,0.5095126873625252,0.01904761904761909,1.7336534240169552,3.447958094502792
mental_arithmetic,raw,2024,3,0.6,0.5982142857142857,0.19999999999999996,1.7336534240169552,3.447958094502792
mental_arithmetic,raw,2024,4,0.5375,0.5371062188319925,0.07499999999999996,1.7336534240169552,3.447958094502792
mental_arithmetic,downsample_64hz,42,0,0.5380952380952381,0.5378332387975042,0.07619047619047614,1.2428785954364152,19.46758541904898
mental_arithmetic,downsample_64hz,42,1,0.5285714285714286,0.5283040272263189,0.05714285714285716,1.2428785954364152,19.46758541904898
mental_arithmetic,downsample_64hz,42,2,0.4714285714285714,0.47045593948067876,-0.05714285714285716,1.2428785954364152,19.46758541904898
mental_arithmetic,downsample_64hz,42,3,0.5761904761904761,0.5761039667959447,0.1523809523809524,1.2428785954364152,19.46758541904898
mental_arithmetic,downsample_64hz,42,4,0.525,0.5248680188941373,0.050000000000000044,1.2428785954364152,19.46758541904898
mental_arithmetic,downsample_64hz,123,0,0.5571428571428572,0.5571328148030568,0.11428571428571432,1.2428785954364152,19.46758541904898
mental_arithmetic,downsample_64hz,123,1,0.5047619047619047,0.5010964912280702,0.00952380952380949,1.2428785954364152,19.46758541904898
mental_arithmetic,downsample_64hz,123,2,0.5333333333333333,0.5322727272727272,0.06666666666666665,1.2428785954364152,19.46758541904898
mental_arithmetic,downsample_64hz,123,3,0.5142857142857142,0.5141094274566735,0.02857142857142858,1.2428785954364152,19.46758541904898
mental_arithmetic,downsample_64hz,123,4,0.5416666666666666,0.5408695652173914,0.08333333333333337,1.2428785954364152,19.46758541904898
mental_arithmetic,downsample_64hz,456,0,0.5142857142857142,0.5142857142857142,0.02857142857142858,1.2428785954364152,19.46758541904898
mental_arithmetic,downsample_64hz,456,1,0.45714285714285713,0.45669934640522875,-0.08571428571428563,1.2428785954364152,19.46758541904898
mental_arithmetic,downsample_64hz,456,2,0.5142857142857142,0.5135797983468071,0.02857142857142858,1.2428785954364152,19.46758541904898
mental_arithmetic,downsample_64hz,456,3,0.5047619047619047,0.5002288329519451,0.00952380952380949,1.2428785954364152,19.46758541904898
mental_arithmetic,downsample_64hz,456,4,0.525,0.5248680188941373,0.050000000000000044,1.2428785954364152,19.46758541904898
mental_arithmetic,downsample_64hz,789,0,0.5095238095238095,0.5092456040839478,0.01904761904761909,1.2428785954364152,19.46758541904898
mental_arithmetic,downsample_64hz,789,1,0.5619047619047619,0.5599489795918368,0.12380952380952381,1.2428785954364152,19.46758541904898
mental_arithmetic,downsample_64hz,789,2,0.49523809523809526,0.49061784897025174,-0.00952380952380949,1.2428785954364152,19.46758541904898
mental_arithmetic,downsample_64hz,789,3,0.49047619047619045,0.48786324786324786,-0.01904761904761898,1.2428785954364152,19.46758541904898
mental_arithmetic,downsample_64hz,789,4,0.4875,0.4872774641771602,-0.02499999999999991,1.2428785954364152,19.46758541904898
mental_arithmetic,downsample_64hz,2024,0,0.5095238095238095,0.5035688875628285,0.01904761904761909,1.2428785954364152,19.46758541904898
mental_arithmetic,downsample_64hz,2024,1,0.5333333333333333,0.5332910014513788,0.06666666666666665,1.2428785954364152,19.46758541904898
mental_arithmetic,downsample_64hz,2024,2,0.5523809523809524,0.5522184919698756,0.10476190476190472,1.2428785954364152,19.46758541904898
mental_arithmetic,downsample_64hz,2024,3,0.4714285714285714,0.4714165854101,-0.05714285714285716,1.2428785954364152,19.46758541904898
mental_arithmetic,downsample_64hz,2024,4,0.48333333333333334,0.4831897749374826,-0.03333333333333344,1.2428785954364152,19.46758541904898
mental_arithmetic,envelope_8_30hz,42,0,0.5904761904761905,0.5904390420899854,0.18095238095238098,1.2563690134025287,19.2998827959758
mental_arithmetic,envelope_8_30hz,42,1,0.5952380952380952,0.5941244684963278,0.19047619047619047,1.2563690134025287,19.2998827959758
mental_arithmetic,envelope_8_30hz,42,2,0.5904761904761905,0.5904390420899854,0.18095238095238098,1.2563690134025287,19.2998827959758
mental_arithmetic,envelope_8_30hz,42,3,0.49523809523809526,0.49482570806100223,-0.00952380952380949,1.2563690134025287,19.2998827959758
mental_arithmetic,envelope_8_30hz,42,4,0.5583333333333333,0.5563616071428572,0.1166666666666667,1.2563690134025287,19.2998827959758
mental_arithmetic,envelope_8_30hz,123,0,0.5476190476190477,0.5473624503686898,0.09523809523809523,1.2563690134025287,19.2998827959758
mental_arithmetic,envelope_8_30hz,123,1,0.5857142857142857,0.5856297203510921,0.17142857142857137,1.2563690134025287,19.2998827959758
mental_arithmetic,envelope_8_30hz,123,2,0.580952380952381,0.5790816326530612,0.16190476190476188,1.2563690134025287,19.2998827959758
mental_arithmetic,envelope_8_30hz,123,3,0.5619047619047619,0.5570432868672046,0.12380952380952381,1.2563690134025287,19.2998827959758
mental_arithmetic,envelope_8_30hz,123,4,0.525,0.5233781618005714,0.050000000000000044,1.2563690134025287,19.2998827959758
mental_arithmetic,envelope_8_30hz,456,0,0.5619047619047619,0.5619047619047619,0.12380952380952381,1.2563690134025287,19.2998827959758
mental_arithmetic,envelope_8_30hz,456,1,0.5333333333333333,0.5332910014513788,0.06666666666666665,1.2563690134025287,19.2998827959758
mental_arithmetic,envelope_8_30hz,456,2,0.5190476190476191,0.5096974040084143,0.03809523809523807,1.2563690134025287,19.2998827959758
mental_arithmetic,envelope_8_30hz,456,3,0.6047619047619047,0.6027350427350426,0.20952380952380956,1.2563690134025287,19.2998827959758
mental_arithmetic,envelope_8_30hz,456,4,0.5541666666666667,0.5539730785931394,0.10833333333333328,1.2563690134025287,19.2998827959758
mental_arithmetic,envelope_8_30hz,789,0,0.5761904761904761,0.574017094017094,0.1523809523809524,1.2563690134025287,19.2998827959758
mental_arithmetic,envelope_8_30hz,789,1,0.5095238095238095,0.5012796569136059,0.01904761904761909,1.2563690134025287,19.2998827959758
mental_arithmetic,envelope_8_30hz,789,2,0.5238095238095238,0.5227272727272727,0.04761904761904767,1.2563690134025287,19.2998827959758
mental_arithmetic,envelope_8_30hz,789,3,0.6095238095238096,0.6066337719298245,0.21904761904761905,1.2563690134025287,19.2998827959758
mental_arithmetic,envelope_8_30hz,789,4,0.5458333333333333,0.5440522875816993,0.09166666666666667,1.2563690134025287,19.2998827959758
mental_arithmetic,envelope_8_30hz,2024,0,0.5428571428571428,0.5386727688787185,0.08571428571428574,1.2563690134025287,19.2998827959758
mental_arithmetic,envelope_8_30hz,2024,1,0.5285714285714286,0.5246804910949039,0.05714285714285716,1.2563690134025287,19.2998827959758
mental_arithmetic,envelope_8_30hz,2024,2,0.5476190476190477,0.5473624503686898,0.09523809523809523,1.2563690134025287,19.2998827959758
mental_arithmetic,envelope_8_30hz,2024,3,0.5476190476190477,0.543049543049543,0.09523809523809523,1.2563690134025287,19.2998827959758
mental_arithmetic,envelope_8_30hz,2024,4,0.5958333333333333,0.5952641735774267,0.19166666666666665,1.2563690134025287,19.2998827959758
mental_arithmetic,spectral_500ms,42,0,0.5095238095238095,0.5092456040839478,0.01904761904761909,1.553844629440238,735.4594666702715
mental_arithmetic,spectral_500ms,42,1,0.5333333333333333,0.5329520697167756,0.06666666666666665,1.553844629440238,735.4594666702715
mental_arithmetic,spectral_500ms,42,2,0.5047619047619047,0.5036363636363637,0.00952380952380949,1.553844629440238,735.4594666702715
mental_arithmetic,spectral_500ms,42,3,0.4714285714285714,0.4708406165580804,-0.05714285714285716,1.553844629440238,735.4594666702715
mental_arithmetic,spectral_500ms,42,4,0.6041666666666666,0.5998244844229925,0.20833333333333337,1.553844629440238,735.4594666702715
mental_arithmetic,spectral_500ms,123,0,0.3904761904761905,0.38240970499035015,-0.21904761904761916,1.553844629440238,735.4594666702715
mental_arithmetic,spectral_500ms,123,1,0.5047619047619047,0.5025510204081632,0.00952380952380949,1.553844629440238,735.4594666702715
mental_arithmetic,spectral_500ms,123,2,0.5047619047619047,0.5018702673113766,0.00952380952380949,1.553844629440238,735.4594666702715
mental_arithmetic,spectral_500ms,123,3,0.5619047619047619,0.5570432868672046,0.12380952380952381,1.553844629440238,735.4594666702715
mental_arithmetic,spectral_500ms,123,4,0.49166666666666664,0.49039264828738516,-0.016666666666666607,1.553844629440238,735.4594666702715
mental_arithmetic,spectral_500ms,456,0,0.47619047619047616,0.47576252723311546,-0.04761904761904767,1.553844629440238,735.4594666702715
mental_arithmetic,spectral_500ms,456,1,0.5571428571428572,0.5542215425349798,0.11428571428571432,1.553844629440238,735.4594666702715
mental_arithmetic,spectral_500ms,456,2,0.44761904761904764,0.4053315105946685,-0.10476190476190483,1.553844629440238,735.4594666702715
mental_arithmetic,spectral_500ms,456,3,0.49523809523809526,0.49482570806100223,-0.00952380952380949,1.553844629440238,735.4594666702715
mental_arithmetic,spectral_500ms,456,4,0.5,0.4994438264738599,0.0,1.553844629440238,735.4594666702715
mental_arithmetic,spectral_500ms,789,0,0.5666666666666667,0.5658692837183943,0.1333333333333333,1.553844629440238,735.4594666702715
mental_arithmetic,spectral_500ms,789,1,0.4857142857142857,0.48552762907177205,-0.02857142857142847,1.553844629440238,735.4594666702715
mental_arithmetic,spectral_500ms,789,2,0.5666666666666667,0.5665782132407975,0.1333333333333333,1.553844629440238,735.4594666702715
mental_arithmetic,spectral_500ms,789,3,0.46190476190476193,0.4499177078745451,-0.07619047619047614,1.553844629440238,735.4594666702715
mental_arithmetic,spectral_500ms,789,4,0.49583333333333335,0.49561441597915756,-0.008333333333333304,1.553844629440238,735.4594666702715
mental_arithmetic,spectral_500ms,2024,0,0.5238095238095238,0.5227272727272727,0.04761904761904767,1.553844629440238,735.4594666702715
mental_arithmetic,spectral_500ms,2024,1,0.45714285714285713,0.45714285714285713,-0.08571428571428563,1.553844629440238,735.4594666702715
mental_arithmetic,spectral_500ms,2024,2,0.6142857142857143,0.6117413434982082,0.22857142857142854,1.553844629440238,735.4594666702715
mental_arithmetic,spectral_500ms,2024,3,0.5190476190476191,0.5036390442535864,0.03809523809523807,1.553844629440238,735.4594666702715
mental_arithmetic,spectral_500ms,2024,4,0.5041666666666667,0.5016663467746156,0.008333333333333304,1.553844629440238,735.4594666702715
mental_arithmetic,delta_quant,42,0,0.580952380952381,0.5808002903547772,0.16190476190476188,1.2760762537862835,2.5631884224303856
mental_arithmetic,delta_quant,42,1,0.6428571428571429,0.6426545660805445,0.2857142857142857,1.2760762537862835,2.5631884224303856
mental_arithmetic,delta_quant,42,2,0.6952380952380952,0.6951274838943835,0.3904761904761904,1.2760762537862835,2.5631884224303856
mental_arithmetic,delta_quant,42,3,0.6190476190476191,0.6190130624092889,0.23809523809523814,1.2760762537862835,2.5631884224303856
mental_arithmetic,delta_quant,42,4,0.5708333333333333,0.5296714168838829,0.14166666666666672,1.2760762537862835,2.5631884224303856
mental_arithmetic,delta_quant,123,0,0.5904761904761905,0.5891345891345892,0.18095238095238098,1.2760762537862835,2.5631884224303856
mental_arithmetic,delta_quant,123,1,0.5190476190476191,0.5189494454650609,0.03809523809523807,1.2760762537862835,2.5631884224303856
mental_arithmetic,delta_quant,123,2,0.5714285714285714,0.5143385753931544,0.1428571428571429,1.2760762537862835,2.5631884224303856
mental_arithmetic,delta_quant,123,3,0.6619047619047619,0.6584896584896585,0.32380952380952377,1.2760762537862835,2.5631884224303856
mental_arithmetic,delta_quant,123,4,0.6125,0.610056080644316,0.22499999999999998,1.2760762537862835,2.5631884224303856
mental_arithmetic,delta_quant,456,0,0.6714285714285714,0.6650408007582237,0.34285714285714286,1.2760762537862835,2.5631884224303856
mental_arithmetic,delta_quant,456,1,0.6047619047619047,0.6014998056654245,0.20952380952380956,1.2760762537862835,2.5631884224303856
mental_arithmetic,delta_quant,456,2,0.5428571428571428,0.5357406042741342,0.08571428571428574,1.2760762537862835,2.5631884224303856
mental_arithmetic,delta_quant,456,3,0.5333333333333333,0.49479575805184606,0.06666666666666665,1.2760762537862835,2.5631884224303856
mental_arithmetic,delta_quant,456,4,0.625,0.6248958043901084,0.25,1.2760762537862835,2.5631884224303856
mental_arithmetic,delta_quant,789,0,0.5666666666666667,0.5665782132407975,0.1333333333333333,1.2760762537862835,2.5631884224303856
mental_arithmetic,delta_quant,789,1,0.6333333333333333,0.6326586246847952,0.2666666666666667,1.2760762537862835,2.5631884224303856
mental_arithmetic,delta_quant,789,2,0.7047619047619048,0.7001658069270449,0.4095238095238095,1.2760762537862835,2.5631884224303856
mental_arithmetic,delta_quant,789,3,0.5666666666666667,0.5604370327774584,0.1333333333333333,1.2760762537862835,2.5631884224303856
mental_arithmetic,delta_quant,789,4,0.6041666666666666,0.6036092421634591,0.20833333333333337,1.2760762537862835,2.5631884224303856
mental_arithmetic,delta_quant,2024,0,0.5238095238095238,0.46803120883574834,0.04761904761904767,1.2760762537862835,2.5631884224303856
mental_arithmetic,delta_quant,2024,1,0.6047619047619047,0.5959572544565243,0.20952380952380956,1.2760762537862835,2.5631884224303856
mental_arithmetic,delta_quant,2024,2,0.638095238095238,0.6377995642701525,0.2761904761904762,1.2760762537862835,2.5631884224303856
mental_arithmetic,delta_quant,2024,3,0.5952380952380952,0.5757575757575757,0.19047619047619047,1.2760762537862835,2.5631884224303856
mental_arithmetic,delta_quant,2024,4,0.6083333333333333,0.6076521739130435,0.21666666666666667,1.2760762537862835,2.5631884224303856
mental_arithmetic,multiband_alpha_beta,42,0,0.5285714285714286,0.5285607383387378,0.05714285714285716,1.4374064082956766,2.8920555701922424
mental_arithmetic,multiband_alpha_beta,42,1,0.5238095238095238,0.5216836734693877,0.04761904761904767,1.4374064082956766,2.8920555701922424
mental_arithmetic,multiband_alpha_beta,42,2,0.5095238095238095,0.5092456040839478,0.01904761904761909,1.4374064082956766,2.8920555701922424
mental_arithmetic,multiband_alpha_beta,42,3,0.4666666666666667,0.46589154328276866,-0.06666666666666665,1.4374064082956766,2.8920555701922424
mental_arithmetic,multiband_alpha_beta,42,4,0.44166666666666665,0.44026733500417714,-0.1166666666666667,1.4374064082956766,2.8920555701922424
mental_arithmetic,multiband_alpha_beta,123,0,0.4523809523809524,0.4502742937788805,-0.09523809523809534,1.4374064082956766,2.8920555701922424
mental_arithmetic,multiband_alpha_beta,123,1,0.49047619047619045,0.49018718094157687,-0.01904761904761898,1.4374064082956766,2.8920555701922424
mental_arithmetic,multiband_alpha_beta,123,2,0.44285714285714284,0.44254112308564947,-0.11428571428571432,1.4374064082956766,2.8920555701922424
mental_arithmetic,multiband_alpha_beta,123,3,0.5476190476190477,0.5476087893149504,0.09523809523809523,1.4374064082956766,2.8920555701922424
mental_arithmetic,multiband_alpha_beta,123,4,0.5291666666666667,0.528503624889167,0.05833333333333335,1.4374064082956766,2.8920555701922424
mental_arithmetic,multiband_alpha_beta,456,0,0.47619047619047616,0.47619047619047616,-0.04761904761904767,1.4374064082956766,2.8920555701922424
mental_arithmetic,multiband_alpha_beta,456,1,0.5,0.4999886618744189,0.0,1.4374064082956766,2.8920555701922424
mental_arithmetic,multiband_alpha_beta,456,2,0.46190476190476193,0.46189255992199374,-0.07619047619047614,1.4374064082956766,2.8920555701922424
mental_arithmetic,multiband_alpha_beta,456,3,0.49047619047619045,0.488516082037741,-0.01904761904761898,1.4374064082956766,2.8920555701922424
mental_arithmetic,multiband_alpha_beta,456,4,0.49166666666666664,0.4916313632891173,-0.016666666666666607,1.4374064082956766,2.8920555701922424
mental_arithmetic,multiband_alpha_beta,789,0,0.5047619047619047,0.5043572984749455,0.00952380952380949,1.4374064082956766,2.8920555701922424
mental_arithmetic,multiband_alpha_beta,789,1,0.5476190476190477,0.5475267061305028,0.09523809523809523,1.4374064082956766,2.8920555701922424
mental_arithmetic,multiband_alpha_beta,789,2,0.5380952380952381,0.5368243934605152,0.07619047619047614,1.4374064082956766,2.8920555701922424
mental_arithmetic,multiband_alpha_beta,789,3,0.48095238095238096,0.4809406108982063,-0.03809523809523818,1.4374064082956766,2.8920555701922424
mental_arithmetic,multiband_alpha_beta,789,4,0.55,0.5498749652681301,0.09999999999999998,1.4374064082956766,2.8920555701922424
mental_arithmetic,multiband_alpha_beta,2024,0,0.4857142857142857,0.484029484029484,-0.02857142857142847,1.4374064082956766,2.8920555701922424
mental_arithmetic,multiband_alpha_beta,2024,1,0.41904761904761906,0.4156555058844996,-0.161904761904762,1.4374064082956766,2.8920555701922424
mental_arithmetic,multiband_alpha_beta,2024,2,0.5428571428571428,0.5426912258415751,0.08571428571428574,1.4374064082956766,2.8920555701922424
mental_arithmetic,multiband_alpha_beta,2024,3,0.47619047619047616,0.47576252723311546,-0.04761904761904767,1.4374064082956766,2.8920555701922424
mental_arithmetic,multiband_alpha_beta,2024,4,0.4708333333333333,0.4708241462525391,-0.05833333333333335,1.4374064082956766,2.8920555701922424
epfl_p300,raw,42,0,0.6099537037037037,0.4823265861268901,0.00295857988165682,1.5951971447264282,0.7769659028336195
epfl_p300,raw,42,1,0.5752314814814815,0.47402277496247025,0.011669658886894196,1.5951971447264282,0.7769659028336195
epfl_p300,raw,42,2,0.5983796296296297,0.48311817279046676,0.014204545454545414,1.5951971447264282,0.7769659028336195
epfl_p300,raw,42,3,0.6099537037037037,0.48545163120216445,0.010763209393346407,1.5951971447264282,0.7769659028336195
epfl_p300,raw,42,4,0.5792824074074074,0.4844866619639764,0.035809018567639295,1.5951971447264282,0.7769659028336195
epfl_p300,raw,42,5,0.5665509259259259,0.4602015685898332,-0.01674208144796374,1.5951971447264282,0.7769659028336195
epfl_p300,raw,42,6,0.59375,0.48078967688032775,0.012195121951219634,1.5951971447264282,0.7769659028336195
epfl_p300,raw,42,7,0.6128472222222222,0.4817912492385097,-0.0004985044865404298,1.5951971447264282,0.7769659028336195
epfl_p300,raw,42,8,0.5792824074074074,0.48696918154363855,0.04258121158911321,1.5951971447264282,0.7769659028336195
epfl_p300,raw,42,9,0.6006944444444444,0.4896650670191256,0.02908067542213899,1.5951971447264282,0.7769659028336195
epfl_p300,raw,123,0,0.609375,0.48195342288705256,0.0024630541871920597,1.5951971447264282,0.7769659028336195
epfl_p300,raw,123,1,0.5769675925925926,0.47518076433930806,0.013051305130513113,1.5951971447264282,0.7769659028336195
epfl_p300,raw,123,2,0.5983796296296297,0.48238909558626764,0.012333965844402384,1.5951971447264282,0.7769659028336195
epfl_p300,raw,123,3,0.6111111111111112,0.4854289598647209,0.00982318271119842,1.5951971447264282,0.7769659028336195
epfl_p300,raw,123,4,0.5804398148148148,0.48527795524531264,0.036758193091231295,1.5951971447264282,0.7769659028336195
epfl_p300,raw,123,5,0.5653935185185185,0.46013815539049385,-0.015779981965734935,1.5951971447264282,0.7769659028336195
epfl_p300,raw,123,6,0.5949074074074074,0.48155259909477444,0.013157894736842035,1.5951971447264282,0.7769659028336195
epfl_p300,raw,123,7,0.6128472222222222,0.4817912492385097,-0.0004985044865404298,1.5951971447264282,0.7769659028336195
epfl_p300,raw,123,8,0.578125,0.48555781753137894,0.039947322212466996,1.5951971447264282,0.7769659028336195
epfl_p300,raw,123,9,0.6001157407407407,0.4885723647437504,0.026760563380281654,1.5951971447264282,0.7769659028336195
epfl_p300,raw,456,0,0.6105324074074074,0.4819070836023047,0.0014836795252225476,1.5951971447264282,0.7769659028336195
epfl_p300,raw,456,1,0.5758101851851852,0.4737448703976919,0.010351035103510431,1.5951971447264282,0.7769659028336195
epfl_p300,raw,456,2,0.5972222222222222,0.48089742151014736,0.00948766603415574,1.5951971447264282,0.7769659028336195
epfl_p300,raw,456,3,0.6116898148148148,0.4850233285292034,0.008374384236453092,1.5951971447264282,0.7769659028336195
epfl_p300,raw,456,4,0.5798611111111112,0.4848822790319534,0.03628318584070789,1.5951971447264282,0.7769659028336195
epfl_p300,raw,456,5,0.5688657407407407,0.4644512992888388,-0.007664562669071229,1.5951971447264282,0.7769659028336195
epfl_p300,raw,456,6,0.5949074074074074,0.48155259909477444,0.013157894736842035,1.5951971447264282,0.7769659028336195
epfl_p300,raw,456,7,0.6105324074074074,0.47950293045457293,-0.004477611940298498,1.5951971447264282,0.7769659028336195
epfl_p300,raw,456,8,0.5787037037037037,0.48657067293564504,0.04210526315789476,1.5951971447264282,0.7769659028336195
epfl_p300,raw,456,9,0.5989583333333334,0.48779940110155906,0.025773195876288568,1.5951971447264282,0.7769659028336195
epfl_p300,raw,789,0,0.609375,0.48195342288705256,0.0024630541871920597,1.5951971447264282,0.7769659028336195
epfl_p300,raw,789,1,0.5769675925925926,0.4745153017183103,0.011271415689810493,1.5951971447264282,0.7769659028336195
epfl_p300,raw,789,2,0.5983796296296297,0.4816561663635295,0.010456273764258395,1.5951971447264282,0.7769659028336195
epfl_p300,raw,789,3,0.609375,0.4850747158176624,0.01026392961876832,1.5951971447264282,0.7769659028336195
epfl_p300,raw,789,4,0.5804398148148148,0.48527795524531264,0.036758193091231295,1.5951971447264282,0.7769659028336195
epfl_p300,raw,789,5,0.5648148148148148,0.4604448460046239,-0.014388489208633226,1.5951971447264282,0.7769659028336195
epfl_p300,raw,789,6,0.5949074074074074,0.48155259909477444,0.013157894736842035,1.5951971447264282,0.7769659028336195
epfl_p300,raw,789,7,0.6128472222222222,0.48098160004992496,-0.0024975024975024684,1.5951971447264282,0.7769659028336195
epfl_p300,raw,789,8,0.5787037037037037,0.48657067293564504,0.04210526315789476,1.5951971447264282,0.7769659028336195
epfl_p300,raw,789,9,0.6006944444444444,0.4889589905362776,0.02725563909774431,1.5951971447264282,0.7769659028336195
epfl_p300,raw,2024,0,0.6122685185185185,0.48539883190655253,0.00887573964497046,1.5951971447264282,0.7769659028336195
epfl_p300,raw,2024,1,0.5769675925925926,0.4745153017183103,0.011271415689810493,1.5951971447264282,0.7769659028336195
epfl_p300,raw,2024,2,0.5983796296296297,0.48238909558626764,0.012333965844402384,1.5951971447264282,0.7769659028336195
epfl_p300,raw,2024,3,0.6099537037037037,0.48545163120216445,0.010763209393346407,1.5951971447264282,0.7769659028336195
epfl_p300,raw,2024,4,0.5804398148148148,0.48464782828505126,0.03504880212954742,1.5951971447264282,0.7769659028336195
epfl_p300,raw,2024,5,0.5636574074074074,0.459009858892934,-0.017086330935251803,1.5951971447264282,0.7769659028336195
epfl_p300,raw,2024,6,0.59375,0.48078967688032775,0.012195121951219634,1.5951971447264282,0.7769659028336195
epfl_p300,raw,2024,7,0.6116898148148148,0.48104972709512395,-0.0014925373134329067,1.5951971447264282,0.7769659028336195
epfl_p300,raw,2024,8,0.578125,0.48617222142229866,0.04163014899211226,1.5951971447264282,0.7769659028336195
epfl_p300,raw,2024,9,0.5995370370370371,0.48818583532932597,0.026266416510319024,1.5951971447264282,0.7769659028336195
epfl_p300,downsample_64hz,42,0,0.5844907407407407,0.4802045156327768,0.01912568306010931,1.1826666666666665,18.484375
epfl_p300,downsample_64hz,42,1,0.6006944444444444,0.4853724437385082,0.018026565464895783,1.1826666666666665,18.484375
epfl_p300,downsample_64hz,42,2,0.5931712962962963,0.4880582579507311,0.031680440771349905,1.1826666666666665,18.484375
epfl_p300,downsample_64hz,42,3,0.6145833333333334,0.49680641934197545,0.0357142857142857,1.1826666666666665,18.484375
epfl_p300,downsample_64hz,42,4,0.5862268518518519,0.4813653450197397,0.020547945205479423,1.1826666666666665,18.484375
epfl_p300,downsample_64hz,42,5,0.6203703703703703,0.4991932790335607,0.03718199608610573,1.1826666666666665,18.484375
epfl_p300,downsample_64hz,42,6,0.5833333333333334,0.4801018267641253,0.019963702359346747,1.1826666666666665,18.484375
epfl_p300,downsample_64hz,42,7,0.6018518518518519,0.4854070899883132,0.017142857142857126,1.1826666666666665,18.484375
epfl_p300,downsample_64hz,42,8,0.5960648148148148,0.5029244007780818,0.06850533807829173,1.1826666666666665,18.484375
epfl_p300,downsample_64hz,42,9,0.5983796296296297,0.4922561819293412,0.037892791127541514,1.1826666666666665,18.484375
epfl_p300,downsample_64hz,123,0,0.5856481481481481,0.480978333825543,0.02007299270073004,1.1826666666666665,18.484375
epfl_p300,downsample_64hz,123,1,0.6053240740740741,0.4891669209642966,0.02385496183206115,1.1826666666666665,18.484375
epfl_p300,downsample_64hz,123,2,0.5931712962962963,0.4873807842907232,0.02989880404783818,1.1826666666666665,18.484375
epfl_p300,downsample_64hz,123,3,0.6157407407407407,0.49758203648401306,0.03675048355899424,1.1826666666666665,18.484375
epfl_p300,downsample_64hz,123,4,0.5856481481481481,0.480978333825543,0.02007299270073004,1.1826666666666665,18.484375
epfl_p300,downsample_64hz,123,5,0.6203703703703703,0.4999435347261434,0.0390625,1.1826666666666665,18.484375
epfl_p300,downsample_64hz,123,6,0.5844907407407407,0.4815459883564472,0.02268602540834852,1.1826666666666665,18.484375
epfl_p300,downsample_64hz,123,7,0.6012731481481481,0.4850253661098046,0.01665080875356817,1.1826666666666665,18.484375
epfl_p300,downsample_64hz,123,8,0.5966435185185185,0.5020965491582179,0.06568364611260058,1.1826666666666665,18.484375
epfl_p300,downsample_64hz,123,9,0.5995370370370371,0.49439502080303077,0.042435424354243634,1.1826666666666665,18.484375
epfl_p300,downsample_64hz,456,0,0.5844907407407407,0.48087698744769874,0.020909090909090766,1.1826666666666665,18.484375
epfl_p300,downsample_64hz,456,1,0.6018518518518519,0.48613752515577563,0.019011406844106404,1.1826666666666665,18.484375
epfl_p300,downsample_64hz,456,2,0.5925925925925926,0.48699125553276473,0.02941176470588225,1.1826666666666665,18.484375
epfl_p300,downsample_64hz,456,3,0.6134259259259259,0.4967633928571428,0.03653846153846163,1.1826666666666665,18.484375
epfl_p300,downsample_64hz,456,4,0.5879629629629629,0.4832040996345613,0.023765996343692808,1.1826666666666665,18.484375
epfl_p300,downsample_64hz,456,5,0.6203703703703703,0.4991932790335607,0.03718199608610573,1.1826666666666665,18.484375
epfl_p300,downsample_64hz,456,6,0.5850694444444444,0.4819344665765993,0.023160762942779245,1.1826666666666665,18.484375
epfl_p300,downsample_64hz,456,7,0.6018518518518519,0.48613752515577563,0.019011406844106404,1.1826666666666665,18.484375
epfl_p300,downsample_64hz,456,8,0.5954861111111112,0.5025187656380317,0.06799999999999995,1.1826666666666665,18.484375
epfl_p300,downsample_64hz,456,9,0.6006944444444444,0.4945054945054945,0.04166666666666663,1.1826666666666665,18.484375
epfl_p300,downsample_64hz,789,0,0.5856481481481481,0.480978333825543,0.02007299270073004,1.1826666666666665,18.484375
epfl_p300,downsample_64hz,789,1,0.6024305555555556,0.4843146666782505,0.013875598086124374,1.1826666666666665,18.484375
epfl_p300,downsample_64hz,789,2,0.5949074074074074,0.4899060779445104,0.03492647058823517,1.1826666666666665,18.484375
epfl_p300,downsample_64hz,789,3,0.6192129629629629,0.5013892397069968,0.043604651162790664,1.1826666666666665,18.484375
epfl_p300,downsample_64hz,789,4,0.5879629629629629,0.48184597761175174,0.020183486238532167,1.1826666666666665,18.484375
epfl_p300,downsample_64hz,789,5,0.6221064814814815,0.5011086386271362,0.04064642507345739,1.1826666666666665,18.484375
epfl_p300,downsample_64hz,789,6,0.5862268518518519,0.48337955872003974,0.02588555858310626,1.1826666666666665,18.484375
epfl_p300,downsample_64hz,789,7,0.6001157407407407,0.4842622071394419,0.015669515669515688,1.1826666666666665,18.484375
epfl_p300,downsample_64hz,789,8,0.5960648148148148,0.5023098976514803,0.0668449197860963,1.1826666666666665,18.484375
epfl_p300,downsample_64hz,789,9,0.5978009259259259,0.49050011984888436,0.03382761816496749,1.1826666666666665,18.484375
epfl_p300,downsample_64hz,2024,0,0.5844907407407407,0.48087698744769874,0.020909090909090766,1.1826666666666665,18.484375
epfl_p300,downsample_64hz,2024,1,0.6047453703703703,0.4873172013700802,0.019617224880382755,1.1826666666666665,18.484375
epfl_p300,downsample_64hz,2024,2,0.5960648148148148,0.49001116260190103,0.03413284132841343,1.1826666666666665,18.484375
epfl_p300,downsample_64hz,2024,3,0.6168981481481481,0.4990953436030371,0.039651837524178,1.1826666666666665,18.484375
epfl_p300,downsample_64hz,2024,4,0.5873842592592593,0.48213957715025957,0.02150045745654172,1.1826666666666665,18.484375
epfl_p300,downsample_64hz,2024,5,0.6209490740740741,0.4995806405831152,0.03770812928501466,1.1826666666666665,18.484375
epfl_p300,downsample_64hz,2024,6,0.5839120370370371,0.48048937443315887,0.02043596730245234,1.1826666666666665,18.484375
epfl_p300,downsample_64hz,2024,7,0.6001157407407407,0.4835305195673077,0.013796384395813654,1.1826666666666665,18.484375
epfl_p300,downsample_64hz,2024,8,0.5931712962962963,0.49905463254793947,0.060997328584149746,1.1826666666666665,18.484375
epfl_p300,downsample_64hz,2024,9,0.5983796296296297,0.49293373473598756,0.03966789667896686,1.1826666666666665,18.484375
epfl_p300,envelope_8_30hz,42,0,0.5734953703703703,0.4661030058787797,-0.007748404740200554,1.5878333333333332,24.005208333333336
epfl_p300,envelope_8_30hz,42,1,0.5914351851851852,0.4726934487790372,-0.0066539923954374025,1.5878333333333332,24.005208333333336
epfl_p300,envelope_8_30hz,42,2,0.5798611111111112,0.47235176548967356,0.0027472527472527375,1.5878333333333332,24.005208333333336
epfl_p300,envelope_8_30hz,42,3,0.5949074074074074,0.4801086545404532,0.009433962264151052,1.5878333333333332,24.005208333333336
epfl_p300,envelope_8_30hz,42,4,0.5925925925925926,0.4800270819228165,0.011235955056179803,1.5878333333333332,24.005208333333336
epfl_p300,envelope_8_30hz,42,5,0.5688657407407407,0.4637695828694175,-0.009485094850948617,1.5878333333333332,24.005208333333336
epfl_p300,envelope_8_30hz,42,6,0.5619212962962963,0.45582501149214893,-0.02389540126239864,1.5878333333333332,24.005208333333336
epfl_p300,envelope_8_30hz,42,7,0.5787037037037037,0.46879892981469373,-0.005524861878453136,1.5878333333333332,24.005208333333336
epfl_p300,envelope_8_30hz,42,8,0.6174768518518519,0.5059532177047618,0.056612749762131376,1.5878333333333332,24.005208333333336
epfl_p300,envelope_8_30hz,42,9,0.5954861111111112,0.4902975365849439,0.0354185832566698,1.5878333333333332,24.005208333333336
epfl_p300,envelope_8_30hz,123,0,0.5729166666666666,0.4657255327813221,-0.008196721311475308,1.5878333333333332,24.005208333333336
epfl_p300,envelope_8_30hz,123,1,0.5925925925925926,0.47343981301129723,-0.005714285714285783,1.5878333333333332,24.005208333333336
epfl_p300,envelope_8_30hz,123,2,0.5804398148148148,0.47273237674887825,0.0032080659945004086,1.5878333333333332,24.005208333333336
epfl_p300,envelope_8_30hz,123,3,0.5960648148148148,0.4815940583846233,0.01226415094339628,1.5878333333333332,24.005208333333336
epfl_p300,envelope_8_30hz,123,4,0.5949074074074074,0.4822689085701274,0.01500938086303949,1.5878333333333332,24.005208333333336
epfl_p300,envelope_8_30hz,123,5,0.5694444444444444,0.4641476341556534,-0.00904159132007254,1.5878333333333332,24.005208333333336
epfl_p300,envelope_8_30hz,123,6,0.5613425925925926,0.455451620145177,-0.024324324324324298,1.5878333333333332,24.005208333333336
epfl_p300,envelope_8_30hz,123,7,0.5792824074074074,0.47058087273141036,-0.0013774104683195176,1.5878333333333332,24.005208333333336
epfl_p300,envelope_8_30hz,123,8,0.6163194444444444,0.5051604100339363,0.05555555555555558,1.5878333333333332,24.005208333333336
epfl_p300,envelope_8_30hz,123,9,0.5943287037037037,0.488160093635847,0.030875576036866303,1.5878333333333332,24.005208333333336
epfl_p300,envelope_8_30hz,456,0,0.5729166666666666,0.4657255327813221,-0.008196721311475308,1.5878333333333332,24.005208333333336
epfl_p300,envelope_8_30hz,456,1,0.5920138888888888,0.47306659376982907,-0.006184586108467949,1.5878333333333332,24.005208333333336
epfl_p300,envelope_8_30hz,456,2,0.5798611111111112,0.47235176548967356,0.0027472527472527375,1.5878333333333332,24.005208333333336
epfl_p300,envelope_8_30hz,456,3,0.5960648148148148,0.4815940583846233,0.01226415094339628,1.5878333333333332,24.005208333333336
epfl_p300,envelope_8_30hz,456,4,0.59375,0.48078967688032775,0.012195121951219634,1.5878333333333332,24.005208333333336
epfl_p300,envelope_8_30hz,456,5,0.5700231481481481,0.46452572157843264,-0.008597285067873273,1.5878333333333332,24.005208333333336
epfl_p300,envelope_8_30hz,456,6,0.5625,0.45619842416895895,-0.023465703971119023,1.5878333333333332,24.005208333333336
epfl_p300,envelope_8_30hz,456,7,0.5792824074074074,0.47058087273141036,-0.0013774104683195176,1.5878333333333332,24.005208333333336
epfl_p300,envelope_8_30hz,456,8,0.6180555555555556,0.5063498246980912,0.05714285714285716,1.5878333333333332,24.005208333333336
epfl_p300,envelope_8_30hz,456,9,0.5954861111111112,0.4896204072060728,0.03364055299539159,1.5878333333333332,24.005208333333336
epfl_p300,envelope_8_30hz,789,0,0.5729166666666666,0.4657255327813221,-0.008196721311475308,1.5878333333333332,24.005208333333336
epfl_p300,envelope_8_30hz,789,1,0.5914351851851852,0.4726934487790372,-0.0066539923954374025,1.5878333333333332,24.005208333333336
epfl_p300,envelope_8_30hz,789,2,0.5804398148148148,0.47273237674887825,0.0032080659945004086,1.5878333333333332,24.005208333333336
epfl_p300,envelope_8_30hz,789,3,0.5954861111111112,0.4812132478160758,0.011781338360037585,1.5878333333333332,24.005208333333336
epfl_p300,envelope_8_30hz,789,4,0.5931712962962963,0.4804083390683926,0.011715089034676551,1.5878333333333332,24.005208333333336
epfl_p300,envelope_8_30hz,789,5,0.5700231481481481,0.46452572157843264,-0.008597285067873273,1.5878333333333332,24.005208333333336
epfl_p300,envelope_8_30hz,789,6,0.5625,0.45619842416895895,-0.023465703971119023,1.5878333333333332,24.005208333333336
epfl_p300,envelope_8_30hz,789,7,0.5798611111111112,0.4709597322681637,-0.0009191176470588758,1.5878333333333332,24.005208333333336
epfl_p300,envelope_8_30hz,789,8,0.6168981481481481,0.5055567465888422,0.056083650190113965,1.5878333333333332,24.005208333333336
epfl_p300,envelope_8_30hz,789,9,0.5954861111111112,0.4896204072060728,0.03364055299539159,1.5878333333333332,24.005208333333336
epfl_p300,envelope_8_30hz,2024,0,0.5729166666666666,0.4657255327813221,-0.008196721311475308,1.5878333333333332,24.005208333333336
epfl_p300,envelope_8_30hz,2024,1,0.5914351851851852,0.47194390338917025,-0.008571428571428674,1.5878333333333332,24.005208333333336
epfl_p300,envelope_8_30hz,2024,2,0.5804398148148148,0.47273237674887825,0.0032080659945004086,1.5878333333333332,24.005208333333336
epfl_p300,envelope_8_30hz,2024,3,0.5949074074074074,0.4801086545404532,0.009433962264151052,1.5878333333333332,24.005208333333336
epfl_p300,envelope_8_30hz,2024,4,0.59375,0.4815042777128085,0.014044943820224698,1.5878333333333332,24.005208333333336
epfl_p300,envelope_8_30hz,2024,5,0.5700231481481481,0.46452572157843264,-0.008597285067873273,1.5878333333333332,24.005208333333336
epfl_p300,envelope_8_30hz,2024,6,0.5630787037037037,0.45657185914954396,-0.023035230352303593,1.5878333333333332,24.005208333333336
epfl_p300,envelope_8_30hz,2024,7,0.578125,0.46912442396313364,-0.004132231404958775,1.5878333333333332,24.005208333333336
epfl_p300,envelope_8_30hz,2024,8,0.6168981481481481,0.5055567465888422,0.056083650190113965,1.5878333333333332,24.005208333333336
epfl_p300,envelope_8_30hz,2024,9,0.5954861111111112,0.48893974646525035,0.03185595567867039,1.5878333333333332,24.005208333333336
epfl_p300,spectral_500ms,42,0,0.5856481481481481,0.4740414765036763,0.0018587360594793934,1.1635,568.1666666666666
epfl_p300,spectral_500ms,42,1,0.5931712962962963,0.4789695745619886,0.007996237064910705,1.1635,568.1666666666666
epfl_p300,spectral_500ms,42,2,0.5775462962962963,0.4820441648668402,0.030973451327433565,1.1635,568.1666666666666
epfl_p300,spectral_500ms,42,3,0.5931712962962963,0.4730608117867976,-0.007163323782235054,1.1635,568.1666666666666
epfl_p300,spectral_500ms,42,4,0.5821759259259259,0.47317696061292436,0.002762430939226568,1.1635,568.1666666666666
epfl_p300,spectral_500ms,42,5,0.5989583333333334,0.48989918567309443,0.03122087604846213,1.1635,568.1666666666666
epfl_p300,spectral_500ms,42,6,0.5717592592592593,0.46427763449617665,-0.010928961748633892,1.1635,568.1666666666666
epfl_p300,spectral_500ms,42,7,0.5949074074074074,0.4864889189267211,0.025974025974026094,1.1635,568.1666666666666
epfl_p300,spectral_500ms,42,8,0.6035879629629629,0.4923103251421937,0.033396048918156285,1.1635,568.1666666666666
epfl_p300,spectral_500ms,42,9,0.6059027777777778,0.48734154881257186,0.018731988472622474,1.1635,568.1666666666666
epfl_p300,spectral_500ms,123,0,0.5833333333333334,0.47181717375319887,-0.0018552875695732052,1.1635,568.1666666666666
epfl_p300,spectral_500ms,123,1,0.59375,0.4786232506962831,0.006603773584905714,1.1635,568.1666666666666
epfl_p300,spectral_500ms,123,2,0.5787037037037037,0.48283210987449676,0.03191489361702127,1.1635,568.1666666666666
epfl_p300,spectral_500ms,123,3,0.59375,0.473433264979763,-0.006692160611854625,1.1635,568.1666666666666
epfl_p300,spectral_500ms,123,4,0.5804398148148148,0.47063633079313705,-0.0023041474654379446,1.1635,568.1666666666666
epfl_p300,spectral_500ms,123,5,0.5995370370370371,0.49028808380619815,0.03171641791044788,1.1635,568.1666666666666
epfl_p300,spectral_500ms,123,6,0.5694444444444444,0.4627718876562628,-0.012704174228675091,1.1635,568.1666666666666
epfl_p300,spectral_500ms,123,7,0.5902777777777778,0.4827047322666847,0.02029520295202958,1.1635,568.1666666666666
epfl_p300,spectral_500ms,123,8,0.6047453703703703,0.49379263076221647,0.03621825023518355,1.1635,568.1666666666666
epfl_p300,spectral_500ms,123,9,0.6070601851851852,0.48735887002519707,0.017839922854387735,1.1635,568.1666666666666
epfl_p300,spectral_500ms,456,0,0.5827546296296297,0.4714396926777635,-0.0023169601482855295,1.1635,568.1666666666666
epfl_p300,spectral_500ms,456,1,0.5943287037037037,0.4797288794264222,0.00895381715362853,1.1635,568.1666666666666
epfl_p300,spectral_500ms,456,2,0.5775462962962963,0.48267377082526786,0.03268551236749129,1.1635,568.1666666666666
epfl_p300,spectral_500ms,456,3,0.5960648148148148,0.4749238599894475,-0.004798464491362786,1.1635,568.1666666666666
epfl_p300,spectral_500ms,456,4,0.5798611111111112,0.4709597322681637,-0.0009191176470588758,1.1635,568.1666666666666
epfl_p300,spectral_500ms,456,5,0.5978009259259259,0.48912167263987405,0.03023255813953496,1.1635,568.1666666666666
epfl_p300,spectral_500ms,456,6,0.5706018518518519,0.4642160492485847,-0.009981851179673207,1.1635,568.1666666666666
epfl_p300,spectral_500ms,456,7,0.5920138888888888,0.4852394664953953,0.025345622119815614,1.1635,568.1666666666666
epfl_p300,spectral_500ms,456,8,0.6041666666666666,0.4926992073425115,0.03389830508474578,1.1635,568.1666666666666
epfl_p300,spectral_500ms,456,9,0.6053240740740741,0.48695998927335704,0.018234165067178454,1.1635,568.1666666666666
epfl_p300,spectral_500ms,789,0,0.5827546296296297,0.4714396926777635,-0.0023169601482855295,1.1635,568.1666666666666
epfl_p300,spectral_500ms,789,1,0.59375,0.4793491864831039,0.008474576271186418,1.1635,568.1666666666666
epfl_p300,spectral_500ms,789,2,0.578125,0.483068468461814,0.03315649867374004,1.1635,568.1666666666666
epfl_p300,spectral_500ms,789,3,0.59375,0.47267605633802817,-0.008620689655172376,1.1635,568.1666666666666
epfl_p300,spectral_500ms,789,4,0.5833333333333334,0.4739370158644251,0.0036900369003690647,1.1635,568.1666666666666
epfl_p300,spectral_500ms,789,5,0.5972222222222222,0.4907929432605497,0.03512014787430673,1.1635,568.1666666666666
epfl_p300,spectral_500ms,789,6,0.5688657407407407,0.46308433724889947,-0.011312217194570096,1.1635,568.1666666666666
epfl_p300,spectral_500ms,789,7,0.5925925925925926,0.48424908424908425,0.022222222222222254,1.1635,568.1666666666666
epfl_p300,spectral_500ms,789,8,0.6041666666666666,0.49410276208852455,0.03752345215759856,1.1635,568.1666666666666
epfl_p300,spectral_500ms,789,9,0.6035879629629629,0.48581593402416534,0.01674641148325351,1.1635,568.1666666666666
epfl_p300,spectral_500ms,2024,0,0.5815972222222222,0.469258385553869,-0.0069637883008355494,1.1635,568.1666666666666
epfl_p300,spectral_500ms,2024,1,0.5949074074074074,0.4801086545404532,0.009433962264151052,1.1635,568.1666666666666
epfl_p300,spectral_500ms,2024,2,0.5798611111111112,0.4829844053938215,0.03113879003558706,1.1635,568.1666666666666
epfl_p300,spectral_500ms,2024,3,0.5949074074074074,0.47568452298388214,-0.00190839694656475,1.1635,568.1666666666666
epfl_p300,spectral_500ms,2024,4,0.5804398148148148,0.47063633079313705,-0.0023041474654379446,1.1635,568.1666666666666
epfl_p300,spectral_500ms,2024,5,0.6035879629629629,0.4923103251421937,0.033396048918156285,1.1635,568.1666666666666
epfl_p300,spectral_500ms,2024,6,0.5706018518518519,0.4642160492485847,-0.009981851179673207,1.1635,568.1666666666666
epfl_p300,spectral_500ms,2024,7,0.5931712962962963,0.4860152242704878,0.02631578947368418,1.1635,568.1666666666666
epfl_p300,spectral_500ms,2024,8,0.6024305555555556,0.49153287203901086,0.032394366197183055,1.1635,568.1666666666666
epfl_p300,spectral_500ms,2024,9,0.6024305555555556,0.4850537378343243,0.015759312320916874,1.1635,568.1666666666666
epfl_p300,delta_quant,42,0,0.5879629629629629,0.4604698156100025,-0.03488372093023262,1.4172764613001498,0.6952489408165112
epfl_p300,delta_quant,42,1,0.5862268518518519,0.47226499514132864,-0.003274087932647163,1.4172764613001498,0.6952489408165112
epfl_p300,delta_quant,42,2,0.5694444444444444,0.46483019521389607,-0.0072202166064980755,1.4172764613001498,0.6952489408165112
epfl_p300,delta_quant,42,3,0.5920138888888888,0.4845529631731066,0.023545706371191133,1.4172764613001498,0.6952489408165112
epfl_p300,delta_quant,42,4,0.5775462962962963,0.4768891358618573,0.017055655296229877,1.4172764613001498,0.6952489408165112
epfl_p300,delta_quant,42,5,0.5798611111111112,0.46813186813186813,-0.008333333333333304,1.4172764613001498,0.6952489408165112
epfl_p300,delta_quant,42,6,0.5966435185185185,0.4883445293652099,0.029247910863509752,1.4172764613001498,0.6952489408165112
epfl_p300,delta_quant,42,7,0.5607638888888888,0.4529946469421674,-0.030316742081447856,1.4172764613001498,0.6952489408165112
epfl_p300,delta_quant,42,8,0.5561342592592593,0.4739517244527177,0.03238015138772088,1.4172764613001498,0.6952489408165112
epfl_p300,delta_quant,42,9,0.6059027777777778,0.5040791944017751,0.06198347107438018,1.4172764613001498,0.6952489408165112
epfl_p300,delta_quant,123,0,0.5862268518518519,0.46406611725115265,-0.024355300859598916,1.4172764613001498,0.6952489408165112
epfl_p300,delta_quant,123,1,0.5868055555555556,0.47264110297285655,-0.002808988764045006,1.4172764613001498,0.6952489408165112
epfl_p300,delta_quant,123,2,0.5671296296296297,0.46057692307692305,-0.016304347826086918,1.4172764613001498,0.6952489408165112
epfl_p300,delta_quant,123,3,0.5885416666666666,0.4808585257847179,0.017050691244239524,1.4172764613001498,0.6952489408165112
epfl_p300,delta_quant,123,4,0.5729166666666666,0.47247947025565595,0.009838998211091132,1.4172764613001498,0.6952489408165112
epfl_p300,delta_quant,123,5,0.5804398148148148,0.4685073192668218,-0.007877664504170712,1.4172764613001498,0.6952489408165112
epfl_p300,delta_quant,123,6,0.5972222222222222,0.4880392307102904,0.027932960893854775,1.4172764613001498,0.6952489408165112
epfl_p300,delta_quant,123,7,0.5601851851851852,0.4533211671539799,-0.028880866425992746,1.4172764613001498,0.6952489408165112
epfl_p300,delta_quant,123,8,0.5555555555555556,0.47182883341823745,0.027027027027026973,1.4172764613001498,0.6952489408165112
epfl_p300,delta_quant,123,9,0.6041666666666666,0.5028768699654775,0.06043956043956045,1.4172764613001498,0.6952489408165112
epfl_p300,delta_quant,456,0,0.5931712962962963,0.46610762810750944,-0.02478134110787167,1.4172764613001498,0.6952489408165112
epfl_p300,delta_quant,456,1,0.5873842592592593,0.473017277035226,-0.0023430178069354657,1.4172764613001498,0.6952489408165112
epfl_p300,delta_quant,456,2,0.5665509259259259,0.46225771886476297,-0.01125112511251114,1.4172764613001498,0.6952489408165112
epfl_p300,delta_quant,456,3,0.5850694444444444,0.47855050224682166,0.01420714940421619,1.4172764613001498,0.6952489408165112
epfl_p300,delta_quant,456,4,0.5798611111111112,0.47777785178130183,0.017148014440433346,1.4172764613001498,0.6952489408165112
epfl_p300,delta_quant,456,5,0.5810185185185185,0.4688828247184944,-0.007421150278293043,1.4172764613001498,0.6952489408165112
epfl_p300,delta_quant,456,6,0.5972222222222222,0.48942326796142555,0.03153988868274593,1.4172764613001498,0.6952489408165112
epfl_p300,delta_quant,456,7,0.5625,0.4548076923076923,-0.02717391304347827,1.4172764613001498,0.6952489408165112
epfl_p300,delta_quant,456,8,0.5549768518518519,0.47315047083465656,0.03148614609571787,1.4172764613001498,0.6952489408165112
epfl_p300,delta_quant,456,9,0.6035879629629629,0.503126239634296,0.06164383561643838,1.4172764613001498,0.6952489408165112
epfl_p300,delta_quant,789,0,0.5914351851851852,0.4665845826658178,-0.022200772200772212,1.4172764613001498,0.6952489408165112
epfl_p300,delta_quant,789,1,0.5868055555555556,0.47264110297285655,-0.002808988764045006,1.4172764613001498,0.6952489408165112
epfl_p300,delta_quant,789,2,0.5688657407407407,0.46308433724889947,-0.011312217194570096,1.4172764613001498,0.6952489408165112
epfl_p300,delta_quant,789,3,0.5879629629629629,0.48047367860997525,0.016574585635359074,1.4172764613001498,0.6952489408165112
epfl_p300,delta_quant,789,4,0.5746527777777778,0.4749511673332713,0.014745308310991967,1.4172764613001498,0.6952489408165112
epfl_p300,delta_quant,789,5,0.5798611111111112,0.46813186813186813,-0.008333333333333304,1.4172764613001498,0.6952489408165112
epfl_p300,delta_quant,789,6,0.5983796296296297,0.4895103823461804,0.030726256983240274,1.4172764613001498,0.6952489408165112
epfl_p300,delta_quant,789,7,0.5619212962962963,0.4551323144055692,-0.0257452574525745,1.4172764613001498,0.6952489408165112
epfl_p300,delta_quant,789,8,0.5555555555555556,0.47355108970748083,0.031932773109243584,1.4172764613001498,0.6952489408165112
epfl_p300,delta_quant,789,9,0.6053240740740741,0.5036783100157509,0.06146788990825702,1.4172764613001498,0.6952489408165112
epfl_p300,delta_quant,2024,0,0.5902777777777778,0.4666294642857143,-0.02115384615384608,1.4172764613001498,0.6952489408165112
epfl_p300,delta_quant,2024,1,0.5856481481481481,0.47188895244111695,-0.0037383177570093906,1.4172764613001498,0.6952489408165112
epfl_p300,delta_quant,2024,2,0.5665509259259259,0.4608904933814681,-0.01490514905149043,1.4172764613001498,0.6952489408165112
epfl_p300,delta_quant,2024,3,0.5891203703703703,0.4819330222093854,0.01933701657458564,1.4172764613001498,0.6952489408165112
epfl_p300,delta_quant,2024,4,0.5792824074074074,0.4773907309838736,0.016681695220919668,1.4172764613001498,0.6952489408165112
epfl_p300,delta_quant,2024,5,0.5798611111111112,0.46813186813186813,-0.008333333333333304,1.4172764613001498,0.6952489408165112
epfl_p300,delta_quant,2024,6,0.5960648148148148,0.4872638974854274,0.02695167286245348,1.4172764613001498,0.6952489408165112
epfl_p300,delta_quant,2024,7,0.5607638888888888,0.45369276966159455,-0.028455284552845628,1.4172764613001498,0.6952489408165112
epfl_p300,delta_quant,2024,8,0.5561342592592593,0.4728050548624412,0.029113924050632956,1.4172764613001498,0.6952489408165112
epfl_p300,delta_quant,2024,9,0.6053240740740741,0.5036783100157509,0.06146788990825702,1.4172764613001498,0.6952489408165112
epfl_p300,multiband_alpha_beta,42,0,0.6012731481481481,0.4850253661098046,0.01665080875356817,3.405416666666667,1.1891276041666667
epfl_p300,multiband_alpha_beta,42,1,0.6215277777777778,0.4898144553293305,0.013078470824949617,3.405416666666667,1.1891276041666667
epfl_p300,multiband_alpha_beta,42,2,0.5723379629629629,0.4674084902374989,-0.0031674208144796268,3.405416666666667,1.1891276041666667
epfl_p300,multiband_alpha_beta,42,3,0.5908564814814815,0.4911209330049372,0.04200542005420049,3.405416666666667,1.1891276041666667
epfl_p300,multiband_alpha_beta,42,4,0.5862268518518519,0.47863052740806133,0.013339466421343205,3.405416666666667,1.1891276041666667
epfl_p300,multiband_alpha_beta,42,5,0.5711805555555556,0.4732745389782387,0.013753327417923567,3.405416666666667,1.1891276041666667
epfl_p300,multiband_alpha_beta,42,6,0.5862268518518519,0.47153906462859274,-0.005154639175257936,3.405416666666667,1.1891276041666667
epfl_p300,multiband_alpha_beta,42,7,0.5792824074074074,0.46192779908640597,-0.023943661971830954,3.405416666666667,1.1891276041666667
epfl_p300,multiband_alpha_beta,42,8,0.6105324074074074,0.5118305974801186,0.07808219178082187,3.405416666666667,1.1891276041666667
epfl_p300,multiband_alpha_beta,42,9,0.5856481481481481,0.49382069543359863,0.054577464788732266,3.405416666666667,1.1891276041666667
epfl_p300,multiband_alpha_beta,123,0,0.5833333333333334,0.47110316072995384,-0.003717472118959231,3.405416666666667,1.1891276041666667
epfl_p300,multiband_alpha_beta,123,1,0.6168981481481481,0.48681341752935287,0.008982035928143728,3.405416666666667,1.1891276041666667
epfl_p300,multiband_alpha_beta,123,2,0.5891203703703703,0.48124344619964143,0.01752767527675292,3.405416666666667,1.1891276041666667
epfl_p300,multiband_alpha_beta,123,3,0.5798611111111112,0.48550843509471847,0.03798586572438167,3.405416666666667,1.1891276041666667
epfl_p300,multiband_alpha_beta,123,4,0.5873842592592593,0.48213957715025957,0.02150045745654172,3.405416666666667,1.1891276041666667
epfl_p300,multiband_alpha_beta,123,5,0.5665509259259259,0.46693355574089523,0.0013333333333332975,3.405416666666667,1.1891276041666667
epfl_p300,multiband_alpha_beta,123,6,0.5931712962962963,0.47969084285796887,0.009859154929577452,3.405416666666667,1.1891276041666667
epfl_p300,multiband_alpha_beta,123,7,0.5862268518518519,0.4693383006988472,-0.010838831291234863,3.405416666666667,1.1891276041666667
epfl_p300,multiband_alpha_beta,123,8,0.6116898148148148,0.5151715858757296,0.08583106267029972,3.405416666666667,1.1891276041666667
epfl_p300,multiband_alpha_beta,123,9,0.5746527777777778,0.4813237254946002,0.03204565408252846,3.405416666666667,1.1891276041666667
epfl_p300,multiband_alpha_beta,456,0,0.5972222222222222,0.4837991934362398,0.016949152542372836,3.405416666666667,1.1891276041666667
epfl_p300,multiband_alpha_beta,456,1,0.6122685185185185,0.4830246913580247,0.0029761904761904656,3.405416666666667,1.1891276041666667
epfl_p300,multiband_alpha_beta,456,2,0.5844907407407407,0.473992673992674,0.002777777777777768,3.405416666666667,1.1891276041666667
epfl_p300,multiband_alpha_beta,456,3,0.5798611111111112,0.4757693419871597,0.011796733212341315,3.405416666666667,1.1891276041666667
epfl_p300,multiband_alpha_beta,456,4,0.5839120370370371,0.4784638924044655,0.015068493150684925,3.405416666666667,1.1891276041666667
epfl_p300,multiband_alpha_beta,456,5,0.5688657407407407,0.4736357915886234,0.01715039577836408,3.405416666666667,1.1891276041666667
epfl_p300,multiband_alpha_beta,456,6,0.5827546296296297,0.4783707459424607,0.015923566878981,3.405416666666667,1.1891276041666667
epfl_p300,multiband_alpha_beta,456,7,0.5798611111111112,0.46377792823290453,-0.0196629213483146,3.405416666666667,1.1891276041666667
epfl_p300,multiband_alpha_beta,456,8,0.6099537037037037,0.5082012069987687,0.06906077348066297,3.405416666666667,1.1891276041666667
epfl_p300,multiband_alpha_beta,456,9,0.5902777777777778,0.4951796669588081,0.053475935828877,3.405416666666667,1.1891276041666667
epfl_p300,multiband_alpha_beta,789,0,0.5943287037037037,0.488160093635847,0.030875576036866303,3.405416666666667,1.1891276041666667
epfl_p300,multiband_alpha_beta,789,1,0.6111111111111112,0.482279508145559,0.001980198019801982,3.405416666666667,1.1891276041666667
epfl_p300,multiband_alpha_beta,789,2,0.5868055555555556,0.48509615384615384,0.029891304347826053,3.405416666666667,1.1891276041666667
epfl_p300,multiband_alpha_beta,789,3,0.5804398148148148,0.4794884461641564,0.021152115211521272,3.405416666666667,1.1891276041666667
epfl_p300,multiband_alpha_beta,789,4,0.5931712962962963,0.4853270957161009,0.024514338575393202,3.405416666666667,1.1891276041666667
epfl_p300,multiband_alpha_beta,789,5,0.5804398148148148,0.4794884461641564,0.021152115211521272,3.405416666666667,1.1891276041666667
epfl_p300,multiband_alpha_beta,789,6,0.5815972222222222,0.470684907827512,-0.003237742830712209,3.405416666666667,1.1891276041666667
epfl_p300,multiband_alpha_beta,789,7,0.5792824074074074,0.46559921727940784,-0.014418604651162736,3.405416666666667,1.1891276041666667
epfl_p300,multiband_alpha_beta,789,8,0.6111111111111112,0.5076923076923077,0.06666666666666665,3.405416666666667,1.1891276041666667
epfl_p300,multiband_alpha_beta,789,9,0.5740740740740741,0.4809285924184543,0.03157894736842104,3.405416666666667,1.1891276041666667
epfl_p300,multiband_alpha_beta,2024,0,0.5844907407407407,0.4760956478117446,0.008287292817679592,3.405416666666667,1.1891276041666667
epfl_p300,multiband_alpha_beta,2024,1,0.6267361111111112,0.49563381320585403,0.023713420787083717,3.405416666666667,1.1891276041666667
epfl_p300,multiband_alpha_beta,2024,2,0.5844907407407407,0.47952855263511157,0.017335766423357768,3.405416666666667,1.1891276041666667
epfl_p300,multiband_alpha_beta,2024,3,0.5839120370370371,0.48509512274470723,0.032735426008968505,3.405416666666667,1.1891276041666667
epfl_p300,multiband_alpha_beta,2024,4,0.5850694444444444,0.4819344665765993,0.023160762942779245,3.405416666666667,1.1891276041666667
epfl_p300,multiband_alpha_beta,2024,5,0.5671296296296297,0.4646627303632135,-0.005376344086021501,3.405416666666667,1.1891276041666667
epfl_p300,multiband_alpha_beta,2024,6,0.5821759259259259,0.47034999923584664,-0.004638218923933124,3.405416666666667,1.1891276041666667
epfl_p300,multiband_alpha_beta,2024,7,0.5873842592592593,0.47082266908850073,-0.008011310084825807,3.405416666666667,1.1891276041666667
epfl_p300,multiband_alpha_beta,2024,8,0.6082175925925926,0.5082868074764737,0.07090576395242465,3.405416666666667,1.1891276041666667
epfl_p300,multiband_alpha_beta,2024,9,0.5850694444444444,0.4940260016049365,0.05575065847234406,3.405416666666667,1.1891276041666667
ssvep_nakanishi,raw,42,0,0.09444444444444444,0.07412971788329914,0.012121212121212088,1.4233147449763566,5.348347843227796
ssvep_nakanishi,raw,42,1,0.07777777777777778,0.08250810657535648,-0.0060606060606061,1.4233147449763566,5.348347843227796
ssvep_nakanishi,raw,42,2,0.07222222222222222,0.06612271898149182,-0.0121212121212122,1.4233147449763566,5.348347843227796
ssvep_nakanishi,raw,42,3,0.11666666666666667,0.11423225060469466,0.036363636363636376,1.4233147449763566,5.348347843227796
ssvep_nakanishi,raw,42,4,0.10555555555555556,0.09345786942985586,0.024242424242424288,1.4233147449763566,5.348347843227796
ssvep_nakanishi,raw,42,5,0.05555555555555555,0.04722914202080869,-0.030303030303030276,1.4233147449763566,5.348347843227796
ssvep_nakanishi,raw,42,6,0.08888888888888889,0.0788281767830666,0.0060606060606061,1.4233147449763566,5.348347843227796
ssvep_nakanishi,raw,42,7,0.05555555555555555,0.04971551086984224,-0.030303030303030276,1.4233147449763566,5.348347843227796
ssvep_nakanishi,raw,42,8,0.07777777777777778,0.06944049616332808,-0.006060606060605878,1.4233147449763566,5.348347843227796
ssvep_nakanishi,raw,123,0,0.1,0.08041880037316142,0.018181818181818188,1.4233147449763566,5.348347843227796
ssvep_nakanishi,raw,123,1,0.06666666666666667,0.07235279816801556,-0.018181818181818077,1.4233147449763566,5.348347843227796
ssvep_nakanishi,raw,123,2,0.044444444444444446,0.04262896825396825,-0.042424242424242475,1.4233147449763566,5.348347843227796
ssvep_nakanishi,raw,123,3,0.10555555555555556,0.10120038861974345,0.024242424242424288,1.4233147449763566,5.348347843227796
ssvep_nakanishi,raw,123,4,0.1111111111111111,0.09390809448006153,0.030303030303030276,1.4233147449763566,5.348347843227796
ssvep_nakanishi,raw,123,5,0.05,0.041779556809890483,-0.036363636363636376,1.4233147449763566,5.348347843227796
ssvep_nakanishi,raw,123,6,0.1,0.09129519235091449,0.018181818181818188,1.4233147449763566,5.348347843227796
ssvep_nakanishi,raw,123,7,0.05555555555555555,0.050442769230434226,-0.030303030303030276,1.4233147449763566,5.348347843227796
ssvep_nakanishi,raw,123,8,0.1,0.08687702197132845,0.018181818181818188,1.4233147449763566,5.348347843227796
ssvep_nakanishi,raw,456,0,0.10555555555555556,0.09076425736736976,0.024242424242424288,1.4233147449763566,5.348347843227796
ssvep_nakanishi,raw,456,1,0.07222222222222222,0.07756868669912148,-0.012121212121211977,1.4233147449763566,5.348347843227796
ssvep_nakanishi,raw,456,2,0.08333333333333333,0.0710184709081768,0.0,1.4233147449763566,5.348347843227796
ssvep_nakanishi,raw,456,3,0.1111111111111111,0.11111552862840048,0.030303030303030276,1.4233147449763566,5.348347843227796
ssvep_nakanishi,raw,456,4,0.1,0.08321245338521761,0.018181818181818188,1.4233147449763566,5.348347843227796
ssvep_nakanishi,raw,456,5,0.06111111111111111,0.04960234298469593,-0.024242424242424176,1.4233147449763566,5.348347843227796
ssvep_nakanishi,raw,456,6,0.09444444444444444,0.0907570918097234,0.012121212121212088,1.4233147449763566,5.348347843227796
ssvep_nakanishi,raw,456,7,0.05555555555555555,0.05125220458553791,-0.030303030303030276,1.4233147449763566,5.348347843227796
ssvep_nakanishi,raw,456,8,0.1,0.0887031385087426,0.018181818181818188,1.4233147449763566,5.348347843227796
ssvep_nakanishi,raw,789,0,0.1111111111111111,0.0909511786279285,0.030303030303030276,1.4233147449763566,5.348347843227796
ssvep_nakanishi,raw,789,1,0.07222222222222222,0.07468735946091018,-0.0121212121212122,1.4233147449763566,5.348347843227796
ssvep_nakanishi,raw,789,2,0.06111111111111111,0.05303054089640071,-0.024242424242424176,1.4233147449763566,5.348347843227796
ssvep_nakanishi,raw,789,3,0.10555555555555556,0.10498914246053835,0.024242424242424288,1.4233147449763566,5.348347843227796
ssvep_nakanishi,raw,789,4,0.1111111111111111,0.0971757657742916,0.030303030303030276,1.4233147449763566,5.348347843227796
ssvep_nakanishi,raw,789,5,0.06111111111111111,0.048407992973210356,-0.024242424242424176,1.4233147449763566,5.348347843227796
ssvep_nakanishi,raw,789,6,0.08888888888888889,0.07761800620516378,0.0060606060606061,1.4233147449763566,5.348347843227796
ssvep_nakanishi,raw,789,7,0.05555555555555555,0.04972972429868982,-0.030303030303030276,1.4233147449763566,5.348347843227796
ssvep_nakanishi,raw,789,8,0.08333333333333333,0.07278708304285661,0.0,1.4233147449763566,5.348347843227796
ssvep_nakanishi,raw,2024,0,0.11666666666666667,0.09422944616443069,0.036363636363636376,1.4233147449763566,5.348347843227796
ssvep_nakanishi,raw,2024,1,0.08333333333333333,0.08379886718743206,0.0,1.4233147449763566,5.348347843227796
ssvep_nakanishi,raw,2024,2,0.06111111111111111,0.0496357094702683,-0.024242424242424176,1.4233147449763566,5.348347843227796
ssvep_nakanishi,raw,2024,3,0.12222222222222222,0.1137718099115158,0.042424242424242475,1.4233147449763566,5.348347843227796
ssvep_nakanishi,raw,2024,4,0.10555555555555556,0.08402414408539634,0.024242424242424288,1.4233147449763566,5.348347843227796
ssvep_nakanishi,raw,2024,5,0.06666666666666667,0.05166516855498418,-0.018181818181818077,1.4233147449763566,5.348347843227796
ssvep_nakanishi,raw,2024,6,0.08888888888888889,0.07921278891673629,0.0060606060606061,1.4233147449763566,5.348347843227796
ssvep_nakanishi,raw,2024,7,0.05555555555555555,0.047766182698124625,-0.030303030303030276,1.4233147449763566,5.348347843227796
ssvep_nakanishi,raw,2024,8,0.08888888888888889,0.07734565038902898,0.0060606060606061,1.4233147449763566,5.348347843227796
ssvep_nakanishi,downsample_64hz,42,0,0.09444444444444444,0.07491200425983034,0.012121212121212088,1.2662617165008374,19.84961549018404
ssvep_nakanishi,downsample_64hz,42,1,0.07777777777777778,0.06032624782624783,-0.0060606060606061,1.2662617165008374,19.84961549018404
ssvep_nakanishi,downsample_64hz,42,2,0.09444444444444444,0.07379057572121282,0.012121212121212088,1.2662617165008374,19.84961549018404
ssvep_nakanishi,downsample_64hz,42,3,0.08888888888888889,0.07673018395150964,0.0060606060606061,1.2662617165008374,19.84961549018404
ssvep_nakanishi,downsample_64hz,42,4,0.09444444444444444,0.06667132762195788,0.012121212121212088,1.2662617165008374,19.84961549018404
ssvep_nakanishi,downsample_64hz,42,5,0.03888888888888889,0.020804272013949434,-0.048484848484848575,1.2662617165008374,19.84961549018404
ssvep_nakanishi,downsample_64hz,42,6,0.07777777777777778,0.059651615331839734,-0.0060606060606061,1.2662617165008374,19.84961549018404
ssvep_nakanishi,downsample_64hz,42,7,0.08888888888888889,0.08022382408421097,0.006060606060605878,1.2662617165008374,19.84961549018404
ssvep_nakanishi,downsample_64hz,42,8,0.06111111111111111,0.061827582660916,-0.024242424242424176,1.2662617165008374,19.84961549018404
ssvep_nakanishi,downsample_64hz,123,0,0.1111111111111111,0.09652442501619418,0.030303030303030276,1.2662617165008374,19.84961549018404
ssvep_nakanishi,downsample_64hz,123,1,0.08888888888888889,0.06960807477479554,0.0060606060606061,1.2662617165008374,19.84961549018404
ssvep_nakanishi,downsample_64hz,123,2,0.08888888888888889,0.07541995987999128,0.0060606060606061,1.2662617165008374,19.84961549018404
ssvep_nakanishi,downsample_64hz,123,3,0.07222222222222222,0.06120305681531261,-0.0121212121212122,1.2662617165008374,19.84961549018404
ssvep_nakanishi,downsample_64hz,123,4,0.09444444444444444,0.07042121900703846,0.012121212121212088,1.2662617165008374,19.84961549018404
ssvep_nakanishi,downsample_64hz,123,5,0.07222222222222222,0.042873403629904806,-0.0121212121212122,1.2662617165008374,19.84961549018404
ssvep_nakanishi,downsample_64hz,123,6,0.08333333333333333,0.05616438611040945,2.220446049250313e-16,1.2662617165008374,19.84961549018404
ssvep_nakanishi,downsample_64hz,123,7,0.08888888888888889,0.08397253302684986,0.0060606060606061,1.2662617165008374,19.84961549018404
ssvep_nakanishi,downsample_64hz,123,8,0.06111111111111111,0.061678918565711026,-0.024242424242424176,1.2662617165008374,19.84961549018404
ssvep_nakanishi,downsample_64hz,456,0,0.09444444444444444,0.08203603849891007,0.012121212121212088,1.2662617165008374,19.84961549018404
ssvep_nakanishi,downsample_64hz,456,1,0.07222222222222222,0.05166380554311589,-0.0121212121212122,1.2662617165008374,19.84961549018404
ssvep_nakanishi,downsample_64hz,456,2,0.09444444444444444,0.07227810052706964,0.012121212121212088,1.2662617165008374,19.84961549018404
ssvep_nakanishi,downsample_64hz,456,3,0.06666666666666667,0.0583044456607675,-0.018181818181818077,1.2662617165008374,19.84961549018404
ssvep_nakanishi,downsample_64hz,456,4,0.1,0.06933091111926155,0.018181818181818188,1.2662617165008374,19.84961549018404
ssvep_nakanishi,downsample_64hz,456,5,0.027777777777777776,0.020840848965848965,-0.06060606060606055,1.2662617165008374,19.84961549018404
ssvep_nakanishi,downsample_64hz,456,6,0.07222222222222222,0.05092791802129151,-0.0121212121212122,1.2662617165008374,19.84961549018404
ssvep_nakanishi,downsample_64hz,456,7,0.1,0.09252664883719536,0.0181818181818183,1.2662617165008374,19.84961549018404
ssvep_nakanishi,downsample_64hz,456,8,0.06111111111111111,0.06422139115970771,-0.024242424242424176,1.2662617165008374,19.84961549018404
ssvep_nakanishi,downsample_64hz,789,0,0.10555555555555556,0.09320291920511538,0.024242424242424288,1.2662617165008374,19.84961549018404
ssvep_nakanishi,downsample_64hz,789,1,0.07222222222222222,0.05511620879837934,-0.0121212121212122,1.2662617165008374,19.84961549018404
ssvep_nakanishi,downsample_64hz,789,2,0.10555555555555556,0.0853325209213303,0.024242424242424288,1.2662617165008374,19.84961549018404
ssvep_nakanishi,downsample_64hz,789,3,0.08888888888888889,0.07789661781597264,0.0060606060606061,1.2662617165008374,19.84961549018404
ssvep_nakanishi,downsample_64hz,789,4,0.08888888888888889,0.0597136669477095,0.0060606060606061,1.2662617165008374,19.84961549018404
ssvep_nakanishi,downsample_64hz,789,5,0.05,0.032840028188865396,-0.036363636363636376,1.2662617165008374,19.84961549018404
ssvep_nakanishi,downsample_64hz,789,6,0.07222222222222222,0.057152295936935875,-0.012121212121211977,1.2662617165008374,19.84961549018404
ssvep_nakanishi,downsample_64hz,789,7,0.1,0.08984498005130039,0.018181818181818188,1.2662617165008374,19.84961549018404
ssvep_nakanishi,downsample_64hz,789,8,0.06111111111111111,0.06198316178866464,-0.024242424242424176,1.2662617165008374,19.84961549018404
ssvep_nakanishi,downsample_64hz,2024,0,0.10555555555555556,0.08390126046808076,0.024242424242424288,1.2662617165008374,19.84961549018404
ssvep_nakanishi,downsample_64hz,2024,1,0.1,0.08288804771034122,0.018181818181818188,1.2662617165008374,19.84961549018404
ssvep_nakanishi,downsample_64hz,2024,2,0.10555555555555556,0.07813488850215167,0.024242424242424288,1.2662617165008374,19.84961549018404
ssvep_nakanishi,downsample_64hz,2024,3,0.05555555555555555,0.04685767618964153,-0.030303030303030498,1.2662617165008374,19.84961549018404
ssvep_nakanishi,downsample_64hz,2024,4,0.08888888888888889,0.06252389120512097,0.006060606060605878,1.2662617165008374,19.84961549018404
ssvep_nakanishi,downsample_64hz,2024,5,0.03888888888888889,0.025815175351152977,-0.048484848484848575,1.2662617165008374,19.84961549018404
ssvep_nakanishi,downsample_64hz,2024,6,0.07222222222222222,0.04854497354497355,-0.0121212121212122,1.2662617165008374,19.84961549018404
ssvep_nakanishi,downsample_64hz,2024,7,0.09444444444444444,0.08828226328226328,0.012121212121212088,1.2662617165008374,19.84961549018404
ssvep_nakanishi,downsample_64hz,2024,8,0.06666666666666667,0.06685687638149439,-0.018181818181818077,1.2662617165008374,19.84961549018404
ssvep_nakanishi,envelope_8_30hz,42,0,0.10555555555555556,0.0908111781818416,0.024242424242424288,1.331179753950976,20.722748872122796
ssvep_nakanishi,envelope_8_30hz,42,1,0.06111111111111111,0.04515989729225023,-0.024242424242424176,1.331179753950976,20.722748872122796
ssvep_nakanishi,envelope_8_30hz,42,2,0.1388888888888889,0.12052636225430341,0.06060606060606055,1.331179753950976,20.722748872122796
ssvep_nakanishi,envelope_8_30hz,42,3,0.05555555555555555,0.049302609758226416,-0.030303030303030276,1.331179753950976,20.722748872122796
ssvep_nakanishi,envelope_8_30hz,42,4,0.07222222222222222,0.0629112678561022,-0.0121212121212122,1.331179753950976,20.722748872122796
ssvep_nakanishi,envelope_8_30hz,42,5,0.09444444444444444,0.06892311617921375,0.012121212121212088,1.331179753950976,20.722748872122796
ssvep_nakanishi,envelope_8_30hz,42,6,0.1111111111111111,0.09035312640575799,0.030303030303030276,1.331179753950976,20.722748872122796
ssvep_nakanishi,envelope_8_30hz,42,7,0.09444444444444444,0.0717395244980192,0.012121212121212088,1.331179753950976,20.722748872122796
ssvep_nakanishi,envelope_8_30hz,42,8,0.16111111111111112,0.13155221985122822,0.08484848484848484,1.331179753950976,20.722748872122796
ssvep_nakanishi,envelope_8_30hz,123,0,0.10555555555555556,0.08052413157455175,0.024242424242424288,1.331179753950976,20.722748872122796
ssvep_nakanishi,envelope_8_30hz,123,1,0.07222222222222222,0.04857009470454848,-0.0121212121212122,1.331179753950976,20.722748872122796
ssvep_nakanishi,envelope_8_30hz,123,2,0.12222222222222222,0.09543083900226756,0.042424242424242475,1.331179753950976,20.722748872122796
ssvep_nakanishi,envelope_8_30hz,123,3,0.06666666666666667,0.060768558285952345,-0.018181818181818077,1.331179753950976,20.722748872122796
ssvep_nakanishi,envelope_8_30hz,123,4,0.08333333333333333,0.07168491449856086,0.0,1.331179753950976,20.722748872122796
ssvep_nakanishi,envelope_8_30hz,123,5,0.08333333333333333,0.06443648659121805,0.0,1.331179753950976,20.722748872122796
ssvep_nakanishi,envelope_8_30hz,123,6,0.08333333333333333,0.06867917334019029,0.0,1.331179753950976,20.722748872122796
ssvep_nakanishi,envelope_8_30hz,123,7,0.08888888888888889,0.07121183746377678,0.0060606060606061,1.331179753950976,20.722748872122796
ssvep_nakanishi,envelope_8_30hz,123,8,0.15555555555555556,0.12742261291501014,0.07878787878787874,1.331179753950976,20.722748872122796
ssvep_nakanishi,envelope_8_30hz,456,0,0.1,0.08012219279483183,0.018181818181818188,1.331179753950976,20.722748872122796
ssvep_nakanishi,envelope_8_30hz,456,1,0.08333333333333333,0.0648437913991489,0.0,1.331179753950976,20.722748872122796
ssvep_nakanishi,envelope_8_30hz,456,2,0.12222222222222222,0.10806620499274172,0.042424242424242475,1.331179753950976,20.722748872122796
ssvep_nakanishi,envelope_8_30hz,456,3,0.07777777777777778,0.07769931330124918,-0.0060606060606061,1.331179753950976,20.722748872122796
ssvep_nakanishi,envelope_8_30hz,456,4,0.07777777777777778,0.06812072065635456,-0.0060606060606061,1.331179753950976,20.722748872122796
ssvep_nakanishi,envelope_8_30hz,456,5,0.07777777777777778,0.06413655656916896,-0.0060606060606061,1.331179753950976,20.722748872122796
ssvep_nakanishi,envelope_8_30hz,456,6,0.09444444444444444,0.09049823633156966,0.012121212121212088,1.331179753950976,20.722748872122796
ssvep_nakanishi,envelope_8_30hz,456,7,0.08888888888888889,0.060342199148169295,0.0060606060606061,1.331179753950976,20.722748872122796
ssvep_nakanishi,envelope_8_30hz,456,8,0.16111111111111112,0.13402870639712744,0.08484848484848484,1.331179753950976,20.722748872122796
ssvep_nakanishi,envelope_8_30hz,789,0,0.1,0.08240935309900826,0.018181818181818188,1.331179753950976,20.722748872122796
ssvep_nakanishi,envelope_8_30hz,789,1,0.06666666666666667,0.056628306628306625,-0.018181818181818077,1.331179753950976,20.722748872122796
ssvep_nakanishi,envelope_8_30hz,789,2,0.12222222222222222,0.10083733937174048,0.042424242424242475,1.331179753950976,20.722748872122796
ssvep_nakanishi,envelope_8_30hz,789,3,0.07222222222222222,0.06854380262916848,-0.0121212121212122,1.331179753950976,20.722748872122796
ssvep_nakanishi,envelope_8_30hz,789,4,0.06111111111111111,0.05778441851899075,-0.024242424242424176,1.331179753950976,20.722748872122796
ssvep_nakanishi,envelope_8_30hz,789,5,0.09444444444444444,0.07454494363223362,0.012121212121212088,1.331179753950976,20.722748872122796
ssvep_nakanishi,envelope_8_30hz,789,6,0.07777777777777778,0.07170386126541761,-0.0060606060606061,1.331179753950976,20.722748872122796
ssvep_nakanishi,envelope_8_30hz,789,7,0.08888888888888889,0.0737410878784894,0.0060606060606061,1.331179753950976,20.722748872122796
ssvep_nakanishi,envelope_8_30hz,789,8,0.16111111111111112,0.13225175880432208,0.08484848484848484,1.331179753950976,20.722748872122796
ssvep_nakanishi,envelope_8_30hz,2024,0,0.08888888888888889,0.0707150931709006,0.0060606060606061,1.331179753950976,20.722748872122796
ssvep_nakanishi,envelope_8_30hz,2024,1,0.044444444444444446,0.028202681848515182,-0.042424242424242475,1.331179753950976,20.722748872122796
ssvep_nakanishi,envelope_8_30hz,2024,2,0.12777777777777777,0.11728801916428692,0.048484848484848464,1.331179753950976,20.722748872122796
ssvep_nakanishi,envelope_8_30hz,2024,3,0.07222222222222222,0.06639206890485662,-0.0121212121212122,1.331179753950976,20.722748872122796
ssvep_nakanishi,envelope_8_30hz,2024,4,0.07777777777777778,0.06492141781996853,-0.0060606060606061,1.331179753950976,20.722748872122796
ssvep_nakanishi,envelope_8_30hz,2024,5,0.06666666666666667,0.04897700420024397,-0.018181818181818077,1.331179753950976,20.722748872122796
ssvep_nakanishi,envelope_8_30hz,2024,6,0.07777777777777778,0.0622043765831628,-0.0060606060606061,1.331179753950976,20.722748872122796
ssvep_nakanishi,envelope_8_30hz,2024,7,0.1,0.07582015207015207,0.018181818181818188,1.331179753950976,20.722748872122796
ssvep_nakanishi,envelope_8_30hz,2024,8,0.16111111111111112,0.13288436781756918,0.08484848484848484,1.331179753950976,20.722748872122796
ssvep_nakanishi,spectral_500ms,42,0,0.06666666666666667,0.04534815118855865,-0.018181818181818077,1.131420530260836,565.6775604757362
ssvep_nakanishi,spectral_500ms,42,1,0.09444444444444444,0.06284460199494475,0.012121212121212088,1.131420530260836,565.6775604757362
ssvep_nakanishi,spectral_500ms,42,2,0.07777777777777778,0.06518631925688644,-0.0060606060606061,1.131420530260836,565.6775604757362
ssvep_nakanishi,spectral_500ms,42,3,0.1111111111111111,0.08778316947176597,0.030303030303030276,1.131420530260836,565.6775604757362
ssvep_nakanishi,spectral_500ms,42,4,0.09444444444444444,0.04521884521884522,0.012121212121212088,1.131420530260836,565.6775604757362
ssvep_nakanishi,spectral_500ms,42,5,0.1,0.053859103859103856,0.018181818181818188,1.131420530260836,565.6775604757362
ssvep_nakanishi,spectral_500ms,42,6,0.08888888888888889,0.03535208668813741,0.0060606060606061,1.131420530260836,565.6775604757362
ssvep_nakanishi,spectral_500ms,42,7,0.11666666666666667,0.10059632580701666,0.036363636363636376,1.131420530260836,565.6775604757362
ssvep_nakanishi,spectral_500ms,42,8,0.07222222222222222,0.04323198250234894,-0.0121212121212122,1.131420530260836,565.6775604757362
ssvep_nakanishi,spectral_500ms,123,0,0.06666666666666667,0.048272774682655006,-0.018181818181818077,1.131420530260836,565.6775604757362
ssvep_nakanishi,spectral_500ms,123,1,0.1,0.06535506658930541,0.018181818181818188,1.131420530260836,565.6775604757362
ssvep_nakanishi,spectral_500ms,123,2,0.08333333333333333,0.07221129265478242,0.0,1.131420530260836,565.6775604757362
ssvep_nakanishi,spectral_500ms,123,3,0.09444444444444444,0.07387566137566137,0.012121212121212088,1.131420530260836,565.6775604757362
ssvep_nakanishi,spectral_500ms,123,4,0.08888888888888889,0.05292984889140321,0.006060606060605878,1.131420530260836,565.6775604757362
ssvep_nakanishi,spectral_500ms,123,5,0.08333333333333333,0.04036135527007738,0.0,1.131420530260836,565.6775604757362
ssvep_nakanishi,spectral_500ms,123,6,0.08333333333333333,0.03355451805014337,0.0,1.131420530260836,565.6775604757362
ssvep_nakanishi,spectral_500ms,123,7,0.10555555555555556,0.09284918945850289,0.024242424242424288,1.131420530260836,565.6775604757362
ssvep_nakanishi,spectral_500ms,123,8,0.07777777777777778,0.046609811278725155,-0.0060606060606061,1.131420530260836,565.6775604757362
ssvep_nakanishi,spectral_500ms,456,0,0.05555555555555555,0.04116329015369399,-0.030303030303030276,1.131420530260836,565.6775604757362
ssvep_nakanishi,spectral_500ms,456,1,0.1,0.06415623119570488,0.018181818181818188,1.131420530260836,565.6775604757362
ssvep_nakanishi,spectral_500ms,456,2,0.08888888888888889,0.0824805595638929,0.0060606060606061,1.131420530260836,565.6775604757362
ssvep_nakanishi,spectral_500ms,456,3,0.10555555555555556,0.07702859534353591,0.024242424242424288,1.131420530260836,565.6775604757362
ssvep_nakanishi,spectral_500ms,456,4,0.09444444444444444,0.04536634285438113,0.012121212121212088,1.131420530260836,565.6775604757362
ssvep_nakanishi,spectral_500ms,456,5,0.08888888888888889,0.04208300026645351,0.006060606060606211,1.131420530260836,565.6775604757362
ssvep_nakanishi,spectral_500ms,456,6,0.09444444444444444,0.04259259259259259,0.012121212121212088,1.131420530260836,565.6775604757362
ssvep_nakanishi,spectral_500ms,456,7,0.11666666666666667,0.10614879132704509,0.036363636363636376,1.131420530260836,565.6775604757362
ssvep_nakanishi,spectral_500ms,456,8,0.06666666666666667,0.03935542180918051,-0.018181818181818077,1.131420530260836,565.6775604757362
ssvep_nakanishi,spectral_500ms,789,0,0.06111111111111111,0.04414629938224848,-0.024242424242424176,1.131420530260836,565.6775604757362
ssvep_nakanishi,spectral_500ms,789,1,0.09444444444444444,0.06466271979247791,0.012121212121212088,1.131420530260836,565.6775604757362
ssvep_nakanishi,spectral_500ms,789,2,0.08333333333333333,0.07263303540930352,0.0,1.131420530260836,565.6775604757362
ssvep_nakanishi,spectral_500ms,789,3,0.10555555555555556,0.07838678098731272,0.024242424242424288,1.131420530260836,565.6775604757362
ssvep_nakanishi,spectral_500ms,789,4,0.10555555555555556,0.06401890756302521,0.024242424242424288,1.131420530260836,565.6775604757362
ssvep_nakanishi,spectral_500ms,789,5,0.09444444444444444,0.049868665658139334,0.012121212121212088,1.131420530260836,565.6775604757362
ssvep_nakanishi,spectral_500ms,789,6,0.07777777777777778,0.032074135015311485,-0.0060606060606061,1.131420530260836,565.6775604757362
ssvep_nakanishi,spectral_500ms,789,7,0.09444444444444444,0.09106877187047964,0.012121212121212088,1.131420530260836,565.6775604757362
ssvep_nakanishi,spectral_500ms,789,8,0.07222222222222222,0.03681038582723976,-0.0121212121212122,1.131420530260836,565.6775604757362
ssvep_nakanishi,spectral_500ms,2024,0,0.06111111111111111,0.039126426376880095,-0.024242424242424176,1.131420530260836,565.6775604757362
ssvep_nakanishi,spectral_500ms,2024,1,0.09444444444444444,0.06386188090246775,0.012121212121212088,1.131420530260836,565.6775604757362
ssvep_nakanishi,spectral_500ms,2024,2,0.08888888888888889,0.06900531045751633,0.0060606060606061,1.131420530260836,565.6775604757362
ssvep_nakanishi,spectral_500ms,2024,3,0.1111111111111111,0.08506762487025644,0.030303030303030276,1.131420530260836,565.6775604757362
ssvep_nakanishi,spectral_500ms,2024,4,0.10555555555555556,0.06126357797869426,0.024242424242424288,1.131420530260836,565.6775604757362
ssvep_nakanishi,spectral_500ms,2024,5,0.08888888888888889,0.04582256675279931,0.0060606060606061,1.131420530260836,565.6775604757362
ssvep_nakanishi,spectral_500ms,2024,6,0.08888888888888889,0.04114676173499703,0.0060606060606061,1.131420530260836,565.6775604757362
ssvep_nakanishi,spectral_500ms,2024,7,0.09444444444444444,0.08415852447373971,0.012121212121212088,1.131420530260836,565.6775604757362
ssvep_nakanishi,spectral_500ms,2024,8,0.08333333333333333,0.05576230818166302,0.0,1.131420530260836,565.6775604757362
ssvep_nakanishi,delta_quant,42,0,0.08888888888888889,0.07839521330417688,0.0060606060606061,1.1086241116566617,4.329056161017418
ssvep_nakanishi,delta_quant,42,1,0.08888888888888889,0.06670492724439074,0.0060606060606061,1.1086241116566617,4.329056161017418
ssvep_nakanishi,delta_quant,42,2,0.11666666666666667,0.09428112304403974,0.036363636363636376,1.1086241116566617,4.329056161017418
ssvep_nakanishi,delta_quant,42,3,0.09444444444444444,0.07387435739295993,0.012121212121212088,1.1086241116566617,4.329056161017418
ssvep_nakanishi,delta_quant,42,4,0.07777777777777778,0.07595564202106132,-0.0060606060606061,1.1086241116566617,4.329056161017418
ssvep_nakanishi,delta_quant,42,5,0.07777777777777778,0.057888314671260405,-0.0060606060606061,1.1086241116566617,4.329056161017418
ssvep_nakanishi,delta_quant,42,6,0.07222222222222222,0.039969135802469136,-0.0121212121212122,1.1086241116566617,4.329056161017418
ssvep_nakanishi,delta_quant,42,7,0.08333333333333333,0.07312322637729396,0.0,1.1086241116566617,4.329056161017418
ssvep_nakanishi,delta_quant,42,8,0.07777777777777778,0.054741928970076535,-0.0060606060606061,1.1086241116566617,4.329056161017418
ssvep_nakanishi,delta_quant,123,0,0.07777777777777778,0.06826699824820126,-0.0060606060606061,1.1086241116566617,4.329056161017418
ssvep_nakanishi,delta_quant,123,1,0.08888888888888889,0.07169048514981226,0.006060606060606211,1.1086241116566617,4.329056161017418
ssvep_nakanishi,delta_quant,123,2,0.1,0.06394807591990691,0.018181818181818188,1.1086241116566617,4.329056161017418
ssvep_nakanishi,delta_quant,123,3,0.08333333333333333,0.05549411904675063,0.0,1.1086241116566617,4.329056161017418
ssvep_nakanishi,delta_quant,123,4,0.07222222222222222,0.07035183864480372,-0.0121212121212122,1.1086241116566617,4.329056161017418
ssvep_nakanishi,delta_quant,123,5,0.07222222222222222,0.05186576475307375,-0.0121212121212122,1.1086241116566617,4.329056161017418
ssvep_nakanishi,delta_quant,123,6,0.08888888888888889,0.05844091259692282,0.0060606060606061,1.1086241116566617,4.329056161017418
ssvep_nakanishi,delta_quant,123,7,0.09444444444444444,0.06844400684680213,0.012121212121212088,1.1086241116566617,4.329056161017418
ssvep_nakanishi,delta_quant,123,8,0.08333333333333333,0.06002282049770813,0.0,1.1086241116566617,4.329056161017418
ssvep_nakanishi,delta_quant,456,0,0.07222222222222222,0.06141192141192142,-0.0121212121212122,1.1086241116566617,4.329056161017418
ssvep_nakanishi,delta_quant,456,1,0.07777777777777778,0.07130943840951014,-0.0060606060606061,1.1086241116566617,4.329056161017418
ssvep_nakanishi,delta_quant,456,2,0.10555555555555556,0.0785840255149585,0.024242424242424288,1.1086241116566617,4.329056161017418
ssvep_nakanishi,delta_quant,456,3,0.1,0.06842718838217714,0.018181818181818188,1.1086241116566617,4.329056161017418
ssvep_nakanishi,delta_quant,456,4,0.07777777777777778,0.07090079749472539,-0.0060606060606061,1.1086241116566617,4.329056161017418
ssvep_nakanishi,delta_quant,456,5,0.08888888888888889,0.07547248165402323,0.0060606060606061,1.1086241116566617,4.329056161017418
ssvep_nakanishi,delta_quant,456,6,0.08333333333333333,0.04618577917817667,0.0,1.1086241116566617,4.329056161017418
ssvep_nakanishi,delta_quant,456,7,0.08888888888888889,0.06883263672295076,0.0060606060606061,1.1086241116566617,4.329056161017418
ssvep_nakanishi,delta_quant,456,8,0.08333333333333333,0.055784702017493006,0.0,1.1086241116566617,4.329056161017418
ssvep_nakanishi,delta_quant,789,0,0.08888888888888889,0.0767627719711053,0.0060606060606061,1.1086241116566617,4.329056161017418
ssvep_nakanishi,delta_quant,789,1,0.08333333333333333,0.07132261842761768,0.0,1.1086241116566617,4.329056161017418
ssvep_nakanishi,delta_quant,789,2,0.08888888888888889,0.06100854929650526,0.0060606060606061,1.1086241116566617,4.329056161017418
ssvep_nakanishi,delta_quant,789,3,0.09444444444444444,0.07043589178254366,0.012121212121212088,1.1086241116566617,4.329056161017418
ssvep_nakanishi,delta_quant,789,4,0.10555555555555556,0.10312454085297797,0.024242424242424288,1.1086241116566617,4.329056161017418
ssvep_nakanishi,delta_quant,789,5,0.06111111111111111,0.05689033189033189,-0.024242424242424176,1.1086241116566617,4.329056161017418
ssvep_nakanishi,delta_quant,789,6,0.07222222222222222,0.04289566365837552,-0.0121212121212122,1.1086241116566617,4.329056161017418
ssvep_nakanishi,delta_quant,789,7,0.09444444444444444,0.08809001378329111,0.012121212121212088,1.1086241116566617,4.329056161017418
ssvep_nakanishi,delta_quant,789,8,0.08888888888888889,0.060780514480107524,0.0060606060606061,1.1086241116566617,4.329056161017418
ssvep_nakanishi,delta_quant,2024,0,0.08333333333333333,0.07096300246320437,0.0,1.1086241116566617,4.329056161017418
ssvep_nakanishi,delta_quant,2024,1,0.08888888888888889,0.07861595855205179,0.0060606060606061,1.1086241116566617,4.329056161017418
ssvep_nakanishi,delta_quant,2024,2,0.1111111111111111,0.07572543899057783,0.030303030303030276,1.1086241116566617,4.329056161017418
ssvep_nakanishi,delta_quant,2024,3,0.1,0.0768811715456959,0.0181818181818183,1.1086241116566617,4.329056161017418
ssvep_nakanishi,delta_quant,2024,4,0.09444444444444444,0.09153551882498871,0.012121212121212088,1.1086241116566617,4.329056161017418
ssvep_nakanishi,delta_quant,2024,5,0.07777777777777778,0.06186028106626096,-0.006060606060606322,1.1086241116566617,4.329056161017418
ssvep_nakanishi,delta_quant,2024,6,0.07777777777777778,0.04472056366406211,-0.006060606060606322,1.1086241116566617,4.329056161017418
ssvep_nakanishi,delta_quant,2024,7,0.08333333333333333,0.062468978526105036,0.0,1.1086241116566617,4.329056161017418
ssvep_nakanishi,delta_quant,2024,8,0.08333333333333333,0.055078172448004475,0.0,1.1086241116566617,4.329056161017418
ssvep_nakanishi,multiband_alpha_beta,42,0,0.1111111111111111,0.09244514895330112,0.030303030303030276,1.435757225285642,5.532752359286037
ssvep_nakanishi,multiband_alpha_beta,42,1,0.10555555555555556,0.08146837840613981,0.024242424242424288,1.435757225285642,5.532752359286037
ssvep_nakanishi,multiband_alpha_beta,42,2,0.1,0.08840735717228286,0.018181818181818188,1.435757225285642,5.532752359286037
ssvep_nakanishi,multiband_alpha_beta,42,3,0.07777777777777778,0.06299049983832593,-0.0060606060606061,1.435757225285642,5.532752359286037
ssvep_nakanishi,multiband_alpha_beta,42,4,0.1111111111111111,0.10489895110862853,0.030303030303030276,1.435757225285642,5.532752359286037
ssvep_nakanishi,multiband_alpha_beta,42,5,0.12222222222222222,0.08955889118932596,0.042424242424242475,1.435757225285642,5.532752359286037
ssvep_nakanishi,multiband_alpha_beta,42,6,0.09444444444444444,0.08060908454698541,0.012121212121212088,1.435757225285642,5.532752359286037
ssvep_nakanishi,multiband_alpha_beta,42,7,0.1111111111111111,0.08142264010259599,0.030303030303030276,1.435757225285642,5.532752359286037
ssvep_nakanishi,multiband_alpha_beta,42,8,0.12777777777777777,0.10279326418600797,0.048484848484848464,1.435757225285642,5.532752359286037
ssvep_nakanishi,multiband_alpha_beta,123,0,0.1111111111111111,0.10175713537486415,0.030303030303030276,1.435757225285642,5.532752359286037
ssvep_nakanishi,multiband_alpha_beta,123,1,0.11666666666666667,0.09512724117987277,0.036363636363636376,1.435757225285642,5.532752359286037
ssvep_nakanishi,multiband_alpha_beta,123,2,0.09444444444444444,0.08068187402552728,0.012121212121212088,1.435757225285642,5.532752359286037
ssvep_nakanishi,multiband_alpha_beta,123,3,0.08333333333333333,0.06973885650356239,0.0,1.435757225285642,5.532752359286037
ssvep_nakanishi,multiband_alpha_beta,123,4,0.11666666666666667,0.10037752670745,0.036363636363636376,1.435757225285642,5.532752359286037
ssvep_nakanishi,multiband_alpha_beta,123,5,0.10555555555555556,0.06396494741565165,0.024242424242424288,1.435757225285642,5.532752359286037
ssvep_nakanishi,multiband_alpha_beta,123,6,0.08888888888888889,0.07234884586626618,0.0060606060606061,1.435757225285642,5.532752359286037
ssvep_nakanishi,multiband_alpha_beta,123,7,0.09444444444444444,0.05958485958485959,0.012121212121212088,1.435757225285642,5.532752359286037
ssvep_nakanishi,multiband_alpha_beta,123,8,0.13333333333333333,0.11554942337073858,0.054545454545454564,1.435757225285642,5.532752359286037
ssvep_nakanishi,multiband_alpha_beta,456,0,0.10555555555555556,0.09667898750760306,0.024242424242424288,1.435757225285642,5.532752359286037
ssvep_nakanishi,multiband_alpha_beta,456,1,0.09444444444444444,0.07065536073421773,0.012121212121212088,1.435757225285642,5.532752359286037
ssvep_nakanishi,multiband_alpha_beta,456,2,0.07777777777777778,0.07074737875754707,-0.006060606060606322,1.435757225285642,5.532752359286037
ssvep_nakanishi,multiband_alpha_beta,456,3,0.08333333333333333,0.07249015362369399,0.0,1.435757225285642,5.532752359286037
ssvep_nakanishi,multiband_alpha_beta,456,4,0.11666666666666667,0.10689208365508464,0.036363636363636376,1.435757225285642,5.532752359286037
ssvep_nakanishi,multiband_alpha_beta,456,5,0.11666666666666667,0.0864661632410111,0.036363636363636376,1.435757225285642,5.532752359286037
ssvep_nakanishi,multiband_alpha_beta,456,6,0.10555555555555556,0.09176305090547417,0.024242424242424288,1.435757225285642,5.532752359286037
ssvep_nakanishi,multiband_alpha_beta,456,7,0.10555555555555556,0.07520503147404771,0.024242424242424288,1.435757225285642,5.532752359286037
ssvep_nakanishi,multiband_alpha_beta,456,8,0.12777777777777777,0.11396098073280758,0.048484848484848464,1.435757225285642,5.532752359286037
ssvep_nakanishi,multiband_alpha_beta,789,0,0.10555555555555556,0.09525990163737935,0.024242424242424288,1.435757225285642,5.532752359286037
ssvep_nakanishi,multiband_alpha_beta,789,1,0.1,0.07873994380417504,0.018181818181817966,1.435757225285642,5.532752359286037
ssvep_nakanishi,multiband_alpha_beta,789,2,0.08888888888888889,0.08016226233771474,0.0060606060606061,1.435757225285642,5.532752359286037
ssvep_nakanishi,multiband_alpha_beta,789,3,0.06666666666666667,0.05245367859529793,-0.018181818181818077,1.435757225285642,5.532752359286037
ssvep_nakanishi,multiband_alpha_beta,789,4,0.12222222222222222,0.1061113603326,0.042424242424242475,1.435757225285642,5.532752359286037
ssvep_nakanishi,multiband_alpha_beta,789,5,0.12777777777777777,0.09078455633509312,0.048484848484848464,1.435757225285642,5.532752359286037
ssvep_nakanishi,multiband_alpha_beta,789,6,0.1,0.08356291835508695,0.018181818181818188,1.435757225285642,5.532752359286037
ssvep_nakanishi,multiband_alpha_beta,789,7,0.10555555555555556,0.07182926124741983,0.024242424242424288,1.435757225285642,5.532752359286037
ssvep_nakanishi,multiband_alpha_beta,789,8,0.12222222222222222,0.09589225074511204,0.042424242424242475,1.435757225285642,5.532752359286037
ssvep_nakanishi,multiband_alpha_beta,2024,0,0.1111111111111111,0.09284566798356546,0.030303030303030165,1.435757225285642,5.532752359286037
ssvep_nakanishi,multiband_alpha_beta,2024,1,0.1111111111111111,0.0800376435159044,0.030303030303030276,1.435757225285642,5.532752359286037
ssvep_nakanishi,multiband_alpha_beta,2024,2,0.1111111111111111,0.09884676103909851,0.030303030303030276,1.435757225285642,5.532752359286037
ssvep_nakanishi,multiband_alpha_beta,2024,3,0.07777777777777778,0.05987760829096162,-0.0060606060606061,1.435757225285642,5.532752359286037
ssvep_nakanishi,multiband_alpha_beta,2024,4,0.08888888888888889,0.07053563851436191,0.0060606060606061,1.435757225285642,5.532752359286037
ssvep_nakanishi,multiband_alpha_beta,2024,5,0.11666666666666667,0.08355579605579605,0.036363636363636376,1.435757225285642,5.532752359286037
ssvep_nakanishi,multiband_alpha_beta,2024,6,0.08888888888888889,0.07176622110832637,0.0060606060606061,1.435757225285642,5.532752359286037
ssvep_nakanishi,multiband_alpha_beta,2024,7,0.10555555555555556,0.06905729503578491,0.024242424242424288,1.435757225285642,5.532752359286037
ssvep_nakanishi,multiband_alpha_beta,2024,8,0.12777777777777777,0.10265251775823303,0.048484848484848464,1.435757225285642,5.532752359286037
bci_iv_2a,raw,42,0,0.2881944444444444,0.28262562119625523,0.05092592592592593,1.1206032634921235,4.488754714902063
bci_iv_2a,raw,42,1,0.2482638888888889,0.22836710521072484,-0.0023148148148148806,1.1206032634921235,4.488754714902063
bci_iv_2a,raw,42,2,0.265625,0.253490216492469,0.02083333333333337,1.1206032634921235,4.488754714902063
bci_iv_2a,raw,123,0,0.2743055555555556,0.26438309229877605,0.03240740740740744,1.1206032634921235,4.488754714902063
bci_iv_2a,raw,123,1,0.2517361111111111,0.2457702015585876,0.0023148148148147696,1.1206032634921235,4.488754714902063
bci_iv_2a,raw,123,2,0.265625,0.24814971929822893,0.02083333333333337,1.1206032634921235,4.488754714902063
bci_iv_2a,raw,456,0,0.2725694444444444,0.25958389257100817,0.03009259259259256,1.1206032634921235,4.488754714902063
bci_iv_2a,raw,456,1,0.234375,0.22281291462588393,-0.02083333333333326,1.1206032634921235,4.488754714902063
bci_iv_2a,raw,456,2,0.2621527777777778,0.25116613592991976,0.01620370370370372,1.1206032634921235,4.488754714902063
bci_iv_2a,raw,789,0,0.28125,0.2570818451541309,0.04166666666666663,1.1206032634921235,4.488754714902063
bci_iv_2a,raw,789,1,0.24131944444444445,0.21199382234851344,-0.011574074074074181,1.1206032634921235,4.488754714902063
bci_iv_2a,raw,789,2,0.2638888888888889,0.24146221665712003,0.01851851851851849,1.1206032634921235,4.488754714902063
bci_iv_2a,raw,2024,0,0.2743055555555556,0.2627194396875503,0.03240740740740744,1.1206032634921235,4.488754714902063
bci_iv_2a,raw,2024,1,0.2482638888888889,0.2268957623345921,-0.0023148148148148806,1.1206032634921235,4.488754714902063
bci_iv_2a,raw,2024,2,0.265625,0.24359587512297612,0.02083333333333337,1.1206032634921235,4.488754714902063
bci_iv_2a,downsample_64hz,42,0,0.24479166666666666,0.23401601048183163,-0.00694444444444442,1.1274931868047076,17.629491736912716
bci_iv_2a,downsample_64hz,42,1,0.2361111111111111,0.22390995653413492,-0.0185185185185186,1.1274931868047076,17.629491736912716
bci_iv_2a,downsample_64hz,42,2,0.2569444444444444,0.23414270552428512,0.0092592592592593,1.1274931868047076,17.629491736912716
bci_iv_2a,downsample_64hz,123,0,0.24305555555555555,0.22971965244790532,-0.0092592592592593,1.1274931868047076,17.629491736912716
bci_iv_2a,downsample_64hz,123,1,0.2482638888888889,0.23911008837997094,-0.0023148148148148806,1.1274931868047076,17.629491736912716
bci_iv_2a,downsample_64hz,123,2,0.25,0.23410907746388837,0.0,1.1274931868047076,17.629491736912716
bci_iv_2a,downsample_64hz,456,0,0.24305555555555555,0.22958677975605618,-0.0092592592592593,1.1274931868047076,17.629491736912716
bci_iv_2a,downsample_64hz,456,1,0.2378472222222222,0.22992344122549277,-0.01620370370370372,1.1274931868047076,17.629491736912716
bci_iv_2a,downsample_64hz,456,2,0.234375,0.1981091527520099,-0.02083333333333326,1.1274931868047076,17.629491736912716
bci_iv_2a,downsample_64hz,789,0,0.2534722222222222,0.23306077883870632,0.00462962962962965,1.1274931868047076,17.629491736912716
bci_iv_2a,downsample_64hz,789,1,0.2361111111111111,0.22400851381629125,-0.0185185185185186,1.1274931868047076,17.629491736912716
bci_iv_2a,downsample_64hz,789,2,0.24479166666666666,0.21300983984646887,-0.00694444444444442,1.1274931868047076,17.629491736912716
bci_iv_2a,downsample_64hz,2024,0,0.24305555555555555,0.23704954954954954,-0.0092592592592593,1.1274931868047076,17.629491736912716
bci_iv_2a,downsample_64hz,2024,1,0.2378472222222222,0.21847269373444414,-0.01620370370370372,1.1274931868047076,17.629491736912716
bci_iv_2a,downsample_64hz,2024,2,0.2569444444444444,0.23663476483613682,0.0092592592592593,1.1274931868047076,17.629491736912716
bci_iv_2a,envelope_8_30hz,42,0,0.2569444444444444,0.25246993620172486,0.0092592592592593,1.146169623068697,17.969464785267117
bci_iv_2a,envelope_8_30hz,42,1,0.2482638888888889,0.23371917043519447,-0.0023148148148148806,1.146169623068697,17.969464785267117
bci_iv_2a,envelope_8_30hz,42,2,0.265625,0.2587474020021483,0.02083333333333337,1.146169623068697,17.969464785267117
bci_iv_2a,envelope_8_30hz,123,0,0.24479166666666666,0.2396873616572524,-0.00694444444444442,1.146169623068697,17.969464785267117
bci_iv_2a,envelope_8_30hz,123,1,0.2465277777777778,0.22152050078508745,-0.004629629629629539,1.146169623068697,17.969464785267117
bci_iv_2a,envelope_8_30hz,123,2,0.2708333333333333,0.26065511334488534,0.02777777777777779,1.146169623068697,17.969464785267117
bci_iv_2a,envelope_8_30hz,456,0,0.25,0.2480101984258951,0.0,1.146169623068697,17.969464785267117
bci_iv_2a,envelope_8_30hz,456,1,0.2517361111111111,0.2308795287808258,0.0023148148148147696,1.146169623068697,17.969464785267117
bci_iv_2a,envelope_8_30hz,456,2,0.2552083333333333,0.24090523470284814,0.00694444444444442,1.146169623068697,17.969464785267117
bci_iv_2a,envelope_8_30hz,789,0,0.2378472222222222,0.22634608729767647,-0.01620370370370372,1.146169623068697,17.969464785267117
bci_iv_2a,envelope_8_30hz,789,1,0.2378472222222222,0.23629509953134165,-0.01620370370370372,1.146169623068697,17.969464785267117
bci_iv_2a,envelope_8_30hz,789,2,0.2760416666666667,0.2622286553862164,0.03472222222222221,1.146169623068697,17.969464785267117
bci_iv_2a,envelope_8_30hz,2024,0,0.2326388888888889,0.21971497397695444,-0.02314814814814814,1.146169623068697,17.969464785267117
bci_iv_2a,envelope_8_30hz,2024,1,0.2378472222222222,0.2309864270784739,-0.01620370370370372,1.146169623068697,17.969464785267117
bci_iv_2a,envelope_8_30hz,2024,2,0.2708333333333333,0.26677246051439596,0.02777777777777779,1.146169623068697,17.969464785267117
bci_iv_2a,spectral_500ms,42,0,0.2673611111111111,0.2502783213779819,0.02314814814814814,1.4013395259766426,695.7804993943236
bci_iv_2a,spectral_500ms,42,1,0.2534722222222222,0.24844909790082037,0.00462962962962965,1.4013395259766426,695.7804993943236
bci_iv_2a,spectral_500ms,42,2,0.2795138888888889,0.2622303072728613,0.03935185185185186,1.4013395259766426,695.7804993943236
bci_iv_2a,spectral_500ms,123,0,0.2708333333333333,0.2549453771656446,0.02777777777777779,1.4013395259766426,695.7804993943236
bci_iv_2a,spectral_500ms,123,1,0.24305555555555555,0.24250402760263587,-0.0092592592592593,1.4013395259766426,695.7804993943236
bci_iv_2a,spectral_500ms,123,2,0.2673611111111111,0.2436269540131198,0.02314814814814814,1.4013395259766426,695.7804993943236
bci_iv_2a,spectral_500ms,456,0,0.2534722222222222,0.24550206116821663,0.00462962962962965,1.4013395259766426,695.7804993943236
bci_iv_2a,spectral_500ms,456,1,0.2552083333333333,0.24796826880709422,0.00694444444444442,1.4013395259766426,695.7804993943236
bci_iv_2a,spectral_500ms,456,2,0.28125,0.2607879464703093,0.04166666666666663,1.4013395259766426,695.7804993943236
bci_iv_2a,spectral_500ms,789,0,0.2534722222222222,0.2516573795781578,0.00462962962962965,1.4013395259766426,695.7804993943236
bci_iv_2a,spectral_500ms,789,1,0.24305555555555555,0.23248442410091796,-0.0092592592592593,1.4013395259766426,695.7804993943236
bci_iv_2a,spectral_500ms,789,2,0.2916666666666667,0.26586268816061825,0.05555555555555558,1.4013395259766426,695.7804993943236
bci_iv_2a,spectral_500ms,2024,0,0.2604166666666667,0.2442221186799346,0.01388888888888884,1.4013395259766426,695.7804993943236
bci_iv_2a,spectral_500ms,2024,1,0.2482638888888889,0.24824592603892087,-0.0023148148148148806,1.4013395259766426,695.7804993943236
bci_iv_2a,spectral_500ms,2024,2,0.25,0.2190354827337792,0.0,1.4013395259766426,695.7804993943236
bci_iv_2a,delta_quant,42,0,0.2743055555555556,0.26605915122120954,0.03240740740740744,1.139561247527752,4.5713437544319735
bci_iv_2a,delta_quant,42,1,0.28125,0.2652937248559407,0.04166666666666663,1.139561247527752,4.5713437544319735
bci_iv_2a,delta_quant,42,2,0.265625,0.25967097762501434,0.02083333333333337,1.139561247527752,4.5713437544319735
bci_iv_2a,delta_quant,123,0,0.28125,0.2709428128819769,0.04166666666666663,1.139561247527752,4.5713437544319735
bci_iv_2a,delta_quant,123,1,0.2743055555555556,0.2629622607346978,0.03240740740740744,1.139561247527752,4.5713437544319735
bci_iv_2a,delta_quant,123,2,0.2673611111111111,0.26358619501723357,0.02314814814814814,1.139561247527752,4.5713437544319735
bci_iv_2a,delta_quant,456,0,0.2690972222222222,0.26287739937667814,0.02546296296296291,1.139561247527752,4.5713437544319735
bci_iv_2a,delta_quant,456,1,0.2673611111111111,0.24640395641242152,0.02314814814814814,1.139561247527752,4.5713437544319735
bci_iv_2a,delta_quant,456,2,0.2690972222222222,0.2595602437508882,0.02546296296296291,1.139561247527752,4.5713437544319735
bci_iv_2a,delta_quant,789,0,0.2847222222222222,0.2659498581910435,0.04629629629629628,1.139561247527752,4.5713437544319735
bci_iv_2a,delta_quant,789,1,0.2743055555555556,0.24780085754417866,0.03240740740740744,1.139561247527752,4.5713437544319735
bci_iv_2a,delta_quant,789,2,0.2795138888888889,0.26262020192145324,0.03935185185185186,1.139561247527752,4.5713437544319735
bci_iv_2a,delta_quant,2024,0,0.2708333333333333,0.2530081733173582,0.02777777777777779,1.139561247527752,4.5713437544319735
bci_iv_2a,delta_quant,2024,1,0.2743055555555556,0.2542774834471585,0.03240740740740744,1.139561247527752,4.5713437544319735
bci_iv_2a,delta_quant,2024,2,0.2725694444444444,0.2630446915464795,0.03009259259259256,1.139561247527752,4.5713437544319735
bci_iv_2a,multiband_alpha_beta,42,0,0.2916666666666667,0.29098966455787006,0.05555555555555558,1.3008893979770517,5.169179748816122
bci_iv_2a,multiband_alpha_beta,42,1,0.2743055555555556,0.2696077814289435,0.03240740740740744,1.3008893979770517,5.169179748816122
bci_iv_2a,multiband_alpha_beta,42,2,0.2569444444444444,0.25071030754435103,0.0092592592592593,1.3008893979770517,5.169179748816122
bci_iv_2a,multiband_alpha_beta,123,0,0.2881944444444444,0.2799877688614422,0.05092592592592593,1.3008893979770517,5.169179748816122
bci_iv_2a,multiband_alpha_beta,123,1,0.2725694444444444,0.2417673112966283,0.03009259259259256,1.3008893979770517,5.169179748816122
bci_iv_2a,multiband_alpha_beta,123,2,0.2517361111111111,0.22218217232092036,0.0023148148148147696,1.3008893979770517,5.169179748816122
bci_iv_2a,multiband_alpha_beta,456,0,0.2934027777777778,0.28979371885241206,0.05787037037037035,1.3008893979770517,5.169179748816122
bci_iv_2a,multiband_alpha_beta,456,1,0.2725694444444444,0.26624333341272577,0.03009259259259256,1.3008893979770517,5.169179748816122
bci_iv_2a,multiband_alpha_beta,456,2,0.2482638888888889,0.24611186318226708,-0.0023148148148148806,1.3008893979770517,5.169179748816122
bci_iv_2a,multiband_alpha_beta,789,0,0.2847222222222222,0.2771722744783687,0.04629629629629628,1.3008893979770517,5.169179748816122
bci_iv_2a,multiband_alpha_beta,789,1,0.2690972222222222,0.26253357049342746,0.02546296296296291,1.3008893979770517,5.169179748816122
bci_iv_2a,multiband_alpha_beta,789,2,0.2482638888888889,0.24545336894798434,-0.0023148148148148806,1.3008893979770517,5.169179748816122
bci_iv_2a,multiband_alpha_beta,2024,0,0.2864583333333333,0.277512933802968,0.04861111111111116,1.3008893979770517,5.169179748816122
bci_iv_2a,multiband_alpha_beta,2024,1,0.2725694444444444,0.25909761497290096,0.03009259259259256,1.3008893979770517,5.169179748816122
bci_iv_2a,multiband_alpha_beta,2024,2,0.24305555555555555,0.2273277436997712,-0.0092592592592593,1.3008893979770517,5.169179748816122
physionet_mi,raw,42,0,0.3,0.26582336146500796,0.06957663275352799,1.1284986268675776,7.075216811146645
physionet_mi,raw,42,1,0.18888888888888888,0.13797442867210308,-0.0820158102766797,1.1284986268675776,7.075216811146645
physionet_mi,raw,42,2,0.2111111111111111,0.15266106442577032,-0.06287425149700598,1.1284986268675776,7.075216811146645
physionet_mi,raw,123,0,0.2222222222222222,0.17022058823529412,-0.048601864181091914,1.1284986268675776,7.075216811146645
physionet_mi,raw,123,1,0.3,0.2647946908874652,0.06972928630024622,1.1284986268675776,7.075216811146645
physionet_mi,raw,123,2,0.17777777777777778,0.12304994388327721,-0.09719934102141692,1.1284986268675776,7.075216811146645
physionet_mi,raw,456,0,0.17777777777777778,0.1250815113156885,-0.09756097560975618,1.1284986268675776,7.075216811146645
physionet_mi,raw,456,1,0.28888888888888886,0.2519024009053919,0.05465288035450522,1.1284986268675776,7.075216811146645
physionet_mi,raw,456,2,0.2222222222222222,0.17022058823529412,-0.048601864181091914,1.1284986268675776,7.075216811146645
physionet_mi,raw,789,0,0.3,0.2684415145368492,0.06927117531188454,1.1284986268675776,7.075216811146645
physionet_mi,raw,789,1,0.2,0.1538031914893617,-0.06666666666666665,1.1284986268675776,7.075216811146645
physionet_mi,raw,789,2,0.2222222222222222,0.17022058823529412,-0.048601864181091914,1.1284986268675776,7.075216811146645
physionet_mi,raw,2024,0,0.18888888888888888,0.1284893967820797,-0.08255066732575367,1.1284986268675776,7.075216811146645
physionet_mi,raw,2024,1,0.28888888888888886,0.2492526306085628,0.055273085123831556,1.1284986268675776,7.075216811146645
physionet_mi,raw,2024,2,0.2222222222222222,0.17022058823529412,-0.048601864181091914,1.1284986268675776,7.075216811146645
physionet_mi,downsample_64hz,42,0,0.32222222222222224,0.250427707487865,0.10440456769983675,1.1930452893877028,18.641339339662935
physionet_mi,downsample_64hz,42,1,0.25555555555555554,0.1507340389211335,0.0018208905810296327,1.1930452893877028,18.641339339662935
physionet_mi,downsample_64hz,42,2,0.3111111111111111,0.22772392605540548,0.06844741235392326,1.1930452893877028,18.641339339662935
physionet_mi,downsample_64hz,123,0,0.28888888888888886,0.22073177359310886,0.03727227143573475,1.1930452893877028,18.641339339662935
physionet_mi,downsample_64hz,123,1,0.32222222222222224,0.26114058355437664,0.10440456769983686,1.1930452893877028,18.641339339662935
physionet_mi,downsample_64hz,123,2,0.25555555555555554,0.15172413793103448,0.0021512493794473286,1.1930452893877028,18.641339339662935
physionet_mi,downsample_64hz,456,0,0.25555555555555554,0.15172413793103448,0.0021512493794473286,1.1930452893877028,18.641339339662935
physionet_mi,downsample_64hz,456,1,0.3,0.2357713633398565,0.07549323332789826,1.1930452893877028,18.641339339662935
physionet_mi,downsample_64hz,456,2,0.28888888888888886,0.21147186147186148,0.03759398496240607,1.1930452893877028,18.641339339662935
physionet_mi,downsample_64hz,789,0,0.32222222222222224,0.26114058355437664,0.10440456769983686,1.1930452893877028,18.641339339662935
physionet_mi,downsample_64hz,789,1,0.26666666666666666,0.16767676767676767,0.017207147584381133,1.1930452893877028,18.641339339662935
physionet_mi,downsample_64hz,789,2,0.28888888888888886,0.21475829625509826,0.0379154835476867,1.1930452893877028,18.641339339662935
physionet_mi,downsample_64hz,2024,0,0.25555555555555554,0.15172413793103448,0.0021512493794473286,1.1930452893877028,18.641339339662935
physionet_mi,downsample_64hz,2024,1,0.3111111111111111,0.24233716475095785,0.09001956947162437,1.1930452893877028,18.641339339662935
physionet_mi,downsample_64hz,2024,2,0.2777777777777778,0.19689716312056738,0.022393048128342086,1.1930452893877028,18.641339339662935
physionet_mi,envelope_8_30hz,42,0,0.2222222222222222,0.2141812865497076,-0.03516266841932314,1.159752147266149,18.110531250301477
physionet_mi,envelope_8_30hz,42,1,0.15555555555555556,0.11289414414414414,-0.1246300559026634,1.159752147266149,18.110531250301477
physionet_mi,envelope_8_30hz,42,2,0.2,0.1737056891722206,-0.07605446695450024,1.159752147266149,18.110531250301477
physionet_mi,envelope_8_30hz,123,0,0.23333333333333334,0.19862604540023893,-0.0327623482454682,1.159752147266149,18.110531250301477
physionet_mi,envelope_8_30hz,123,1,0.23333333333333334,0.22617776959882224,-0.021549596973186258,1.159752147266149,18.110531250301477
physionet_mi,envelope_8_30hz,123,2,0.14444444444444443,0.1047945205479452,-0.13942781979611962,1.159752147266149,18.110531250301477
physionet_mi,envelope_8_30hz,456,0,0.15555555555555556,0.1124868282402529,-0.12500000000000022,1.159752147266149,18.110531250301477
physionet_mi,envelope_8_30hz,456,1,0.16666666666666666,0.1685897435897436,-0.10837438423645329,1.159752147266149,18.110531250301477
physionet_mi,envelope_8_30hz,456,2,0.2111111111111111,0.1831476794474797,-0.061814556331006854,1.159752147266149,18.110531250301477
physionet_mi,envelope_8_30hz,789,0,0.24444444444444444,0.22997737757228376,-0.005256241787122251,1.159752147266149,18.110531250301477
physionet_mi,envelope_8_30hz,789,1,0.15555555555555556,0.11071428571428571,-0.1246300559026634,1.159752147266149,18.110531250301477
physionet_mi,envelope_8_30hz,789,2,0.2,0.17442389580028386,-0.0758758093973102,1.159752147266149,18.110531250301477
physionet_mi,envelope_8_30hz,2024,0,0.15555555555555556,0.10921052631578948,-0.12574061882817644,1.159752147266149,18.110531250301477
physionet_mi,envelope_8_30hz,2024,1,0.17777777777777778,0.17550659029317567,-0.09341651617140045,1.159752147266149,18.110531250301477
physionet_mi,envelope_8_30hz,2024,2,0.2222222222222222,0.19090252284620793,-0.047381546134663166,1.159752147266149,18.110531250301477
physionet_mi,spectral_500ms,42,0,0.2777777777777778,0.26973221610219145,0.03814534692535354,1.3488648893873372,649.5060610420129
physionet_mi,spectral_500ms,42,1,0.15555555555555556,0.11333132761704191,-0.1298315163528243,1.3488648893873372,649.5060610420129
physionet_mi,spectral_500ms,42,2,0.28888888888888886,0.24579831932773108,0.05278737049827331,1.3488648893873372,649.5060610420129
physionet_mi,spectral_500ms,123,0,0.26666666666666666,0.2309651133180545,0.023508137432188048,1.3488648893873372,649.5060610420129
physionet_mi,spectral_500ms,123,1,0.26666666666666666,0.2502255256972238,0.023347583031897434,1.3488648893873372,649.5060610420129
physionet_mi,spectral_500ms,123,2,0.16666666666666666,0.1191887822322605,-0.11551809618244913,1.3488648893873372,649.5060610420129
physionet_mi,spectral_500ms,456,0,0.17777777777777778,0.13007312769350843,-0.10046265697290169,1.3488648893873372,649.5060610420129
physionet_mi,spectral_500ms,456,1,0.28888888888888886,0.28590953072085146,0.05278737049827331,1.3488648893873372,649.5060610420129
physionet_mi,spectral_500ms,456,2,0.2777777777777778,0.2399134199134199,0.03798717316230882,1.3488648893873372,649.5060610420129
physionet_mi,spectral_500ms,789,0,0.28888888888888886,0.27950382950382946,0.053098799934242935,1.3488648893873372,649.5060610420129
physionet_mi,spectral_500ms,789,1,0.15555555555555556,0.10879653194882759,-0.1302048909451421,1.3488648893873372,649.5060610420129
physionet_mi,spectral_500ms,789,2,0.2777777777777778,0.24008019343840237,0.03782894736842124,1.3488648893873372,649.5060610420129
physionet_mi,spectral_500ms,2024,0,0.15555555555555556,0.10788655788655789,-0.13057851239669405,1.3488648893873372,649.5060610420129
physionet_mi,spectral_500ms,2024,1,0.24444444444444444,0.23307092345631086,-0.005751848808545512,1.3488648893873372,649.5060610420129
physionet_mi,spectral_500ms,2024,2,0.2777777777777778,0.23844349680170576,0.03814534692535354,1.3488648893873372,649.5060610420129
physionet_mi,delta_quant,42,0,0.3888888888888889,0.30846253229974163,0.1962981003409645,1.0858246889731802,6.792781704808327
physionet_mi,delta_quant,42,1,0.32222222222222224,0.26100340136054423,0.09689093600921217,1.0858246889731802,6.792781704808327
physionet_mi,delta_quant,42,2,0.25555555555555554,0.23442873551569204,0.0033057851239670644,1.0858246889731802,6.792781704808327
physionet_mi,delta_quant,123,0,0.26666666666666666,0.2533540033540034,0.017044514314082382,1.0858246889731802,6.792781704808327
physionet_mi,delta_quant,123,1,0.3888888888888889,0.31867378048780487,0.1964285714285714,1.0858246889731802,6.792781704808327
physionet_mi,delta_quant,123,2,0.3333333333333333,0.2701282567821649,0.11198815984213117,1.0858246889731802,6.792781704808327
physionet_mi,delta_quant,456,0,0.32222222222222224,0.26100340136054423,0.09689093600921217,1.0858246889731802,6.792781704808327
physionet_mi,delta_quant,456,1,0.37777777777777777,0.3056726907630522,0.18168533852898205,1.0858246889731802,6.792781704808327
physionet_mi,delta_quant,456,2,0.28888888888888886,0.27938450438450435,0.04761904761904745,1.0858246889731802,6.792781704808327
physionet_mi,delta_quant,789,0,0.37777777777777777,0.3063704588094832,0.18195098198344417,1.0858246889731802,6.792781704808327
physionet_mi,delta_quant,789,1,0.32222222222222224,0.26282051282051283,0.09733640249917797,1.0858246889731802,6.792781704808327
physionet_mi,delta_quant,789,2,0.28888888888888886,0.2802216415021293,0.04761904761904767,1.0858246889731802,6.792781704808327
physionet_mi,delta_quant,2024,0,0.32222222222222224,0.26100340136054423,0.09689093600921217,1.0858246889731802,6.792781704808327
physionet_mi,delta_quant,2024,1,0.4111111111111111,0.3384864909255153,0.22489437764055897,1.0858246889731802,6.792781704808327
physionet_mi,delta_quant,2024,2,0.28888888888888886,0.2720992591419421,0.04746155118240458,1.0858246889731802,6.792781704808327
physionet_mi,multiband_alpha_beta,42,0,0.2777777777777778,0.22829905377075188,0.04707607102133893,1.2240459188378856,7.6858106991450565
physionet_mi,multiband_alpha_beta,42,1,0.2777777777777778,0.2557590557590558,0.04520972743593932,1.2240459188378856,7.6858106991450565
physionet_mi,multiband_alpha_beta,42,2,0.2222222222222222,0.1945117211670692,-0.03618421052631571,1.2240459188378856,7.6858106991450565
physionet_mi,multiband_alpha_beta,123,0,0.2111111111111111,0.19295389636882906,-0.05393369619000499,1.2240459188378856,7.6858106991450565
physionet_mi,multiband_alpha_beta,123,1,0.2777777777777778,0.23607936929754628,0.04661016949152541,1.2240459188378856,7.6858106991450565
physionet_mi,multiband_alpha_beta,123,2,0.26666666666666666,0.23298368298368297,0.03052064631956919,1.2240459188378856,7.6858106991450565
physionet_mi,multiband_alpha_beta,456,0,0.24444444444444444,0.21277275937697485,0.0026075619295957697,1.2240459188378856,7.6858106991450565
physionet_mi,multiband_alpha_beta,456,1,0.2777777777777778,0.22743589743589743,0.04816140579238537,1.2240459188378856,7.6858106991450565
physionet_mi,multiband_alpha_beta,456,2,0.2111111111111111,0.19044663545656593,-0.05323883303115218,1.2240459188378856,7.6858106991450565
physionet_mi,multiband_alpha_beta,789,0,0.2777777777777778,0.23496598639455782,0.0478515625,1.2240459188378856,7.6858106991450565
physionet_mi,multiband_alpha_beta,789,1,0.26666666666666666,0.23534630626367778,0.03162699706553651,1.2240459188378856,7.6858106991450565
physionet_mi,multiband_alpha_beta,789,2,0.18888888888888888,0.17448979591836733,-0.0829075325531563,1.2240459188378856,7.6858106991450565
physionet_mi,multiband_alpha_beta,2024,0,0.24444444444444444,0.21427738927738926,0.001142484086828821,1.2240459188378856,7.6858106991450565
physionet_mi,multiband_alpha_beta,2024,1,0.3,0.24001978413743122,0.0771484375,1.2240459188378856,7.6858106991450565
physionet_mi,multiband_alpha_beta,2024,2,0.2111111111111111,0.192593984962406,-0.05428147170433917,1.2240459188378856,7.6858106991450565
sleep_edf,raw,42,0,0.8580599144079886,0.6027531806604435,0.7181387121069384,1.1629815248554256,11.64291036549475
sleep_edf,raw,42,1,0.7740899357601713,0.5524823493997993,0.6057171552671015,1.1629815248554256,11.64291036549475
sleep_edf,raw,42,2,0.7505660377358491,0.541495043743636,0.5289312051040498,1.1629815248554256,11.64291036549475
sleep_edf,raw,123,0,0.7475471698113207,0.5374960384870031,0.5242279186712464,1.1629815248554256,11.64291036549475
sleep_edf,raw,123,1,0.8580599144079886,0.6027803476189476,0.7179989710426331,1.1629815248554256,11.64291036549475
sleep_edf,raw,123,2,0.7737330478229836,0.5515540358934413,0.6050377327490203,1.1629815248554256,11.64291036549475
sleep_edf,raw,456,0,0.7744468236973591,0.5519256246956057,0.6064418701558463,1.1629815248554256,11.64291036549475
sleep_edf,raw,456,1,0.8577032810271041,0.6019134235664753,0.7173555623148834,1.1629815248554256,11.64291036549475
sleep_edf,raw,456,2,0.7494339622641509,0.542460070327049,0.5278183576580049,1.1629815248554256,11.64291036549475
sleep_edf,raw,789,0,0.8577032810271041,0.6019134235664753,0.7173555623148834,1.1629815248554256,11.64291036549475
sleep_edf,raw,789,1,0.7744468236973591,0.552260039345523,0.6062203725339075,1.1629815248554256,11.64291036549475
sleep_edf,raw,789,2,0.749811320754717,0.5411158059851109,0.5280177902329944,1.1629815248554256,11.64291036549475
sleep_edf,raw,2024,0,0.7751605995717344,0.5527471953769858,0.6071948631770829,1.1629815248554256,11.64291036549475
sleep_edf,raw,2024,1,0.8577032810271041,0.6020431301170766,0.717323354889568,1.1629815248554256,11.64291036549475
sleep_edf,raw,2024,2,0.7483018867924528,0.5392733945073105,0.5256493656360333,1.1629815248554256,11.64291036549475
sleep_edf,downsample_64hz,42,0,0.8020684736091298,0.5252690998101118,0.6095574648406776,1.2263843572053839,19.285843399960093
sleep_edf,downsample_64hz,42,1,0.806566738044254,0.5474910506766479,0.6144600212890783,1.2263843572053839,19.285843399960093
sleep_edf,downsample_64hz,42,2,0.570566037735849,0.42350695538993116,0.33233424423278435,1.2263843572053839,19.285843399960093
sleep_edf,downsample_64hz,123,0,0.5709433962264151,0.4208747740833612,0.331671226738918,1.2263843572053839,19.285843399960093
sleep_edf,downsample_64hz,123,1,0.8009985734664765,0.5213571965222085,0.6076312481238983,1.2263843572053839,19.285843399960093
sleep_edf,downsample_64hz,123,2,0.8069236259814418,0.5487956372598806,0.6145733139384546,1.2263843572053839,19.285843399960093
sleep_edf,downsample_64hz,456,0,0.8047822983583155,0.5454473474211793,0.6106272971987006,1.2263843572053839,19.285843399960093
sleep_edf,downsample_64hz,456,1,0.8034950071326676,0.5294456684725587,0.6119354774700871,1.2263843572053839,19.285843399960093
sleep_edf,downsample_64hz,456,2,0.570188679245283,0.419948045349832,0.3302650693410355,1.2263843572053839,19.285843399960093
sleep_edf,downsample_64hz,789,0,0.8024251069900142,0.5236159343542748,0.6097791836144113,1.2263843572053839,19.285843399960093
sleep_edf,downsample_64hz,789,1,0.8051391862955032,0.5424164929293023,0.6110398249606499,1.2263843572053839,19.285843399960093
sleep_edf,downsample_64hz,789,2,0.5664150943396227,0.41861259268004913,0.32715998912796074,1.2263843572053839,19.285843399960093
sleep_edf,downsample_64hz,2024,0,0.8062098501070664,0.5456132647187985,0.6135131180671769,1.2263843572053839,19.285843399960093
sleep_edf,downsample_64hz,2024,1,0.8027817403708987,0.5263267506103191,0.6110829222681019,1.2263843572053839,19.285843399960093
sleep_edf,downsample_64hz,2024,2,0.5732075471698114,0.42389419534367756,0.33390375757710455,1.2263843572053839,19.285843399960093
sleep_edf,envelope_8_30hz,42,0,0.833095577746077,0.556973431019046,0.666380827178632,1.1814139457848618,18.598649324555105
sleep_edf,envelope_8_30hz,42,1,0.7922912205567452,0.5486945753954517,0.6126627034260441,1.1814139457848618,18.598649324555105
sleep_edf,envelope_8_30hz,42,2,0.7060377358490566,0.4893283254701129,0.46718421563404655,1.1814139457848618,18.598649324555105
sleep_edf,envelope_8_30hz,123,0,0.7101886792452831,0.48869431636701394,0.4710221395116728,1.1814139457848618,18.598649324555105
sleep_edf,envelope_8_30hz,123,1,0.8352353780313837,0.5617139929068752,0.6710866307026739,1.1814139457848618,18.598649324555105
sleep_edf,envelope_8_30hz,123,2,0.7869379014989293,0.5390813518435935,0.6028254389224393,1.1814139457848618,18.598649324555105
sleep_edf,envelope_8_30hz,456,0,0.7880085653104925,0.5437480145740445,0.6052241526572492,1.1814139457848618,18.598649324555105
sleep_edf,envelope_8_30hz,456,1,0.8334522111269614,0.5591150028760522,0.6675269622037852,1.1814139457848618,18.598649324555105
sleep_edf,envelope_8_30hz,456,2,0.7132075471698113,0.4918618727786198,0.47506178580122926,1.1814139457848618,18.598649324555105
sleep_edf,envelope_8_30hz,789,0,0.8355920114122682,0.5636834658644213,0.6710727406804995,1.1814139457848618,18.598649324555105
sleep_edf,envelope_8_30hz,789,1,0.791220556745182,0.5466294329946437,0.6109527630762921,1.1814139457848618,18.598649324555105
sleep_edf,envelope_8_30hz,789,2,0.710566037735849,0.4909325539529658,0.4720550618089482,1.1814139457848618,18.598649324555105
sleep_edf,envelope_8_30hz,2024,0,0.7901498929336188,0.5447087130959305,0.6085186220110974,1.1814139457848618,18.598649324555105
sleep_edf,envelope_8_30hz,2024,1,0.8345221112696148,0.5607266626153378,0.6697451054701411,1.1814139457848618,18.598649324555105
sleep_edf,envelope_8_30hz,2024,2,0.709811320754717,0.48946876987195964,0.4709535220006593,1.1814139457848618,18.598649324555105
sleep_edf,spectral_500ms,42,0,0.5977175463623395,0.4823381673264445,0.40522327407464787,1.7204783355332993,823.3261686957376
sleep_edf,spectral_500ms,42,1,0.7469664525339044,0.5901160139522986,0.5864180811896462,1.7204783355332993,823.3261686957376
sleep_edf,spectral_500ms,42,2,0.8950943396226415,0.6298301669507936,0.7619343841138786,1.7204783355332993,823.3261686957376
sleep_edf,spectral_500ms,123,0,0.8950943396226415,0.6304632892855988,0.7619463078573552,1.7204783355332993,823.3261686957376
sleep_edf,spectral_500ms,123,1,0.598074179743224,0.4827703048761169,0.405793242671011,1.7204783355332993,823.3261686957376
sleep_edf,spectral_500ms,123,2,0.7476802284082797,0.590357076732975,0.5873175517958642,1.7204783355332993,823.3261686957376
sleep_edf,spectral_500ms,456,0,0.7466095645967167,0.5897902743170806,0.5859800700542815,1.7204783355332993,823.3261686957376
sleep_edf,spectral_500ms,456,1,0.5977175463623395,0.48290584846040047,0.40552812204623556,1.7204783355332993,823.3261686957376
sleep_edf,spectral_500ms,456,2,0.8950943396226415,0.6297470909247878,0.7619389998982093,1.7204783355332993,823.3261686957376
sleep_edf,spectral_500ms,789,0,0.5984308131241084,0.4830135030824346,0.4063717236782608,1.7204783355332993,823.3261686957376
sleep_edf,spectral_500ms,789,1,0.7491077801570307,0.5911619258074792,0.5890191800897111,1.7204783355332993,823.3261686957376
sleep_edf,spectral_500ms,789,2,0.8954716981132076,0.6305463259569922,0.7627930348628478,1.7204783355332993,823.3261686957376
sleep_edf,spectral_500ms,2024,0,0.7462526766595289,0.5894109442336762,0.585547625714653,1.7204783355332993,823.3261686957376
sleep_edf,spectral_500ms,2024,1,0.5977175463623395,0.481964878606283,0.40516533215378636,1.7204783355332993,823.3261686957376
sleep_edf,spectral_500ms,2024,2,0.8950943396226415,0.6298301669507936,0.7619343841138786,1.7204783355332993,823.3261686957376
sleep_edf,delta_quant,42,0,0.869472182596291,0.6044297991987506,0.7375069730752969,1.0808804480942134,10.835632865443944
sleep_edf,delta_quant,42,1,0.4875089221984297,0.392403868196325,0.2972515475174575,1.0808804480942134,10.835632865443944
sleep_edf,delta_quant,42,2,0.8230188679245283,0.5283391401045741,0.6149741400541827,1.0808804480942134,10.835632865443944
sleep_edf,delta_quant,123,0,0.8252830188679245,0.537203270307659,0.6208813585298372,1.0808804480942134,10.835632865443944
sleep_edf,delta_quant,123,1,0.8708987161198288,0.6117505185470339,0.7405168506523967,1.0808804480942134,10.835632865443944
sleep_edf,delta_quant,123,2,0.48108493932905066,0.39003038844298166,0.29210889140831664,1.0808804480942134,10.835632865443944
sleep_edf,delta_quant,456,0,0.4925053533190578,0.39906609856191916,0.30262677730282106,1.0808804480942134,10.835632865443944
sleep_edf,delta_quant,456,1,0.8691155492154066,0.6069745698497315,0.7372823979094268,1.0808804480942134,10.835632865443944
sleep_edf,delta_quant,456,2,0.8207547169811321,0.5287748433221343,0.6112671532711464,1.0808804480942134,10.835632865443944
sleep_edf,delta_quant,789,0,0.8723252496433667,0.6107731905447898,0.7424583996857672,1.0808804480942134,10.835632865443944
sleep_edf,delta_quant,789,1,0.4842969307637402,0.3925728307088306,0.29477781762552946,1.0808804480942134,10.835632865443944
sleep_edf,delta_quant,789,2,0.8249056603773585,0.5334395926652069,0.6190204711430316,1.0808804480942134,10.835632865443944
sleep_edf,delta_quant,2024,0,0.48857958600999285,0.3921255232186166,0.2992940178681277,1.0808804480942134,10.835632865443944
sleep_edf,delta_quant,2024,1,0.8691155492154066,0.605442199769555,0.736124028383896,1.0808804480942134,10.835632865443944
sleep_edf,delta_quant,2024,2,0.8241509433962264,0.529695929059905,0.6168267333245625,1.0808804480942134,10.835632865443944
sleep_edf,multiband_alpha_beta,42,0,0.7557061340941512,0.44071966940545604,0.5270670717549418,1.273274597181766,12.526933066380188
sleep_edf,multiband_alpha_beta,42,1,0.7758743754461099,0.43609768125085646,0.5636405838043299,1.273274597181766,12.526933066380188
sleep_edf,multiband_alpha_beta,42,2,0.7173584905660377,0.369159618029286,0.36792906768383116,1.273274597181766,12.526933066380188
sleep_edf,multiband_alpha_beta,123,0,0.7132075471698113,0.3623570991980106,0.36181707852279976,1.273274597181766,12.526933066380188
sleep_edf,multiband_alpha_beta,123,1,0.7589158345221113,0.4319095285168132,0.5294584923936525,1.273274597181766,12.526933066380188
sleep_edf,multiband_alpha_beta,123,2,0.7773019271948608,0.4458432962794979,0.5657720335958647,1.273274597181766,12.526933066380188
sleep_edf,multiband_alpha_beta,456,0,0.7758743754461099,0.43754681699119063,0.563312140732305,1.273274597181766,12.526933066380188
sleep_edf,multiband_alpha_beta,456,1,0.7606990014265336,0.44271837023086835,0.5348738784283721,1.273274597181766,12.526933066380188
sleep_edf,multiband_alpha_beta,456,2,0.7177358490566038,0.37144332952581616,0.3687375738720666,1.273274597181766,12.526933066380188
sleep_edf,multiband_alpha_beta,789,0,0.7564194008559201,0.4399658443390934,0.5276413143047977,1.273274597181766,12.526933066380188
sleep_edf,multiband_alpha_beta,789,1,0.7733761598857959,0.43356342363516526,0.5596276188156746,1.273274597181766,12.526933066380188
sleep_edf,multiband_alpha_beta,789,2,0.7162264150943396,0.3684109773194182,0.36937487163924243,1.273274597181766,12.526933066380188
sleep_edf,multiband_alpha_beta,2024,0,0.7780157030692363,0.44569988965985186,0.5671006810764088,1.273274597181766,12.526933066380188
sleep_edf,multiband_alpha_beta,2024,1,0.7585592011412268,0.43986663625584593,0.5305606614805911,1.273274597181766,12.526933066380188
sleep_edf,multiband_alpha_beta,2024,2,0.7113207547169811,0.36507677214828665,0.3611574261254076,1.273274597181766,12.526933066380188
mental_arithmetic,raw,42,0,0.36666666666666664,0.3301997649823737,-0.2666666666666666,1.3549589924506336,2.7051009872844993
mental_arithmetic,raw,42,1,0.4666666666666667,0.4642857142857143,-0.06666666666666665,1.3549589924506336,2.7051009872844993
mental_arithmetic,raw,42,2,0.5666666666666667,0.5417156286721504,0.1333333333333333,1.3549589924506336,2.7051009872844993
mental_arithmetic,raw,123,0,0.5666666666666667,0.5417156286721504,0.1333333333333333,1.3549589924506336,2.7051009872844993
mental_arithmetic,raw,123,1,0.4,0.354066985645933,-0.19999999999999996,1.3549589924506336,2.7051009872844993
mental_arithmetic,raw,123,2,0.4,0.3891402714932127,-0.19999999999999996,1.3549589924506336,2.7051009872844993
mental_arithmetic,raw,456,0,0.4,0.3891402714932127,-0.19999999999999996,1.3549589924506336,2.7051009872844993
mental_arithmetic,raw,456,1,0.4,0.354066985645933,-0.19999999999999996,1.3549589924506336,2.7051009872844993
mental_arithmetic,raw,456,2,0.5666666666666667,0.5417156286721504,0.1333333333333333,1.3549589924506336,2.7051009872844993
mental_arithmetic,raw,789,0,0.4,0.354066985645933,-0.19999999999999996,1.3549589924506336,2.7051009872844993
mental_arithmetic,raw,789,1,0.4,0.3891402714932127,-0.19999999999999996,1.3549589924506336,2.7051009872844993
mental_arithmetic,raw,789,2,0.5666666666666667,0.5417156286721504,0.1333333333333333,1.3549589924506336,2.7051009872844993
mental_arithmetic,raw,2024,0,0.43333333333333335,0.4276094276094276,-0.1333333333333333,1.3549589924506336,2.7051009872844993
mental_arithmetic,raw,2024,1,0.36666666666666664,0.3301997649823737,-0.2666666666666666,1.3549589924506336,2.7051009872844993
mental_arithmetic,raw,2024,2,0.5666666666666667,0.5417156286721504,0.1333333333333333,1.3549589924506336,2.7051009872844993
mental_arithmetic,downsample_64hz,42,0,0.4,0.3973214285714286,-0.19999999999999996,1.1750025567218148,18.3952082805007
mental_arithmetic,downsample_64hz,42,1,0.4,0.3891402714932127,-0.19999999999999996,1.1750025567218148,18.3952082805007
mental_arithmetic,downsample_64hz,42,2,0.5333333333333333,0.53125,0.06666666666666665,1.1750025567218148,18.3952082805007
mental_arithmetic,downsample_64hz,123,0,0.5,0.4949494949494949,0.0,1.1750025567218148,18.3952082805007
mental_arithmetic,downsample_64hz,123,1,0.4,0.3973214285714286,-0.19999999999999996,1.1750025567218148,18.3952082805007
mental_arithmetic,downsample_64hz,123,2,0.4,0.3891402714932127,-0.19999999999999996,1.1750025567218148,18.3952082805007
mental_arithmetic,downsample_64hz,456,0,0.4,0.3891402714932127,-0.19999999999999996,1.1750025567218148,18.3952082805007
mental_arithmetic,downsample_64hz,456,1,0.4,0.3973214285714286,-0.19999999999999996,1.1750025567218148,18.3952082805007
mental_arithmetic,downsample_64hz,456,2,0.5333333333333333,0.5248868778280543,0.06666666666666665,1.1750025567218148,18.3952082805007
mental_arithmetic,downsample_64hz,789,0,0.4,0.3973214285714286,-0.19999999999999996,1.1750025567218148,18.3952082805007
mental_arithmetic,downsample_64hz,789,1,0.4,0.3891402714932127,-0.19999999999999996,1.1750025567218148,18.3952082805007
mental_arithmetic,downsample_64hz,789,2,0.5333333333333333,0.5248868778280543,0.06666666666666665,1.1750025567218148,18.3952082805007
mental_arithmetic,downsample_64hz,2024,0,0.4,0.3891402714932127,-0.19999999999999996,1.1750025567218148,18.3952082805007
mental_arithmetic,downsample_64hz,2024,1,0.4,0.3973214285714286,-0.19999999999999996,1.1750025567218148,18.3952082805007
mental_arithmetic,downsample_64hz,2024,2,0.5666666666666667,0.5622895622895623,0.1333333333333333,1.1750025567218148,18.3952082805007
mental_arithmetic,envelope_8_30hz,42,0,0.6,0.5833333333333333,0.19999999999999996,1.1616472902221375,18.16503365968351
mental_arithmetic,envelope_8_30hz,42,1,0.5333333333333333,0.5333333333333333,0.06666666666666665,1.1616472902221375,18.16503365968351
mental_arithmetic,envelope_8_30hz,42,2,0.43333333333333335,0.43270300333704115,-0.1333333333333333,1.1616472902221375,18.16503365968351
mental_arithmetic,envelope_8_30hz,123,0,0.4666666666666667,0.4666666666666667,-0.06666666666666665,1.1616472902221375,18.16503365968351
mental_arithmetic,envelope_8_30hz,123,1,0.6,0.5833333333333333,0.19999999999999996,1.1616472902221375,18.16503365968351
mental_arithmetic,envelope_8_30hz,123,2,0.5333333333333333,0.5333333333333333,0.06666666666666665,1.1616472902221375,18.16503365968351
mental_arithmetic,envelope_8_30hz,456,0,0.5333333333333333,0.5333333333333333,0.06666666666666665,1.1616472902221375,18.16503365968351
mental_arithmetic,envelope_8_30hz,456,1,0.6,0.5833333333333333,0.19999999999999996,1.1616472902221375,18.16503365968351
mental_arithmetic,envelope_8_30hz,456,2,0.5,0.4994438264738599,0.0,1.1616472902221375,18.16503365968351
mental_arithmetic,envelope_8_30hz,789,0,0.6,0.5833333333333333,0.19999999999999996,1.1616472902221375,18.16503365968351
mental_arithmetic,envelope_8_30hz,789,1,0.5333333333333333,0.5333333333333333,0.06666666666666665,1.1616472902221375,18.16503365968351
mental_arithmetic,envelope_8_30hz,789,2,0.5,0.4994438264738599,0.0,1.1616472902221375,18.16503365968351
mental_arithmetic,envelope_8_30hz,2024,0,0.5333333333333333,0.5333333333333333,0.06666666666666665,1.1616472902221375,18.16503365968351
mental_arithmetic,envelope_8_30hz,2024,1,0.6,0.5833333333333333,0.19999999999999996,1.1616472902221375,18.16503365968351
mental_arithmetic,envelope_8_30hz,2024,2,0.43333333333333335,0.43270300333704115,-0.1333333333333333,1.1616472902221375,18.16503365968351
mental_arithmetic,spectral_500ms,42,0,0.5,0.45054945054945056,0.0,1.350286458450764,662.1385398465197
mental_arithmetic,spectral_500ms,42,1,0.6,0.5927601809954751,0.19999999999999996,1.350286458450764,662.1385398465197
mental_arithmetic,spectral_500ms,42,2,0.4666666666666667,0.4,-0.06666666666666665,1.350286458450764,662.1385398465197
mental_arithmetic,spectral_500ms,123,0,0.4666666666666667,0.4,-0.06666666666666665,1.350286458450764,662.1385398465197
mental_arithmetic,spectral_500ms,123,1,0.5,0.45054945054945056,0.0,1.350286458450764,662.1385398465197
mental_arithmetic,spectral_500ms,123,2,0.6,0.5927601809954751,0.19999999999999996,1.350286458450764,662.1385398465197
mental_arithmetic,spectral_500ms,456,0,0.6,0.5927601809954751,0.19999999999999996,1.350286458450764,662.1385398465197
mental_arithmetic,spectral_500ms,456,1,0.5,0.45054945054945056,0.0,1.350286458450764,662.1385398465197
mental_arithmetic,spectral_500ms,456,2,0.4666666666666667,0.4,-0.06666666666666665,1.350286458450764,662.1385398465197
mental_arithmetic,spectral_500ms,789,0,0.5,0.45054945054945056,0.0,1.350286458450764,662.1385398465197
mental_arithmetic,spectral_500ms,789,1,0.6,0.5927601809954751,0.19999999999999996,1.350286458450764,662.1385398465197
mental_arithmetic,spectral_500ms,789,2,0.4666666666666667,0.4,-0.06666666666666665,1.350286458450764,662.1385398465197
mental_arithmetic,spectral_500ms,2024,0,0.6,0.5927601809954751,0.19999999999999996,1.350286458450764,662.1385398465197
mental_arithmetic,spectral_500ms,2024,1,0.5,0.45054945054945056,0.0,1.350286458450764,662.1385398465197
mental_arithmetic,spectral_500ms,2024,2,0.4666666666666667,0.4,-0.06666666666666665,1.350286458450764,662.1385398465197
mental_arithmetic,delta_quant,42,0,0.36666666666666664,0.2682926829268293,-0.2666666666666666,1.151018015916411,2.3037769163332484
mental_arithmetic,delta_quant,42,1,0.5333333333333333,0.5248868778280543,0.06666666666666665,1.151018015916411,2.3037769163332484
mental_arithmetic,delta_quant,42,2,0.26666666666666666,0.26339285714285715,-0.46666666666666656,1.151018015916411,2.3037769163332484
mental_arithmetic,delta_quant,123,0,0.26666666666666666,0.26339285714285715,-0.46666666666666656,1.151018015916411,2.3037769163332484
mental_arithmetic,delta_quant,123,1,0.43333333333333335,0.3772893772893773,-0.1333333333333333,1.151018015916411,2.3037769163332484
mental_arithmetic,delta_quant,123,2,0.5333333333333333,0.5248868778280543,0.06666666666666665,1.151018015916411,2.3037769163332484
mental_arithmetic,delta_quant,456,0,0.5333333333333333,0.5248868778280543,0.06666666666666665,1.151018015916411,2.3037769163332484
mental_arithmetic,delta_quant,456,1,0.4,0.354066985645933,-0.19999999999999996,1.151018015916411,2.3037769163332484
mental_arithmetic,delta_quant,456,2,0.26666666666666666,0.26339285714285715,-0.46666666666666656,1.151018015916411,2.3037769163332484
mental_arithmetic,delta_quant,789,0,0.43333333333333335,0.3772893772893773,-0.1333333333333333,1.151018015916411,2.3037769163332484
mental_arithmetic,delta_quant,789,1,0.5333333333333333,0.5248868778280543,0.06666666666666665,1.151018015916411,2.3037769163332484
mental_arithmetic,delta_quant,789,2,0.26666666666666666,0.26339285714285715,-0.46666666666666656,1.151018015916411,2.3037769163332484
mental_arithmetic,delta_quant,2024,0,0.5333333333333333,0.5248868778280543,0.06666666666666665,1.151018015916411,2.3037769163332484
mental_arithmetic,delta_quant,2024,1,0.4,0.325,-0.19999999999999996,1.151018015916411,2.3037769163332484
mental_arithmetic,delta_quant,2024,2,0.26666666666666666,0.26339285714285715,-0.46666666666666656,1.151018015916411,2.3037769163332484
mental_arithmetic,multiband_alpha_beta,42,0,0.5,0.4949494949494949,0.0,1.2415277927687471,2.4621782736007067
mental_arithmetic,multiband_alpha_beta,42,1,0.4,0.3891402714932127,-0.19999999999999996,1.2415277927687471,2.4621782736007067
mental_arithmetic,multiband_alpha_beta,42,2,0.5333333333333333,0.53125,0.06666666666666665,1.2415277927687471,2.4621782736007067
mental_arithmetic,multiband_alpha_beta,123,0,0.5,0.4949494949494949,0.0,1.2415277927687471,2.4621782736007067
mental_arithmetic,multiband_alpha_beta,123,1,0.5,0.4949494949494949,0.0,1.2415277927687471,2.4621782736007067
mental_arithmetic,multiband_alpha_beta,123,2,0.4,0.3891402714932127,-0.19999999999999996,1.2415277927687471,2.4621782736007067
mental_arithmetic,multiband_alpha_beta,456,0,0.4,0.3891402714932127,-0.19999999999999996,1.2415277927687471,2.4621782736007067
mental_arithmetic,multiband_alpha_beta,456,1,0.5,0.4949494949494949,0.0,1.2415277927687471,2.4621782736007067
mental_arithmetic,multiband_alpha_beta,456,2,0.5,0.4949494949494949,0.0,1.2415277927687471,2.4621782736007067
mental_arithmetic,multiband_alpha_beta,789,0,0.5,0.4949494949494949,0.0,1.2415277927687471,2.4621782736007067
mental_arithmetic,multiband_alpha_beta,789,1,0.4,0.3891402714932127,-0.19999999999999996,1.2415277927687471,2.4621782736007067
mental_arithmetic,multiband_alpha_beta,789,2,0.5333333333333333,0.53125,0.06666666666666665,1.2415277927687471,2.4621782736007067
mental_arithmetic,multiband_alpha_beta,2024,0,0.4,0.3891402714932127,-0.19999999999999996,1.2415277927687471,2.4621782736007067
mental_arithmetic,multiband_alpha_beta,2024,1,0.5,0.4949494949494949,0.0,1.2415277927687471,2.4621782736007067
mental_arithmetic,multiband_alpha_beta,2024,2,0.5333333333333333,0.53125,0.06666666666666665,1.2415277927687471,2.4621782736007067
epfl_p300,raw,42,0,0.6568287037037037,0.48141434108703673,-0.02595155709342567,1.369198584993964,0.6696304140354238
epfl_p300,raw,42,1,0.6678240740740741,0.4825451214193449,-0.027446300715990413,1.369198584993964,0.6696304140354238
epfl_p300,raw,42,2,0.6556712962962963,0.4848791984204084,-0.01767388825541616,1.369198584993964,0.6696304140354238
epfl_p300,raw,123,0,0.6556712962962963,0.4817697530674406,-0.0246842709529278,1.369198584993964,0.6696304140354238
epfl_p300,raw,123,1,0.6689814814814815,0.4843481000903576,-0.023866348448687402,1.369198584993964,0.6696304140354238
epfl_p300,raw,123,2,0.6550925925925926,0.48349823066368164,-0.020547945205479534,1.369198584993964,0.6696304140354238
epfl_p300,raw,456,0,0.6574074074074074,0.4828146865874473,-0.02304147465437789,1.369198584993964,0.6696304140354238
epfl_p300,raw,456,1,0.6678240740740741,0.4825451214193449,-0.027446300715990413,1.369198584993964,0.6696304140354238
epfl_p300,raw,456,2,0.6545138888888888,0.4831476999277039,-0.02109464082098067,1.369198584993964,0.6696304140354238
epfl_p300,raw,789,0,0.6579861111111112,0.48421166933925935,-0.020138089758342748,1.369198584993964,0.6696304140354238
epfl_p300,raw,789,1,0.6689814814814815,0.4832319751051923,-0.02631578947368407,1.369198584993964,0.6696304140354238
epfl_p300,raw,789,2,0.6550925925925926,0.48452712483007565,-0.018223234624145768,1.369198584993964,0.6696304140354238
epfl_p300,raw,2024,0,0.6579861111111112,0.4831633652317685,-0.02249134948096887,1.369198584993964,0.6696304140354238
epfl_p300,raw,2024,1,0.6689814814814815,0.4832319751051923,-0.02631578947368407,1.369198584993964,0.6696304140354238
epfl_p300,raw,2024,2,0.6550925925925926,0.48452712483007565,-0.018223234624145768,1.369198584993964,0.6696304140354238
epfl_p300,downsample_64hz,42,0,0.6585648148148148,0.5024207402779947,0.02101769911504414,1.15225,18.020833333333332
epfl_p300,downsample_64hz,42,1,0.6793981481481481,0.5120336011091629,0.03372093023255818,1.15225,18.020833333333332
epfl_p300,downsample_64hz,42,2,0.6689814814814815,0.49196950632817704,-0.007042253521126751,1.15225,18.020833333333332
epfl_p300,downsample_64hz,123,0,0.6579861111111112,0.5011057521092827,0.01827242524916939,1.15225,18.020833333333332
epfl_p300,downsample_64hz,123,1,0.6788194444444444,0.511656362994771,0.0331010452961672,1.15225,18.020833333333332
epfl_p300,downsample_64hz,123,2,0.6707175925925926,0.493036961414418,-0.005300353356890497,1.15225,18.020833333333332
epfl_p300,downsample_64hz,456,0,0.6603009259259259,0.503541357604436,0.022752497225305146,1.15225,18.020833333333332
epfl_p300,downsample_64hz,456,1,0.6770833333333334,0.5085103780124781,0.026744186046511742,1.15225,18.020833333333332
epfl_p300,downsample_64hz,456,2,0.6741898148148148,0.49517809524254297,-0.001779359430605032,1.15225,18.020833333333332
epfl_p300,downsample_64hz,789,0,0.6614583333333334,0.5033406883011793,0.021739130434782594,1.15225,18.020833333333332
epfl_p300,downsample_64hz,789,1,0.6793981481481481,0.5120336011091629,0.03372093023255818,1.15225,18.020833333333332
epfl_p300,downsample_64hz,789,2,0.6712962962962963,0.49231886486788445,-0.007092198581560183,1.15225,18.020833333333332
epfl_p300,downsample_64hz,2024,0,0.6579861111111112,0.502984048250914,0.022601984564498245,1.15225,18.020833333333332
epfl_p300,downsample_64hz,2024,1,0.6759259259259259,0.5077634285644524,0.025522041763341052,1.15225,18.020833333333332
epfl_p300,downsample_64hz,2024,2,0.6736111111111112,0.49482065104706613,-0.0023696682464455776,1.15225,18.020833333333332
epfl_p300,envelope_8_30hz,42,0,0.6585648148148148,0.48869791290532244,-0.010273972602739656,1.39675,21.77864583333333
epfl_p300,envelope_8_30hz,42,1,0.6684027777777778,0.4958181909837906,0.0017421602787456303,1.39675,21.77864583333333
epfl_p300,envelope_8_30hz,42,2,0.6452546296296297,0.4795689605617486,-0.025083612040133874,1.39675,21.77864583333333
epfl_p300,envelope_8_30hz,123,0,0.6591435185185185,0.4890538284868033,-0.009714285714285564,1.39675,21.77864583333333
epfl_p300,envelope_8_30hz,123,1,0.6678240740740741,0.4933710902304029,-0.0034965034965035446,1.39675,21.77864583333333
epfl_p300,envelope_8_30hz,123,2,0.6464120370370371,0.4822579814687227,-0.01946607341490547,1.39675,21.77864583333333
epfl_p300,envelope_8_30hz,456,0,0.6620370370370371,0.4908364362909817,-0.006896551724137945,1.39675,21.77864583333333
epfl_p300,envelope_8_30hz,456,1,0.6678240740740741,0.4954575142785637,0.001160092807424573,1.39675,21.77864583333333
epfl_p300,envelope_8_30hz,456,2,0.6464120370370371,0.4822579814687227,-0.01946607341490547,1.39675,21.77864583333333
epfl_p300,envelope_8_30hz,789,0,0.6603009259259259,0.49078879001995507,-0.006285714285714228,1.39675,21.77864583333333
epfl_p300,envelope_8_30hz,789,1,0.6666666666666666,0.49473684210526314,0.0,1.39675,21.77864583333333
epfl_p300,envelope_8_30hz,789,2,0.6464120370370371,0.48126694111456503,-0.021739130434782705,1.39675,21.77864583333333
epfl_p300,envelope_8_30hz,2024,0,0.6591435185185185,0.4890538284868033,-0.009714285714285564,1.39675,21.77864583333333
epfl_p300,envelope_8_30hz,2024,1,0.6684027777777778,0.4958181909837906,0.0017421602787456303,1.39675,21.77864583333333
epfl_p300,envelope_8_30hz,2024,2,0.6458333333333334,0.4819047619047619,-0.020000000000000018,1.39675,21.77864583333333
epfl_p300,spectral_500ms,42,0,0.6452546296296297,0.4892550913494432,-0.0027262813522355156,1.1355,580.3333333333334
epfl_p300,spectral_500ms,42,1,0.6655092592592593,0.5020729015237172,0.017006802721088454,1.1355,580.3333333333334
epfl_p300,spectral_500ms,42,2,0.6666666666666666,0.5028132992327365,0.018181818181818077,1.1355,580.3333333333334
epfl_p300,spectral_500ms,123,0,0.6446759259259259,0.4888923573175173,-0.0032679738562091387,1.1355,580.3333333333334
epfl_p300,spectral_500ms,123,1,0.6637731481481481,0.499981821468895,0.013023782559456354,1.1355,580.3333333333334
epfl_p300,spectral_500ms,123,2,0.6637731481481481,0.499981821468895,0.013023782559456354,1.1355,580.3333333333334
epfl_p300,spectral_500ms,456,0,0.6452546296296297,0.48831163185009674,-0.004918032786885185,1.1355,580.3333333333334
epfl_p300,spectral_500ms,456,1,0.6637731481481481,0.499981821468895,0.013023782559456354,1.1355,580.3333333333334
epfl_p300,spectral_500ms,456,2,0.6672453703703703,0.5021941833474535,0.016533637400227952,1.1355,580.3333333333334
epfl_p300,spectral_500ms,789,0,0.6440972222222222,0.48852979749972925,-0.003808487486398393,1.1355,580.3333333333334
epfl_p300,spectral_500ms,789,1,0.6620370370370371,0.49985726520125606,0.013513513513513487,1.1355,580.3333333333334
epfl_p300,spectral_500ms,789,2,0.6678240740740741,0.5025637322163645,0.017123287671232834,1.1355,580.3333333333334
epfl_p300,spectral_500ms,2024,0,0.6435185185185185,0.4862821710693961,-0.008733624454148492,1.1355,580.3333333333334
epfl_p300,spectral_500ms,2024,1,0.6643518518518519,0.500349970387121,0.013605442176870763,1.1355,580.3333333333334
epfl_p300,spectral_500ms,2024,2,0.6672453703703703,0.5021941833474535,0.016533637400227952,1.1355,580.3333333333334
epfl_p300,delta_quant,42,0,0.6684027777777778,0.49992095859796215,0.010932105868814768,1.3181363911997719,0.6391437398172677
epfl_p300,delta_quant,42,1,0.6493055555555556,0.4789794212474625,-0.02828054298642524,1.3181363911997719,0.6391437398172677
epfl_p300,delta_quant,42,2,0.6539351851851852,0.49278950458153603,0.00111358574610243,1.3181363911997719,0.6391437398172677
epfl_p300,delta_quant,123,0,0.6701388888888888,0.5010202903014669,0.012702078521940052,1.3181363911997719,0.6391437398172677
epfl_p300,delta_quant,123,1,0.6487268518518519,0.47863198156888187,-0.028813559322034,1.3181363911997719,0.6391437398172677
epfl_p300,delta_quant,123,2,0.6550925925925926,0.4935163036636032,0.0022321428571429047,1.3181363911997719,0.6391437398172677
epfl_p300,delta_quant,456,0,0.6695601851851852,0.500653606679086,0.01211072664359858,1.3181363911997719,0.6391437398172677
epfl_p300,delta_quant,456,1,0.6498842592592593,0.47932702579807485,-0.027746319365798522,1.3181363911997719,0.6391437398172677
epfl_p300,delta_quant,456,2,0.6533564814814815,0.49339228825393033,0.002774694783573728,1.3181363911997719,0.6391437398172677
epfl_p300,delta_quant,789,0,0.6689814814814815,0.4992694843025247,0.009237875288683695,1.3181363911997719,0.6391437398172677
epfl_p300,delta_quant,789,1,0.6521990740740741,0.48071912337150957,-0.025597269624573427,1.3181363911997719,0.6391437398172677
epfl_p300,delta_quant,789,2,0.6527777777777778,0.4910931484095679,-0.00222717149220486,1.3181363911997719,0.6391437398172677
epfl_p300,delta_quant,2024,0,0.6672453703703703,0.4981754820136618,0.007479861910241747,1.3181363911997719,0.6391437398172677
epfl_p300,delta_quant,2024,1,0.6516203703703703,0.482418500975202,-0.02149321266968318,1.3181363911997719,0.6391437398172677
epfl_p300,delta_quant,2024,2,0.6533564814814815,0.49145482443146393,-0.0016722408026756952,1.3181363911997719,0.6391437398172677
epfl_p300,multiband_alpha_beta,42,0,0.6626157407407407,0.49222145552658464,-0.0040183696900115695,1.8230833333333334,0.9305826822916665
epfl_p300,multiband_alpha_beta,42,1,0.6649305555555556,0.49262424978510955,-0.004046242774566444,1.8230833333333334,0.9305826822916665
epfl_p300,multiband_alpha_beta,42,2,0.6637731481481481,0.49699968786934,0.006271379703534752,1.8230833333333334,0.9305826822916665
epfl_p300,multiband_alpha_beta,123,0,0.6608796296296297,0.48909272545636184,-0.010344827586206806,1.8230833333333334,0.9305826822916665
epfl_p300,multiband_alpha_beta,123,1,0.6655092592592593,0.49298245614035086,-0.003472222222222321,1.8230833333333334,0.9305826822916665
epfl_p300,multiband_alpha_beta,123,2,0.6637731481481481,0.49699968786934,0.006271379703534752,1.8230833333333334,0.9305826822916665
epfl_p300,multiband_alpha_beta,456,0,0.6614583333333334,0.49150470602615814,-0.005154639175257714,1.8230833333333334,0.9305826822916665
epfl_p300,multiband_alpha_beta,456,1,0.6655092592592593,0.4919415387683098,-0.0058004640371229765,1.8230833333333334,0.9305826822916665
epfl_p300,multiband_alpha_beta,456,2,0.6655092592592593,0.500095097570107,0.01252847380410027,1.8230833333333334,0.9305826822916665
epfl_p300,multiband_alpha_beta,789,0,0.6608796296296297,0.48909272545636184,-0.010344827586206806,1.8230833333333334,0.9305826822916665
epfl_p300,multiband_alpha_beta,789,1,0.6655092592592593,0.4919415387683098,-0.0058004640371229765,1.8230833333333334,0.9305826822916665
epfl_p300,multiband_alpha_beta,789,2,0.6614583333333334,0.493536690883931,-0.0005701254275940482,1.8230833333333334,0.9305826822916665
epfl_p300,multiband_alpha_beta,2024,0,0.6614583333333334,0.48944809909216025,-0.009781357882623576,1.8230833333333334,0.9305826822916665
epfl_p300,multiband_alpha_beta,2024,1,0.6637731481481481,0.49087165652011855,-0.007514450867052158,1.8230833333333334,0.9305826822916665
epfl_p300,multiband_alpha_beta,2024,2,0.6649305555555556,0.49772863615256213,0.007428571428571451,1.8230833333333334,0.9305826822916665
ssvep_nakanishi,raw,42,0,0.07777777777777778,0.08571584257134339,-0.0060606060606061,1.2122909613442447,4.673309300839239
ssvep_nakanishi,raw,42,1,0.08888888888888889,0.08228792827997815,0.0060606060606061,1.2122909613442447,4.673309300839239
ssvep_nakanishi,raw,42,2,0.06666666666666667,0.05870235339936152,-0.018181818181818077,1.2122909613442447,4.673309300839239
ssvep_nakanishi,raw,123,0,0.08888888888888889,0.09159846238953744,0.0060606060606061,1.2122909613442447,4.673309300839239
ssvep_nakanishi,raw,123,1,0.07777777777777778,0.07191366397378222,-0.0060606060606061,1.2122909613442447,4.673309300839239
ssvep_nakanishi,raw,123,2,0.044444444444444446,0.04099654070918438,-0.042424242424242475,1.2122909613442447,4.673309300839239
ssvep_nakanishi,raw,456,0,0.09444444444444444,0.09679836136357876,0.012121212121212088,1.2122909613442447,4.673309300839239
ssvep_nakanishi,raw,456,1,0.07222222222222222,0.0695125095900772,-0.0121212121212122,1.2122909613442447,4.673309300839239
ssvep_nakanishi,raw,456,2,0.05555555555555555,0.050657499101219076,-0.030303030303030276,1.2122909613442447,4.673309300839239
ssvep_nakanishi,raw,789,0,0.09444444444444444,0.09962717798755137,0.012121212121212088,1.2122909613442447,4.673309300839239
ssvep_nakanishi,raw,789,1,0.08333333333333333,0.08119449324159468,0.0,1.2122909613442447,4.673309300839239
ssvep_nakanishi,raw,789,2,0.05555555555555555,0.04981546231546232,-0.030303030303030276,1.2122909613442447,4.673309300839239
ssvep_nakanishi,raw,2024,0,0.09444444444444444,0.09803889627370743,0.012121212121212088,1.2122909613442447,4.673309300839239
ssvep_nakanishi,raw,2024,1,0.06666666666666667,0.06339864809645876,-0.018181818181818077,1.2122909613442447,4.673309300839239
ssvep_nakanishi,raw,2024,2,0.03888888888888889,0.03422495308460221,-0.048484848484848575,1.2122909613442447,4.673309300839239
ssvep_nakanishi,downsample_64hz,42,0,0.12222222222222222,0.09949835406448294,0.042424242424242475,1.2461065635219681,19.59830488719316
ssvep_nakanishi,downsample_64hz,42,1,0.05,0.04932107108577697,-0.036363636363636376,1.2461065635219681,19.59830488719316
ssvep_nakanishi,downsample_64hz,42,2,0.1111111111111111,0.10909692855929413,0.030303030303030276,1.2461065635219681,19.59830488719316
ssvep_nakanishi,downsample_64hz,123,0,0.12222222222222222,0.10435112291631109,0.042424242424242475,1.2461065635219681,19.59830488719316
ssvep_nakanishi,downsample_64hz,123,1,0.05555555555555555,0.05031559355426834,-0.030303030303030276,1.2461065635219681,19.59830488719316
ssvep_nakanishi,downsample_64hz,123,2,0.1111111111111111,0.10754480557112135,0.030303030303030276,1.2461065635219681,19.59830488719316
ssvep_nakanishi,downsample_64hz,456,0,0.11666666666666667,0.0985465200612504,0.036363636363636376,1.2461065635219681,19.59830488719316
ssvep_nakanishi,downsample_64hz,456,1,0.044444444444444446,0.04372293876253946,-0.042424242424242475,1.2461065635219681,19.59830488719316
ssvep_nakanishi,downsample_64hz,456,2,0.1111111111111111,0.10127360331105621,0.030303030303030276,1.2461065635219681,19.59830488719316
ssvep_nakanishi,downsample_64hz,789,0,0.11666666666666667,0.0982168805890048,0.036363636363636376,1.2461065635219681,19.59830488719316
ssvep_nakanishi,downsample_64hz,789,1,0.05,0.048733642641205666,-0.036363636363636376,1.2461065635219681,19.59830488719316
ssvep_nakanishi,downsample_64hz,789,2,0.10555555555555556,0.09678236952173123,0.024242424242424288,1.2461065635219681,19.59830488719316
ssvep_nakanishi,downsample_64hz,2024,0,0.12777777777777777,0.10749006238897686,0.048484848484848464,1.2461065635219681,19.59830488719316
ssvep_nakanishi,downsample_64hz,2024,1,0.05,0.04317711644900585,-0.036363636363636376,1.2461065635219681,19.59830488719316
ssvep_nakanishi,downsample_64hz,2024,2,0.12222222222222222,0.12047765998396637,0.042424242424242475,1.2461065635219681,19.59830488719316
ssvep_nakanishi,envelope_8_30hz,42,0,0.1,0.0899429485055671,0.018181818181818188,1.1832673117448147,18.542405991836713
ssvep_nakanishi,envelope_8_30hz,42,1,0.1111111111111111,0.11077495592619609,0.030303030303030276,1.1832673117448147,18.542405991836713
ssvep_nakanishi,envelope_8_30hz,42,2,0.06111111111111111,0.042417256785072875,-0.024242424242424176,1.1832673117448147,18.542405991836713
ssvep_nakanishi,envelope_8_30hz,123,0,0.09444444444444444,0.08055675701922467,0.012121212121212088,1.1832673117448147,18.542405991836713
ssvep_nakanishi,envelope_8_30hz,123,1,0.10555555555555556,0.10530483340047574,0.0242424242424244,1.1832673117448147,18.542405991836713
ssvep_nakanishi,envelope_8_30hz,123,2,0.05,0.03620977626418554,-0.036363636363636376,1.1832673117448147,18.542405991836713
ssvep_nakanishi,envelope_8_30hz,456,0,0.09444444444444444,0.08470522573955436,0.012121212121212088,1.1832673117448147,18.542405991836713
ssvep_nakanishi,envelope_8_30hz,456,1,0.10555555555555556,0.10267974918836986,0.024242424242424288,1.1832673117448147,18.542405991836713
ssvep_nakanishi,envelope_8_30hz,456,2,0.044444444444444446,0.03130227001194743,-0.042424242424242475,1.1832673117448147,18.542405991836713
ssvep_nakanishi,envelope_8_30hz,789,0,0.09444444444444444,0.08327302447055492,0.012121212121212088,1.1832673117448147,18.542405991836713
ssvep_nakanishi,envelope_8_30hz,789,1,0.1111111111111111,0.11230337429204906,0.030303030303030276,1.1832673117448147,18.542405991836713
ssvep_nakanishi,envelope_8_30hz,789,2,0.06111111111111111,0.048581375386290905,-0.024242424242424176,1.1832673117448147,18.542405991836713
ssvep_nakanishi,envelope_8_30hz,2024,0,0.08333333333333333,0.07974836006103432,0.0,1.1832673117448147,18.542405991836713
ssvep_nakanishi,envelope_8_30hz,2024,1,0.10555555555555556,0.10512236808769992,0.024242424242424288,1.1832673117448147,18.542405991836713
ssvep_nakanishi,envelope_8_30hz,2024,2,0.044444444444444446,0.033327179592637944,-0.042424242424242475,1.1832673117448147,18.542405991836713
ssvep_nakanishi,spectral_500ms,42,0,0.11666666666666667,0.09892444706041198,0.036363636363636376,1.10421890507008,552.9435288676885
ssvep_nakanishi,spectral_500ms,42,1,0.10555555555555556,0.08027473150533862,0.024242424242424065,1.10421890507008,552.9435288676885
ssvep_nakanishi,spectral_500ms,42,2,0.06666666666666667,0.052150058917239846,-0.018181818181818077,1.10421890507008,552.9435288676885
ssvep_nakanishi,spectral_500ms,123,0,0.10555555555555556,0.09669924013919677,0.024242424242424288,1.10421890507008,552.9435288676885
ssvep_nakanishi,spectral_500ms,123,1,0.1111111111111111,0.0922820730546647,0.030303030303030276,1.10421890507008,552.9435288676885
ssvep_nakanishi,spectral_500ms,123,2,0.06666666666666667,0.046121449857082046,-0.018181818181818077,1.10421890507008,552.9435288676885
ssvep_nakanishi,spectral_500ms,456,0,0.1,0.09223042782478018,0.018181818181818188,1.10421890507008,552.9435288676885
ssvep_nakanishi,spectral_500ms,456,1,0.11666666666666667,0.0974488014935014,0.036363636363636376,1.10421890507008,552.9435288676885
ssvep_nakanishi,spectral_500ms,456,2,0.06666666666666667,0.05605822153422773,-0.018181818181818077,1.10421890507008,552.9435288676885
ssvep_nakanishi,spectral_500ms,789,0,0.11666666666666667,0.09989283721931423,0.036363636363636376,1.10421890507008,552.9435288676885
ssvep_nakanishi,spectral_500ms,789,1,0.1111111111111111,0.09229343162810905,0.030303030303030276,1.10421890507008,552.9435288676885
ssvep_nakanishi,spectral_500ms,789,2,0.06666666666666667,0.05527788901168001,-0.018181818181818077,1.10421890507008,552.9435288676885
ssvep_nakanishi,spectral_500ms,2024,0,0.1,0.09098642087256888,0.018181818181818188,1.10421890507008,552.9435288676885
ssvep_nakanishi,spectral_500ms,2024,1,0.10555555555555556,0.08160920844388585,0.024242424242424288,1.10421890507008,552.9435288676885
ssvep_nakanishi,spectral_500ms,2024,2,0.06666666666666667,0.0554259976412432,-0.018181818181818077,1.10421890507008,552.9435288676885
ssvep_nakanishi,delta_quant,42,0,0.06111111111111111,0.05348931663333286,-0.024242424242424176,1.0675498469310805,4.167051442384256
ssvep_nakanishi,delta_quant,42,1,0.08888888888888889,0.05006389212910951,0.0060606060606061,1.0675498469310805,4.167051442384256
ssvep_nakanishi,delta_quant,42,2,0.07222222222222222,0.05921573651105025,-0.0121212121212122,1.0675498469310805,4.167051442384256
ssvep_nakanishi,delta_quant,123,0,0.06666666666666667,0.06029583221656392,-0.018181818181818077,1.0675498469310805,4.167051442384256
ssvep_nakanishi,delta_quant,123,1,0.08333333333333333,0.042214185596538535,0.0,1.0675498469310805,4.167051442384256
ssvep_nakanishi,delta_quant,123,2,0.07777777777777778,0.07081191405930197,-0.0060606060606061,1.0675498469310805,4.167051442384256
ssvep_nakanishi,delta_quant,456,0,0.06111111111111111,0.054193662413482474,-0.024242424242424176,1.0675498469310805,4.167051442384256
ssvep_nakanishi,delta_quant,456,1,0.08333333333333333,0.044402356902356895,0.0,1.0675498469310805,4.167051442384256
ssvep_nakanishi,delta_quant,456,2,0.08888888888888889,0.08052342184437127,0.0060606060606061,1.0675498469310805,4.167051442384256
ssvep_nakanishi,delta_quant,789,0,0.06111111111111111,0.05869943135134433,-0.024242424242424176,1.0675498469310805,4.167051442384256
ssvep_nakanishi,delta_quant,789,1,0.08333333333333333,0.049294267701314176,0.0,1.0675498469310805,4.167051442384256
ssvep_nakanishi,delta_quant,789,2,0.07222222222222222,0.06386589364849383,-0.0121212121212122,1.0675498469310805,4.167051442384256
ssvep_nakanishi,delta_quant,2024,0,0.06111111111111111,0.056259318691260614,-0.024242424242424176,1.0675498469310805,4.167051442384256
ssvep_nakanishi,delta_quant,2024,1,0.07777777777777778,0.04083507488679903,-0.0060606060606061,1.0675498469310805,4.167051442384256
ssvep_nakanishi,delta_quant,2024,2,0.08333333333333333,0.07603565667015649,0.0,1.0675498469310805,4.167051442384256
ssvep_nakanishi,multiband_alpha_beta,42,0,0.07777777777777778,0.07245670995670996,-0.0060606060606061,1.223848418000178,4.843351084342096
ssvep_nakanishi,multiband_alpha_beta,42,1,0.08888888888888889,0.08337018774616374,0.0060606060606061,1.223848418000178,4.843351084342096
ssvep_nakanishi,multiband_alpha_beta,42,2,0.1,0.07882257770485826,0.018181818181818188,1.223848418000178,4.843351084342096
ssvep_nakanishi,multiband_alpha_beta,123,0,0.06666666666666667,0.06534888061183389,-0.018181818181818077,1.223848418000178,4.843351084342096
ssvep_nakanishi,multiband_alpha_beta,123,1,0.07777777777777778,0.06923816292427083,-0.006060606060606322,1.223848418000178,4.843351084342096
ssvep_nakanishi,multiband_alpha_beta,123,2,0.10555555555555556,0.07818530010750598,0.024242424242424288,1.223848418000178,4.843351084342096
ssvep_nakanishi,multiband_alpha_beta,456,0,0.07777777777777778,0.07234327182986224,-0.0060606060606061,1.223848418000178,4.843351084342096
ssvep_nakanishi,multiband_alpha_beta,456,1,0.08888888888888889,0.07922524860834845,0.0060606060606061,1.223848418000178,4.843351084342096
ssvep_nakanishi,multiband_alpha_beta,456,2,0.1,0.07341387158460329,0.018181818181818188,1.223848418000178,4.843351084342096
ssvep_nakanishi,multiband_alpha_beta,789,0,0.07777777777777778,0.07478464355657337,-0.0060606060606061,1.223848418000178,4.843351084342096
ssvep_nakanishi,multiband_alpha_beta,789,1,0.08333333333333333,0.07507177871148459,0.0,1.223848418000178,4.843351084342096
ssvep_nakanishi,multiband_alpha_beta,789,2,0.1,0.07526059922440152,0.018181818181818188,1.223848418000178,4.843351084342096
ssvep_nakanishi,multiband_alpha_beta,2024,0,0.06666666666666667,0.06346704146461239,-0.018181818181818077,1.223848418000178,4.843351084342096
ssvep_nakanishi,multiband_alpha_beta,2024,1,0.08333333333333333,0.07602856700411544,0.0,1.223848418000178,4.843351084342096
ssvep_nakanishi,multiband_alpha_beta,2024,2,0.08888888888888889,0.06556840090742781,0.0060606060606061,1.223848418000178,4.843351084342096
